No.;Time;Comment;Scramble;Date;P.1
1;19.93;;D' R2 U L2 U' R2 D B2 D F2 R' F2 U B' U2 L2 D2 R' F;2026-04-22 22:37:27;19.93
2;18.11;;F' R2 U' F2 R2 U' B2 F2 D' R2 U2 R2 D2 R B2 R' F' L F R U2;2026-04-22 22:38:33;18.11
3;13.64;;B2 L2 D' L2 D U L2 B2 U2 L B L2 B U2 L2 B D';2026-04-22 22:39:20;13.64
4;20.03;;D L2 F' L2 D2 B L2 F' L2 U2 L2 U2 B' L R U F L2 D' B U;2026-04-22 22:39:59;20.03
5;17.85;;U D R' B L' F' B2 D B2 D2 R2 B R2 F R2 D2 B' U2 F R2 U';2026-04-22 22:40:41;17.85
6;26.09;;L' D2 L2 F2 U2 L2 B2 D' R2 D F2 U R2 F' R2 D B U2 F2 U;2026-04-22 22:41:21;26.09
7;18.11;;U' L' F R2 D2 F U2 R2 D2 U2 B' L2 F D L' D' U' B2 D R' U2;2026-04-22 22:42:25;18.11
8;18.69;;R L2 B2 R2 B D2 F' L2 B D2 R2 B L2 D' F R' F D' R' U' B';2026-04-22 22:43:15;18.69
9;16.48;;U2 B' D F2 D' B' D F L' F2 L2 F2 U' R2 D L2 U' L2 U' L2 B2;2026-04-22 22:43:55;16.48
10;17.95;;D2 L2 B' L2 D2 L2 B' L2 B' R2 D B R U' F L' U R' B2 F';2026-04-22 22:44:48;17.95
11;24.69;;B R D R' D2 L D F2 D2 L2 B2 L2 B2 U2 R2 D2 R U2 F;2026-04-22 22:45:25;24.69
12;14.82;;L B2 U2 L2 U R2 B2 U' R2 U F2 D' R2 B R D2 B2 R' D L2 R;2026-04-22 22:46:34;14.82
13;14.05;;U' R' D2 B' F' U2 F' R2 D2 L2 F' L2 R2 U' L B R2 D' B2 L' R;2026-04-22 22:47:20;14.05
14;12.79;;B2 R' F D2 L2 D2 B' R2 D2 F' D2 R2 B2 D2 L' U' L2 R2 B R2 D';2026-04-22 22:47:58;12.79
15;20.72;;F' L2 B2 F2 L' U2 L R D2 F2 D2 B2 L U R' D' L' D L F U';2026-04-22 22:48:51;20.72
16;DNF(14.76);;B' D2 R2 B2 R2 B' D2 F D2 R2 B' F' L' U B2 F L' F2 U' L D;2026-04-22 22:49:55;14.76
17;38.86;;U B' L2 F' L2 D' R U' F' R2 B R2 L2 U2 B' L2 F D2 B R2;2026-04-22 22:52:12;38.86
18;12.18;;L F' R' B R2 U2 B' U' F2 R2 B2 U L2 D' L2 F2 U' D' L D2 F;2026-04-22 22:53:29;12.18
19;15.55;;D2 F2 L D2 L U2 B2 F2 R' B2 U2 L' F' D' F2 D2 B' U' R D2 B;2026-04-22 22:54:48;15.55
20;15.17;;U2 L2 U' F2 D' B2 L2 D' L2 U L U2 R2 B R D L' F D2 B;2026-04-22 22:55:30;15.17
21;17.08;;D' L2 U' F2 U' R2 B2 L2 U B2 L2 D B' D' F2 R2 U' F L R' F';2026-04-22 22:56:57;17.08
22;14.27;;R2 F2 R' B2 L' B2 L2 D2 R U2 R' D' L2 F R' U R2 F2 R2 B' F;2026-04-22 22:57:42;14.27
23;17.72;;B2 U F' D2 F D2 B L2 R2 U2 B' U2 F' L U2 R F R' D L2 B';2026-04-22 22:58:43;17.72
24;19.05;;B D2 U2 R' F2 D2 U2 R2 F2 D2 B' R F D U R2 F' U;2026-04-22 22:59:23;19.05
25;12.39;;D2 B2 D R2 B2 D B2 D' F2 U' R2 L' F R2 D L2 B2 D' B2 D2;2026-04-22 23:00:35;12.39
26;15.96;;B2 U2 L2 R2 U F2 U R2 U' L2 R' F R2 U2 R' D2 U L F' D2 U;2026-04-22 23:01:34;15.96
27;14.84;;F' R B2 U R2 F2 R2 F2 D2 B2 U2 F2 L' U' B' L' D' F2 U2 L2;2026-04-22 23:02:06;14.84
28;21.48;;F' U2 F2 U2 L2 F2 L2 U2 F L2 F' D R' F R2 B' D2 L' B2 F';2026-04-22 23:03:06;21.48
29;18.73;;U' F R2 B2 U' L2 U B2 F2 R2 U F2 U' B2 R' D' L' U R B R;2026-04-22 23:04:01;18.73
30;16.16;;F' U' L2 B2 L2 B2 U' R2 U L2 U R2 D2 R' U R2 B R2 B2 U2 R';2026-04-22 23:04:42;16.16
31;24.10;;D2 U' R2 F2 D L2 U' R2 U2 R2 L U B' L R' U' B D' B L;2026-04-22 23:05:19;24.10
32;17.68;;L' B' R U' R L D2 B' F2 L2 U B2 U L2 D2 B2 D B2 D F2;2026-04-22 23:06:08;17.68
33;17.38;;F2 R2 D' L' F' B2 D B D' R F2 B2 L' D2 R' U2 R2 F2 U2;2026-04-22 23:06:51;17.38
34;15.23;;D R2 L F' B R2 L F' B2 U' L2 B2 D B2 U' B2 D B2 D' L2 R;2026-04-22 23:07:39;15.23
35;20.96;;D' B2 U2 R2 D F2 D' F2 R2 U' F2 R2 L' F' L' B' R F L' R2 U;2026-04-22 23:09:12;20.96
36;21.27;;B2 R2 D2 B2 F R2 U2 B R2 D2 B D R' F R' D L U' B2 D' B';2026-04-22 23:09:58;21.27
37;17.58;;F2 D2 U F2 U' F2 R2 B2 L2 F2 U B2 F R' F2 R' U2 F D' L' B2;2026-04-22 23:10:47;17.58
38;12.91;;R2 U' L2 D' B2 L2 U F2 R2 B2 U' B2 F' D2 L F' D2 R D L2 D;2026-04-22 23:13:16;12.91
39;17.27;;F2 R B2 R2 U L2 R2 U' L2 D' L2 D F' R' D' L U2 B' R';2026-04-22 23:16:33;17.27
40;28.89;;U' L2 U' L2 D B2 F2 L2 U F L2 F2 R B L2 B2 F U L;2026-04-22 23:17:15;28.89
41;19.04;;L D B2 D' L2 B R F D' R2 F2 R2 F2 U2 L2 U B2 L2 D;2026-04-22 23:18:14;19.04
42;18.02;;F' D2 B2 R D2 R' D2 F2 L B2 L2 F2 U2 D' F' U2 R' B D B';2026-04-22 23:18:58;18.02
43;15.06;;F R' U' R2 U' B2 L2 D B2 D' F2 U B2 U' R B' F2 U2 L D U2;2026-04-22 23:19:37;15.06
44;16.08;;R2 U2 F' D2 R2 D2 R2 B U2 B2 U2 B D' F' R' B' D2 L' R B D;2026-04-22 23:20:15;16.08
45;14.62;;B D2 L2 D2 F D2 R2 B L2 F' D' B L R2 D' R' F2 L' F U';2026-04-22 23:20:50;14.62
46;15.73;;D2 L2 D2 B' L2 F' U2 F' U2 F' L B2 R2 D B2 R2 D B2 R';2026-04-22 23:21:24;15.73
47;13.33;;B2 R2 D R2 U' F2 U F2 U2 R2 B D L D' B R' F U L B';2026-04-22 23:22:08;13.33
48;13.79;;R' D' L' B D2 R B2 L' F2 B' U2 D2 F L2 F2 R2 D2 R2 B2 U;2026-04-22 23:22:43;13.79
49;13.63;;R2 F2 L D2 U2 L' U2 R B2 D2 L' B' R' D' F D L' R' U' R;2026-04-22 23:23:54;13.63
50;17.69;;F D2 L2 U2 F U2 B2 U2 L2 B' R2 L' B2 D' F2 D' R2 B' L F';2026-04-22 23:24:34;17.69
51;15.83;;U' R2 D2 F R2 D2 B' U2 R2 F2 R D' U B' R' D F2 D2;2026-04-22 23:25:22;15.83
52;14.92;;R' D R2 D' L2 F2 U' F2 D' U' L' U' F2 R2 B L2 U' L' D F;2026-04-22 23:25:57;14.92
53;17.48;;F2 D' B2 F2 L2 D2 B2 R2 D R2 B2 U' B D L D F L R2 D' U;2026-04-22 23:26:34;17.48
54;22.61;;D R2 L' D' R2 U' L' U2 B' D2 F2 L2 D' L2 U R2 D' R2 B2 D' R2;2026-04-22 23:27:30;22.61
55;15.42;;F' L F D2 B' L U F2 L R2 B' U2 B D2 R2 B R2 B R2 B2 R2;2026-04-22 23:28:19;15.42
56;17.80;;D2 R' F2 R2 B2 R' F2 U2 R' D2 R2 D2 F' U B F2 R' U' B2 U2;2026-04-22 23:28:57;17.80
57;22.87;;F' R2 B2 L2 U2 B D2 R2 F' D2 L B2 F L2 F U' B' L' F U';2026-04-22 23:29:41;22.87
58;13.88;;U2 L B2 R2 F2 U2 F' R2 U2 B R2 D2 F2 U L D B2 R2 B' R B2;2026-04-22 23:30:26;13.88
59;12.43;;R L F2 U L' F' L D' B D R2 F2 U' F2 U B2 D2 R2 F2 U';2026-04-22 23:31:05;12.43
60;15.39;;F' R F2 U2 F2 L2 D2 U' F2 D B2 U' L' R U F' D U' F D';2026-04-22 23:31:48;15.39
61;18.38;;R2 D' F2 L2 F2 L2 D' U' R2 U2 R' U2 F' L' R U2 B' F2 D;2026-04-22 23:32:31;18.38
62;15.35;;F2 L U' R2 U2 B' R' B U B2 D2 F2 U B2 U' R2 D B2 U2 L2;2026-04-22 23:33:25;15.35
63;14.16;;U2 R F2 L2 D' B2 R2 U2 L2 F2 D B2 D2 U2 B D' L' D B' L B';2026-04-22 23:34:21;14.16
64;18.94;;D2 B2 U2 B L2 D2 U2 B2 L2 U2 D' R U2 F' U' B D F L D2 U';2026-04-22 23:34:57;18.94
65;15.05;;U' L B D B U2 F U' L2 U L2 U' B2 U2 L2 B2 D' F2 U' L' F';2026-04-22 23:35:45;15.05
66;15.68;;L D' F' U2 R B U' F2 R2 D B2 U2 R2 F2 U' F2 L2 R' B;2026-04-22 23:36:24;15.68
67;17.29;;L2 F2 R2 D2 B2 D' B2 L2 F2 L2 U' R F' D' L' R D' L B2 L2 R';2026-04-22 23:37:09;17.29
68;14.27;;R F' B2 R2 L U F D' L' D2 F U2 B' D2 F' U2 D2 B2 R2 D2;2026-04-22 23:37:55;14.27
69;16.14;;D2 L U2 F2 D' F2 B' U F U2 L2 B L2 D2 L2 F2 L2 F' B2;2026-04-22 23:38:39;16.14
70;13.64;;R L' D' L2 B U2 F B2 U' B U2 F' R2 F2 B' U2 F2 U2 R2;2026-04-22 23:39:17;13.64
71;15.82;;F' R2 B L2 D2 B L2 F' D2 B2 U2 F' U L D R F U2 R' U' F2;2026-04-22 23:39:52;15.82
72;17.60;;D' F2 L2 R2 U2 L2 R2 U L2 D' B L2 F' U' B' U2 L2 R' U' F;2026-04-22 23:40:32;17.60
73;19.26;;F' L2 U2 F2 R2 B2 L' B2 L D2 U2 R2 D' L' F' U2 L' R2 U' B' F2;2026-04-22 23:41:07;19.26
74;15.35;;F2 B R2 D F D2 L' F2 U2 F' D2 R2 B' L2 F R2 D2 L2 F2 D L';2026-04-22 23:41:50;15.35
75;16.28;;L2 B' L2 B L2 B' U2 L2 B D2 B' R D' L2 B' L2 R2 U2 R' F2;2026-04-22 23:42:31;16.28
76;14.62;;R2 U2 B2 F2 U' F2 D' B2 L2 F2 U F2 L' B' R2 U2 F2 R' F' D';2026-04-22 23:43:37;14.62
77;15.92+;;L2 U' R2 U F2 D' U' R2 U B2 R2 B2 L' D B L' B' F' L F2 L;2026-04-22 23:44:16;13.92
78;14.42;;D' R2 F' R U2 R2 U B R' F2 D F2 R2 U' L2 F2 U' F2 R2;2026-04-22 23:45:19;14.42
79;15.39;;L D' R2 U2 F' L' B U' L' U2 L2 D' F2 L2 F2 U' L2 U' F2 U2;2026-04-22 23:46:05;15.39
80;17.24;;U L D' L' U2 B R2 D R2 F2 B2 L D2 L' F2 B2 L' F2 R2 D2 U;2026-04-22 23:46:44;17.24
81;17.59;;R' D L' F2 B U' R F2 L2 B' U2 F' L2 F2 L2 U2 R2 B2 D2 U' R;2026-04-22 23:47:28;17.59
82;17.52;;L' F L' B2 R' F2 L' D2 F2 L B2 U2 R' U' F D R D R' B';2026-04-22 23:48:14;17.52
83;17.87;;R' U' L' B' U2 F D R U2 B2 R F2 L' B2 U2 L' U;2026-04-22 23:49:17;17.87
84;15.33;;R L F' D2 F' R' F2 U' F2 B2 R2 U2 B D2 R2 U2 F' L2 U';2026-04-22 23:49:52;15.33
85;17.86;;B' L2 D' B2 R2 B2 L2 U F2 R2 D R B' D U B2 L U2 L' R';2026-04-22 23:50:37;17.86
86;13.17;;D' L2 R2 D2 R2 D B2 D F2 U2 R F2 L' F' U' L' D L' B' U2;2026-04-22 23:51:19;13.17
87;12.45+;;F2 U2 F R2 D2 B D2 L2 F U2 F D F D B F2 D2 L' D' F2;2026-04-22 23:52:06;10.45
88;12.91;;L' U B R U2 B' L2 U R2 B2 D2 R2 B2 D F2 U F2 L;2026-04-22 23:54:13;12.91
89;14.46;;U2 R' D2 F2 D2 F2 L' F2 L2 F2 R2 U' F' D2 B R' B D F' L2;2026-04-22 23:55:14;14.46
90;13.81;;R' U2 B U2 R U B D R2 U L2 B2 U2 D' B2 R2 F2 L2 D2;2026-04-22 23:56:03;13.81
91;19.62;;U L F' U L2 F2 D2 B2 U B2 R2 U2 B2 L B' L2 R D2 B2;2026-04-22 23:57:52;19.62
92;15.81;;D2 B' D B2 R2 B2 R2 D' L2 B2 U B2 L D' U L' R F';2026-04-22 23:58:44;15.81
93;16.17;;R2 F2 L2 U2 R2 D B2 F2 D F2 U' L' U R D2 B2 D F U L;2026-04-22 23:59:29;16.17
94;13.80;;B2 R2 U2 F2 L2 U' F2 D' R2 B2 U2 F U2 B D2 L' U2 B' R2 U' F';2026-04-23 00:00:06;13.80
95;19.47;;R U2 L2 D' R2 F2 R2 D B2 U F2 R2 B R2 U' L' B2 F' R B;2026-04-23 00:00:48;19.47
96;14.64;;R2 F U2 B U2 F2 R2 F2 R2 F R2 F2 L' D2 U B' D L2 R D2 B2;2026-04-23 00:01:32;14.64
97;16.15;;L2 D' L2 F2 D L2 U' R2 U' R2 F D' R D2 B L2 F D2 U R';2026-04-23 00:02:09;16.15
98;20.24;;L2 F2 R2 U L2 U B2 L2 D B2 L2 D F' U' R D2 F D' L R2 B;2026-04-23 00:02:41;20.24
99;17.40;;F' B2 U2 B' D' R' U' D2 F' D2 F B L2 D2 L2 B' R U;2026-04-23 00:03:55;17.40
100;15.98;;F2 U L2 R2 U' F2 U' B2 R2 U B2 F' U' R D2 L' D L F' U B2;2026-04-23 00:04:34;15.98
101;18.57;;D2 R2 D2 U2 F U2 F D2 L2 R2 B' L B' L2 U2 B' D L' R B;2026-04-23 00:05:10;18.57
102;13.79;;R2 B2 R F2 L' U2 R D2 L F2 U F' U R2 U' R D B' F' U';2026-04-23 00:05:53;13.79
103;15.54;;B D2 L2 D2 B R2 B F R2 F' R' D F' L' D2 R2 D U B' F2;2026-04-23 00:06:30;15.54
104;17.52;;D' B' U2 R2 B2 U2 R2 F R2 B2 F' L F' L2 B' F D L' B';2026-04-23 00:07:08;17.52
105;13.24;;L2 D' F2 L2 D' B2 D' F2 L2 U2 F2 R' D2 L B U' F U R' F';2026-04-23 00:08:11;13.24
106;21.60;;F2 R2 D2 L R2 F2 D2 R D2 R U2 R2 F L' F2 D U B U F2 U';2026-04-23 00:08:48;21.60
107;14.56;;F2 D L2 B2 U' B2 R2 D' L2 U2 B2 F2 L U' B2 D2 L D' B' U2 R2;2026-04-23 00:09:32;14.56
108;16.18;;D2 R' D2 U2 R' B2 R' U2 R U2 L D' R' U B2 R2 B' L R2 B2;2026-04-23 00:10:10;16.18
109;23.72;;R2 B2 U' F2 D' L2 D2 B2 F2 D' R' D2 B' D' F L B2 R U' L';2026-04-23 00:10:48;23.72
110;12.61;;F L U L2 D2 R2 F2 D' B2 U2 L2 R2 U F D B' F' L U F2;2026-04-23 00:11:27;12.61
111;12.79;;B' L' U R2 U' B2 U F2 D2 R2 D' L2 B F R2 U' R D' R;2026-04-23 00:12:01;12.79
112;13.99;;L D F L2 U2 F L2 B2 D2 L2 U2 F L2 R B U' R B' L' B2;2026-04-23 00:12:32;13.99
113;13.45;;D L2 U' F2 L' D2 F' D2 R2 F2 U L2 F2 D F2 R2 U D R B' U2;2026-04-23 00:13:12;13.45
114;16.64;;F2 L2 F L2 B' L2 F D2 F2 L2 D2 U B L2 R' D B2 U2 B R';2026-04-23 00:14:04;16.64
115;15.71;;L2 D2 B2 R2 U2 B2 U2 F2 U' B' D R D' U' L' D U2 B L' D2;2026-04-23 00:14:54;15.71
116;15.86;;L2 B L' F2 U F2 L2 U' R2 D R2 U L2 R F D F2 L2 R2 D;2026-04-23 00:15:37;15.86
117;20.15;;B2 L2 D2 L D2 B2 R D2 L B2 R2 D' U' B D' R2 B2 R B' R';2026-04-23 00:16:13;20.15
118;DNF(14.77);;B' D' B2 D' L2 D L2 B2 L2 D' F2 D' F' L' D B' F' U2 L' F;2026-04-23 00:16:51;14.77
119;17.42;;D L B2 U B D2 B D2 R' F' B2 D F2 D2 B2 L2 D' L2 D' L2 D';2026-04-23 00:17:38;17.42
120;13.03;;D F' D2 U2 R' U2 B2 F2 L U2 L2 B2 D2 R B U2 R U2 B U F;2026-04-23 00:18:25;13.03
121;17.10;;D2 B2 D R2 U' R2 F2 U' F2 R2 U' F2 R' F U B' R' D' F L' U';2026-04-23 00:18:58;17.10
122;15.60;;U R' U2 F' D F' D2 L B' R L2 U2 L' F2 D2 R U2 F2 R;2026-04-23 00:19:39;15.60
123;13.07;;U' B R U' L' F U R2 B' U F2 U L2 U2 R2 D F2 R2 F2 L2 D';2026-04-23 00:20:13;13.07
124;15.00;;L' B' D' L2 F' L' U' B' U2 R F2 R' F2 L B2 U2 R F2 L2 U2 B';2026-04-23 00:20:45;15.00
125;16.89;;F' U' R' U' B' U D2 L U D2 R2 B' U2 B L2 F' R2 B L2 B';2026-04-23 00:21:33;16.89
126;11.68;;B2 U2 F2 U B2 R2 U F2 L F' U' L' U L2 D2 U L2 B';2026-04-23 00:22:06;11.68
127;16.02;;D B2 F2 U2 R' F2 D2 L2 D2 L B2 L' B2 D L2 B D' F D2 F;2026-04-23 00:23:17;16.02
128;13.42;;B U2 B R2 B D2 B U2 L2 F' R2 F' D' R' F D2 R' D L U B;2026-04-23 00:23:59;13.42
129;17.20;;B' U B L' B U2 D' F' R2 B U2 R2 D2 B2 U2 D2 B' U L';2026-04-23 00:24:40;17.20
130;17.71;;L2 R2 D' B2 L2 D2 L2 D' F2 U' B2 D F' D2 F2 L' U' F D' U2 R2;2026-04-23 00:25:24;17.71
131;14.88;;U2 F2 D' L2 B2 U2 F2 D' L2 F L2 F' D2 L' D R' D B R2;2026-04-23 00:26:04;14.88
132;14.42;;B L2 R2 B2 L2 D' F2 D R2 D' F2 D2 B2 F' D2 L F' R2 B' U' R;2026-04-23 00:26:48;14.42
133;16.76;;B2 D' F2 L2 D' U2 B2 U B2 F' L' R2 F L2 B U R2 U' R';2026-04-23 00:27:16;16.76
134;9.53;pb;B R' D' R2 U2 L2 D B2 U B2 R2 D R2 L' U2 B R2 B' F' R2 U2;2026-04-23 00:28:24;9.53
135;15.01;;B2 D2 B2 D' F2 U2 B2 F2 U' R2 D F2 L F' L' B' U' B2 F D;2026-04-23 00:40:09;15.01
136;15.38;;R2 B2 F2 R2 D' L2 D' R2 D' R2 U B2 F' D F2 R' D' B2 R2 B U;2026-04-23 00:41:10;15.38
137;15.85;;D L' F2 U2 F U' R U F2 R2 U2 R2 L D2 L2 F2 U2 F2 D2 F2;2026-04-23 00:41:50;15.85
138;13.52;;F2 U2 F2 R F2 R' U2 L' R2 B2 L2 F D U' L B' U' F2 D' R;2026-04-23 00:42:30;13.52
139;14.99;;F2 R' L U' R2 L D F L' B2 R' L' U2 R' F2 B2 L' F2 L F;2026-04-23 00:43:06;14.99
140;11.78;;F2 R' B' R2 D' F2 U2 R D2 B2 U2 R2 F B2 L2 B D2 R2 B' R';2026-04-23 00:43:40;11.78
141;13.62;;U2 F2 R2 D2 L2 D B2 D L2 B2 U2 B2 R' D F' L' D2 L' R' F' R;2026-04-23 00:44:14;13.62
142;15.44;;U F' L U L D' R B R2 B U2 F' U2 D2 R2 F2 R2 L2 D' L2;2026-04-23 00:44:49;15.44
143;18.87;;F2 D2 U R2 D' R2 B2 U' B2 L2 B U' L F' R B2 D R2 F U;2026-04-23 00:45:33;18.87
144;12.55;;R F B2 L U R' D2 F' B2 R B2 R2 U2 F2 R' D2 F2 L D2 U' R';2026-04-23 00:46:28;12.55
145;20.69;;L2 F D2 B2 L2 R2 D2 U2 B' L2 B2 F U L2 F' D2 F' L R2 F2;2026-04-23 00:47:11;20.69
146;21.28;;R U' R2 U2 B2 R U2 R' D2 R F2 L2 D2 B' F' U' R F' R B;2026-04-23 00:47:59;21.28
147;14.42;;F D2 R F' D R F' L U F2 R2 U2 R2 L2 U' B2 D R2 F2 D' L;2026-04-23 00:49:09;14.42
148;15.81;;U' F2 D' B2 F2 R2 B2 U' R2 U F2 R B D2 F' U' R2 B' L' F;2026-04-23 00:49:43;15.81
149;12.70;;F' L2 F U2 F' D2 R2 F D2 F R2 U' R2 F' L R2 U2 R' F' D';2026-04-23 00:50:15;12.70
150;18.50;;L' U' F U2 B L2 F' D2 B' L2 D2 F2 D2 L' B R' U' R' F L' R;2026-04-23 00:50:53;18.50
151;12.25;;R' L2 B U2 F U R L' U R U2 F2 R' F2 L D2 L2 D2 F2 D2;2026-04-23 00:52:14;12.25
152;12.82;;D' F2 U' R2 B2 L2 R2 U L2 U2 F2 U' F R2 F' L' F' U' L2 D' R;2026-04-23 00:52:54;12.82
153;13.35;;B D L B2 U2 L' D2 F2 D' L' U B' L R B F2;2026-04-23 00:53:55;13.35
154;14.87;;U' R' U' B2 L' F U B' U2 B F2 R2 D2 F2 D2 L' B2 L2 D2 L';2026-04-23 00:55:44;14.87
155;29.46;;F2 L2 D B2 D2 U' R2 U' L2 B2 D F R D' L U B D2 R' F' L2;2026-04-23 00:56:24;29.46
156;15.08;;F D' R2 D2 B2 U2 B U2 L2 F' R2 B D2 R2 D' U R F' D2 R D';2026-04-23 00:57:23;15.08
157;14.99;;L2 D L2 R2 U2 L2 U' F2 D U2 B' U' F2 D2 B' U2 R F' L' U2;2026-04-23 00:57:59;14.99
158;13.04;;F R' D' L' F2 L B2 D U2 F2 L2 F' D2 B' L2 B R2 F U2 B2;2026-04-23 00:58:41;13.04
159;14.59;;F' D' B2 D' F2 D B2 L2 U' B2 U R2 D2 B U' B2 L2 R U' B' L2;2026-04-23 00:59:15;14.59
160;13.17;;B' D R2 D2 B D2 B' U2 B2 D2 F' R D R' B R' F' L' R;2026-04-23 00:59:48;13.17
161;17.60;;L D2 L' B2 F2 U2 L D2 R D2 L U R2 F R D2 L' D R U';2026-04-23 01:01:23;17.60
162;16.37;;F D2 L2 D2 L2 F2 U2 F' R2 U2 F R2 U' L' R' F2 U' B' L' U2 R';2026-04-23 01:02:05;16.37
163;16.27;;U2 L U R2 F B2 R2 U2 R U2 L2 U L2 D2 R2 F2 D' F2 B2 L2 U;2026-04-23 01:02:49;16.27
164;15.22;;B' D' B' R F' L2 B D U2 F R2 F' R2 F U2 F D2 F' D2 R2 D';2026-04-23 01:03:29;15.22
165;15.26;;B R2 B' U2 L2 F L2 F' D2 F R B D F' D2 B L2 B2 D';2026-04-23 01:04:08;15.26
166;16.45;;F L' F2 D' R' F' R U F2 R2 D2 R2 B2 U2 D' L2 F2 B2 L' F2;2026-04-23 01:05:21;16.45
167;20.29;;D2 R2 F2 U' F2 D2 F2 R2 U F2 L2 U' B' R D2 L D' F' D' B R';2026-04-23 01:06:25;20.29
168;12.52;;B2 F2 D U2 L2 F2 D' L2 B2 D2 L2 F' L B2 U2 R' U F L B2 F';2026-04-23 01:07:24;12.52
169;14.92;;U B2 D R2 D' R2 B2 U' L2 U F2 L' F L U2 R' B' L D L2 R';2026-04-23 01:08:02;14.92
170;18.91;;B D B2 U2 R2 U' R2 D R2 U' B2 R2 U F L D R U' B' U2 F2;2026-04-23 01:08:41;18.91
171;14.37;;U2 F2 D2 L2 F R2 D2 B U2 B' U' L2 D' U2 F D' B2 L' F';2026-04-23 01:09:35;14.37
172;13.98;;D B2 D F' U2 L2 B' R U2 L B2 U2 D2 L U2 L' D2 R L B;2026-04-23 01:10:07;13.98
173;25.55;;D' U2 L2 F2 D2 R' U2 R2 B2 R' F2 D2 R' D' B' U' R F2 R D2 R;2026-04-23 01:10:51;25.55
174;12.78;;F B L F2 B' L2 D2 B' R B2 R2 U2 D R2 U' R2 L2 B2 U2;2026-04-23 01:11:40;12.78
175;15.72;;F2 D2 R' U F D2 F' L B2 L2 U' L2 U L2 U' F2 U R2 F2 L2;2026-04-23 01:12:48;15.72
176;13.23;;R2 D F2 U R2 B2 D2 B2 D' U2 B2 R' U' L B2 F L2 U B2 D';2026-04-23 01:13:33;13.23
177;13.98;;R' U2 R2 U R2 F2 U L2 U' F2 L2 F2 U' R B' D2 R' F2 D2 L B;2026-04-23 01:14:11;13.98
178;DNF(13.53);;L' F2 D2 R' U2 F2 D2 B2 L2 R F2 D' R' U F' L' R' U' F2 L';2026-04-23 01:14:55;13.53
179;28.95;;L B2 L2 D2 R2 F2 D2 F2 U' F2 U B' D' F2 L F U2 B L2 U';2026-04-23 01:15:43;28.95
180;12.30;;U2 R2 U' L2 B2 D L2 D2 L2 B2 U R F U2 L B2 U' L' D R2 B;2026-04-23 01:17:44;12.30
181;17.71+;;F2 D B2 L2 U B2 F2 R2 U' B2 U R2 F U2 R B2 F2 D' F R';2026-04-23 01:18:25;15.71
182;18.13;;B2 F2 R' U2 B2 R2 D2 R D2 R F2 L B' L R2 B2 D' L D' U R;2026-04-23 01:19:09;18.13
183;16.69;;U2 F2 U2 F' L2 B D2 U2 L2 U2 B L2 U B2 L U' L B L U';2026-04-23 01:19:58;16.69
184;11.64;;F D2 L U2 L U2 L F2 R U2 F2 L' B L' R D U B' R2;2026-04-23 01:20:41;11.64
185;11.13;;D2 U2 B' D2 F' L2 R2 B' R2 F D2 B L' F' U R2 B' F2 U L' R';2026-04-23 01:22:25;11.13
186;21.08;;B D F L' F2 D R' F' U' R2 D' B2 R2 D B2 U2 F2 L2 U' R';2026-04-23 01:23:19;21.08
187;15.55;;B2 D2 B2 R U2 L' F2 U2 B2 L' D' L' D L2 U F' D B2 L U;2026-04-23 01:24:05;15.55
188;13.70;;R' U' D2 R2 F2 L' D2 L' F2 R' F2 R' B2 U F' D L B U2 B';2026-04-23 01:24:40;13.70
189;17.03+;;D B L2 R2 F D2 B' R2 F L2 U2 R2 D2 R' B' D' U L B L2 D';2026-04-23 01:25:47;15.03
190;12.05;;U R F R2 F' D2 L2 F2 D2 L R U' L' D R' B F;2026-04-23 01:26:30;12.05
191;15.00;;F2 R2 B' U2 F L2 F' L2 R2 F' U2 L U2 L2 D' U F L2 R D2 B;2026-04-23 01:27:02;15.00
192;13.79;;B D2 U2 B' D2 F' U2 L2 F' L2 D' B F' U2 R' D2 B2 U L R';2026-04-23 01:27:48;13.79
193;14.77;;B' F2 L2 D' R2 D' F2 D' R2 D' F2 L' R' U L2 F' D F U B;2026-04-23 01:28:27;14.77
194;17.90;;U' B2 D2 F2 L2 R2 D2 U' L2 U' L R B L2 D U' B' D R2 U2;2026-04-23 01:29:04;17.90
195;22.33;;D' L2 U2 L2 B2 U' L2 U B2 F2 L F2 L2 F' R B' L2 D' B2 U';2026-04-23 01:29:45;22.33
196;14.78;;R B2 U' R2 D R2 U' B2 U R2 D L D B2 R B U B2 L2 B;2026-04-23 01:30:29;14.78
197;15.08;;D U2 F' D2 B2 F' D2 F D2 L2 D2 L' U' B D' U' R U L';2026-04-23 01:31:15;15.08
198;16.81;;L U L' U' D2 R D2 F U B2 D' L2 F2 U F2 D' B2 D2 L2 B;2026-04-23 01:32:03;16.81
199;15.97;;F2 R U D2 L' B R F R' U' B2 D' L2 U R2 U2 B2 L2 B2;2026-04-23 01:32:37;15.97
200;13.64;;D F' D2 F2 R2 U2 F' L2 B' U2 L2 R D F L2 R' B' R2;2026-04-23 01:33:23;13.64
201;13.92;;U' R B U2 B F2 U2 B U2 R2 F2 D2 R2 U F U2 L' B' L' F;2026-04-23 01:33:57;13.92
202;14.92;;R' U' L2 F2 R2 B U2 B F' D2 B2 U2 L' U' L' B' D F2 D' L';2026-04-23 01:34:33;14.92
203;21.31;;B2 D' L2 D2 R2 B2 L2 F2 D' L2 U2 L U R' U2 B U2 L F' D F';2026-04-23 01:35:15;21.31
204;15.22;;B' L2 B' R2 D2 B' R2 F U2 L2 B2 U L B' U R' D' R' D2 B' U;2026-04-23 01:35:58;15.22
205;24.03;;D2 R' U' L F2 L' R' B2 D2 B2 U2 F2 R' B2 U' B' R2 D U L F;2026-04-23 01:36:38;24.03
206;24.48;;R F2 B2 D L2 F L' D' F' B L2 F L2 D2 R2 F L2 F' D';2026-04-23 01:37:31;24.48
207;12.36;;U D L2 D R' U2 F' B2 L' U F2 R2 F2 U' F2 B2 U2 L2 F2 U2;2026-04-23 01:38:31;12.36
208;14.23;;F2 L B' D R2 D F2 L' D' B R2 L2 F' L2 B' L2 F2 U2 B U2 F2;2026-04-23 01:39:17;14.23
209;13.13;;L2 F' D2 R2 B' U2 L2 F2 U2 F R2 D F' D' F2 U R D R' D2;2026-04-23 01:39:57;13.13
210;12.91;;F2 U L2 B2 L2 R2 F2 D F2 D2 U R' U' F' D' B F' R' B2 U2 F';2026-04-23 01:40:48;12.91
211;13.62;;R F' R B2 L2 B2 L2 F2 U2 B2 D2 R B2 R' F' D' F2 D F2 R2 U';2026-04-23 01:41:48;13.62
212;23.35;;B D2 B' U2 F' L2 D2 L2 F2 L2 F' L2 D' F' L D' U R F' U F;2026-04-23 01:42:43;23.35
213;14.67;;D2 F2 D' B2 D' F2 D R2 B2 U R2 B R B D2 B L' U' B F D';2026-04-23 01:43:29;14.67
214;20.34;;L U B R U F2 U' R2 F R2 D2 L2 U2 L2 F' B2 L2 F' U2 L';2026-04-23 01:44:00;20.34
215;15.17;;B2 D' L R2 U L2 U2 L2 U' B2 U' F2 U' R2 L B L D R' F' D2;2026-04-23 01:45:06;15.17
216;19.74;;L F B U F2 R D' R2 L2 B D2 B2 L2 D2 F2 L2 D2 F' R' F2;2026-04-23 01:45:43;19.74
217;13.83;;B' U2 R2 U' L U2 L F2 R2 B' D2 F' D2 F2 R2 B R2 F2 U L2;2026-04-23 01:46:23;13.83
218;12.96;;L U R2 L2 F B2 U' B2 D' R2 U2 L U2 L2 F2 R' D2 F2 D2 F2 R;2026-04-23 01:46:55;12.96
219;16.69;;U2 B2 L' U2 L B2 L2 D2 R' U2 F2 U F D F D B' F2 D2 L;2026-04-23 01:47:36;16.69
220;12.70;;D2 R2 D L2 B2 U2 B2 U' R2 F2 U' B' U' R2 U B' L D' L' U2;2026-04-23 01:48:19;12.70
221;12.75;;D L' R2 F2 R2 D2 B U2 F R2 F' D2 U2 F D' F' D' L' B2 U' R';2026-04-23 01:48:55;12.75
222;14.13;;R' B2 U F2 D' R2 F2 L2 B2 U' L2 D2 L B' D U2 B' F' R U' B;2026-04-23 01:50:14;14.13
223;17.89;;D' B2 L' U2 R2 B2 L B2 R' U2 R' B2 L' F D U2 L2 B2 U R;2026-04-23 01:51:06;17.89
224;16.17;;U L2 F2 D2 B2 R2 F2 D B2 L2 D R F' R D' R' B2 D' F' R D;2026-04-23 01:51:41;16.17
225;16.54;;D L' B' U B' U2 B' U' F2 B2 D F2 U2 R2 L2 D L2 B2 U2 B' R';2026-04-23 01:52:22;16.54
226;12.76;;F U' B2 L' D2 R' B2 D2 L2 F2 U2 L' F2 U2 F' D B' U2 L F2;2026-04-23 01:52:56;12.76
227;13.86;;U' L' B2 F2 L2 D2 R2 D' F2 U2 L2 U' R' B U R2 B' L B';2026-04-23 01:53:55;13.86
228;14.74;;U F2 B2 D' B D F2 L' U R2 B2 R L D2 L' U2 D2 L' F2 R';2026-04-23 01:54:32;14.74
229;13.35;;L F U' L2 F U2 R' B' R2 B2 L2 F2 R2 U2 F2 U R2 L2 U2;2026-04-23 01:55:10;13.35
230;14.31;;F' R L D F2 B D2 R2 D B U' R2 F2 R2 U R2 D B2 U B2 U';2026-04-23 01:55:42;14.31
231;14.26;;B2 D2 B D2 F L2 U2 B L2 B D2 F2 D' L U F' R' D L2 F' R;2026-04-23 01:56:24;14.26
232;14.00;;B2 L' F2 U2 L' D2 B2 U2 R F2 R D' F D2 U2 R2 B L U R';2026-04-23 01:57:21;14.00
233;13.17;;B2 U' F2 U L2 R2 B2 U2 R2 D2 U' F' L2 F' L2 R U2 F2 R' U';2026-04-23 01:58:01;13.17
234;14.43;;L F D2 B L2 F U2 F D2 F2 D2 L2 D2 U' R' B' D L' B F;2026-04-23 01:58:43;14.43
235;19.30;;D' U' B2 F2 R2 U B2 U2 L2 R2 B R' B2 L F' D' B' F' L2 U;2026-04-23 01:59:21;19.30
236;15.42;;U2 L D2 F2 U2 R' U2 L' R' B2 L' B' D F2 R F' D R' D U;2026-04-23 02:00:34;15.42
237;12.91;;U2 L2 F U2 B' U2 L2 R2 B U2 R2 F2 R' D L R F L B2 F' U2;2026-04-23 02:01:06;12.91
238;11.98;;F' U' R L F' D2 R2 D' R D B2 U' L2 B2 U L2 U L2 U' R2;2026-04-23 02:01:43;11.98
239;15.22+;;U' F2 L2 U' R' F R F' R2 D' L2 U' R2 F2 R2 D2 R2 U R' F;2026-04-23 02:02:25;13.22
240;14.56;;U2 F2 B U' R' L2 F D F2 D2 F2 R' U2 R' F2 R' L2 B2 L2 D2;2026-04-23 02:03:02;14.56
241;12.93;;L' F' L2 U2 D R F D R' L2 B' R2 L2 B2 R2 B D2 L2 D2 B;2026-04-23 02:03:42;12.93
242;18.86+;;L' B2 U2 F L2 B2 D2 B' U2 L2 F2 L2 B D' R' B U' F' L2 D R;2026-04-23 02:04:36;16.86
243;13.57;;R2 F2 D2 F2 U' B2 U2 L2 D B2 R2 U2 F' L R U L2 D2 F U2 B;2026-04-23 02:05:30;13.57
244;18.03+;;F L U R D2 R2 U' L D' L2 U2 F L2 U2 D2 F' B2 U2 B';2026-04-23 02:06:02;16.03
245;14.65;;B' U' F2 D' F D2 B L B' U2 F2 B2 R2 B2 R2 U' L2 F2 U B2 U';2026-04-23 02:07:02;14.65
246;12.15;;R F' U2 D' L' F B2 R F D2 F2 D2 B2 D R2 F2 R2 U L2 B2 D;2026-04-23 02:07:33;12.15
247;12.63;;D' F D U2 B2 D B2 F2 L2 D' F2 U' L2 B2 L B' D F' U2 L' D;2026-04-23 02:08:11;12.63
248;14.47;;F R' B2 L2 U2 F2 D' R2 D B2 R2 U' R U2 R F D2 F' R2;2026-04-23 02:08:40;14.47
249;15.27;;B' R' B2 L' U' D B' U' D' F2 U R2 U B2 L2 D R' U;2026-04-23 02:09:15;15.27
250;17.63;;F D L2 F B2 D L' F' R2 U L2 D2 L2 F2 U' D2 F2 U2 L2 F2;2026-04-23 02:09:49;17.63
251;15.95;;F R2 U B2 R2 U R2 U2 B2 R2 B2 D F' D' L F' L' F R' U';2026-04-23 02:10:38;15.95
252;11.89;;F2 U' F2 U2 R2 D' L2 B2 U' R2 B' L' F' L2 B2 F2 U F D B;2026-04-23 02:11:20;11.89
253;22.07;;D2 B R' D' F R' U' L D L2 B2 L2 F R2 F' L2 D2 F' R2 F;2026-04-23 02:12:04;22.07
254;18.34;;F' U B2 U' R2 B2 D2 F2 U' L2 U' F2 L' D F' D R' U2 L F2;2026-04-23 02:13:00;18.34
255;13.57;;D2 F2 L' D B L' D2 B L B2 D' F2 U R2 L2 U F2 D2 F2 U' B2;2026-04-23 02:13:43;13.57
256;12.50;;L B F2 D2 L' U2 F2 L2 F2 R' D2 R2 B2 D' F' R' F L2 R2;2026-04-23 02:14:24;12.50
257;13.93;;F' D L2 B2 D B2 U F2 L2 F2 R2 L' F R B' D L2 F2 R2 F2;2026-04-23 02:15:14;13.93
258;13.32;;B L' U2 R' U2 R D2 L' B2 D2 R D' R' F' L2 F D2 L2 R2;2026-04-23 02:15:45;13.32
259;16.11;;F' L F2 R2 D R2 D R2 F2 U2 F2 D2 F2 L2 R' F' D' U L2 R D2;2026-04-23 02:16:19;16.11
260;14.71;;U F D2 R2 F2 R2 F R2 F D2 R2 U2 F2 L B' F' D L B2 U' L;2026-04-23 02:16:53;14.71
261;17.14;;U2 D R' D2 F2 U' F U2 R B2 D2 L B2 R2 F2 D2 R' U2 B2 D B';2026-04-23 02:17:33;17.14
262;DNF(19.14);;U2 L' D2 F2 L2 B2 R D2 F2 D2 R' B2 D' L F' R' D2 R2 U B L';2026-04-23 02:18:13;19.14
263;13.87;;U B2 R2 B U2 R' D2 B2 U R2 U2 L U2 R2 B2 R D2 L D2 B2;2026-04-23 02:18:56;13.87
264;14.58;;U2 B' F2 D' L2 R2 D L2 D' R2 F2 R2 U2 L' D' F' R' B F L D;2026-04-23 02:19:27;14.58
265;14.37;;L2 B R2 B2 D2 L2 F L2 F' R2 D2 U2 L' B L B L U L' R2;2026-04-23 02:20:01;14.37
266;18.27;;F2 D' F2 R2 U2 B2 D' L2 U B2 F2 U F L' F D2 F U F L B;2026-04-23 02:20:38;18.27
267;18.38;;B' D' F R' D' B2 L U2 L2 F' R2 B' U2 R2 U2 L2 B2 U F;2026-04-23 02:21:23;18.38
268;13.94;;D2 F' U2 F2 U2 L2 R2 F L2 F L2 B' U B U L F2 R B;2026-04-23 02:21:57;13.94
269;17.22;;F2 D2 F' R L2 U B' F2 R F2 L' F2 D2 R U2 R L2 F2 R2 U F;2026-04-23 02:22:34;17.22
270;15.67;;L' D2 B L2 F L2 F2 R2 F2 D' U B' R2 U L B R B2;2026-04-23 02:23:12;15.67
271;13.27;;R2 L F' U L F D F' R2 U F2 U2 F2 U' F2 L2 F2 L2 D2 F;2026-04-23 02:24:39;13.27
272;16.37;;R2 U B2 F2 U B2 D U2 L D2 B2 U2 F D' L U L2;2026-04-23 02:25:24;16.37
273;16.80;;L2 F2 R2 L' U' D' L' D L2 U R2 B2 L2 F2 L2 U D2 B R;2026-04-23 02:25:55;16.80
274;15.02;;F2 L F2 U2 L' U2 B2 F2 R2 F2 U' R' F2 R B2 R F D B';2026-04-23 02:26:33;15.02
275;15.95;;R' B' F2 D' B2 D2 U' F2 D' R2 B2 R2 B2 D R' F2 R2 D' F' R' D2;2026-04-23 02:27:11;15.95
276;17.22;;B2 U F L' D R U B F2 U2 F2 L2 U' F2 B2 D L2 D2 F;2026-04-23 02:27:45;17.22
277;17.24;;F' D2 B L2 U2 B D2 B D2 U2 R2 B2 L B2 D' U' R D2 B D2 R';2026-04-23 02:28:19;17.24
278;16.12;;F2 L' U L2 B' D2 R B2 U2 R2 U2 D2 B D2 F U2 R2 U L';2026-04-23 02:28:56;16.12
279;15.72;;U D2 L R U2 R D2 U2 F2 L2 D2 R' D' R2 F' R' B2 L' B' U;2026-04-23 02:29:32;15.72
280;14.97;;F2 R2 F D' F2 R' B L' U' B2 U2 R B2 U2 F2 R2 L' D2 L2;2026-04-23 02:30:26;14.97
281;14.75;;B D B2 U2 L2 F2 U' L2 D' R2 F2 D2 R' F' U' F' L' R' F' D' R;2026-04-23 02:31:02;14.75
282;11.01;;U' F2 U' L2 F2 D2 L2 D' L2 F2 B U R U' B2 L F2 R' F' D;2026-04-23 02:31:46;11.01
283;16.35;;D2 R2 D L D2 L U2 F B2 U' L2 U2 B2 U L2 U' L2 U F2 B2;2026-04-23 02:32:32;16.35
284;17.73;;D2 F R' L' U R' B' D L U L2 B D2 R2 L2 F' D2 F' D2 B' U2;2026-04-23 02:33:15;17.73
285;14.80;;D' U2 R2 B2 L R2 B2 U2 L2 F2 U2 R2 B D R2 U' L B' R D';2026-04-23 02:33:48;14.80
286;14.47;;F' U2 L2 F2 U2 B U2 B R2 F' D2 F2 U L' R' U L' B' F' R' F;2026-04-23 02:34:19;14.47
287;10.51;;D F U' B2 F2 L2 D' R2 D L2 D B2 F2 L U' L' D2 F2 R U L';2026-04-23 02:34:52;10.51
288;12.59;;B' U B2 F2 L2 U L2 D U2 L2 F2 D2 L2 F' L2 R2 U L D' R';2026-04-23 02:36:26;12.59
289;13.31;;L' F2 L' U' L2 F2 U D' F' D2 L2 D' L2 U B2 R2 U R2 L2;2026-04-23 02:37:08;13.31
290;12.38;;D' R' F2 L D2 U2 L U2 R2 D2 R' F2 B U2 R2 U L2 B U2;2026-04-23 02:37:35;12.38
291;17.77;;L2 U2 F2 R2 B R2 D2 U2 R2 U2 B' F2 D' B R2 B R2 F2 L' F U;2026-04-23 02:39:22;17.77
292;12.31;;L2 F' D' R2 F' L B2 R L2 F2 D' L2 D L2 D2 B2 U' F2 U R;2026-04-23 02:40:30;12.31
293;14.10;;L2 R2 B2 U' L2 D' L2 R2 U' L2 U' R D2 U' F' D2 R' D' F2 R;2026-04-23 02:41:29;14.10
294;16.04;;D2 B' L' U L F2 U F2 R' L F2 D2 R' B2 D2 L2 F2 R' D' L';2026-04-23 02:42:24;16.04
295;13.59;;B2 U2 L' B2 R B2 R' F2 R' D2 L' F2 B' D' B L' B' F' U' F' R';2026-04-23 02:43:15;13.59
296;12.59;;F' U' D2 R2 F2 L' F2 L F2 U2 L' R2 D' F L' F L B' F';2026-04-23 02:43:54;12.59
297;11.90;;U' L2 B' U D' L F2 B R U B2 R2 B2 D2 R2 U D2 L2 F2 D R2;2026-04-23 02:44:38;11.90
298;12.60;;R' D2 F2 U2 L2 B2 U2 L U2 L B2 D' U' B' D' F D2 U2 R' U2;2026-04-23 02:45:38;12.60
299;15.16;;R2 F2 D U2 B2 D B2 R2 D2 R2 U' F2 R' B' R U2 F L2 B' D R2;2026-04-23 02:46:39;15.16
300;13.82;;L R D2 L U2 R' F2 L' F2 R B' L R F' D R D' R D2;2026-04-23 02:47:17;13.82
301;15.06;;L' B' L F2 R U R2 F U2 L F2 R L2 F2 R2 F2 L' B2 U2;2026-04-23 02:48:13;15.06
302;13.00;;D2 L' D2 B2 R' U2 R' F2 R' U2 L2 D F' U R' D R2 F2 L' F';2026-04-23 02:48:55;13.00
303;18.10+;;R2 D2 U R2 D R2 B2 U R2 B2 R2 U B U' B F L' D' F D' R;2026-04-23 02:49:43;16.10
304;11.03;;D' L' B R' L' D' F2 U F R2 B2 R2 D2 L2 D2 F2 R2 D' F2 U' B2;2026-04-23 02:50:40;11.03
305;13.66;;R L' D B2 R' L2 B U R2 U2 B2 R2 B' U2 D2 F' L2 U2 R';2026-04-23 02:51:23;13.66
306;14.63;;U' L2 B U2 B2 D2 B' R2 U2 F D2 B F U B D L F R2 U L2;2026-04-23 02:51:54;14.63
307;18.17;;R' B R D' F D B2 R' U F2 U2 L B2 U2 R L' F2 R' D2 F2 B2;2026-04-23 02:52:37;18.17
308;13.38;;L U2 R' U F' B' L U' R D2 B2 L' U2 F2 D2 L2 D2 R L2 F;2026-04-23 02:53:19;13.38
309;16.33;;L2 B' R2 U' R' D B L U' F2 D2 B2 U B2 U' F2 L2 U' F2 D L;2026-04-23 02:53:57;16.33
310;16.59+;;D2 L2 B D2 F' R2 D2 U2 F L2 B' U2 L B' F2 D2 L2 R2 U';2026-04-23 02:54:40;14.59
311;14.98;;F2 L' F' D B2 F2 U R2 D B2 U' F2 L' U2 R' B' F2 U' L;2026-04-23 02:55:23;14.98
312;13.35;;L' F2 B2 D' B' R U' D' F R2 F2 L2 D2 F' R2 D2 B2 R';2026-04-23 02:56:01;13.35
313;15.51;;B2 D2 R' D2 R U2 F2 R U2 R F2 R D' R2 D L' U2 F2 L;2026-04-23 02:56:43;15.51
314;16.14;;D2 B' U L2 B2 D2 F2 U' B2 F2 D' R2 B2 D B' R' F' D U2 R D';2026-04-23 02:57:59;16.14
315;14.96;;B R' F B2 R U B' D B2 R2 U2 R2 U L2 U' L2 U' B R;2026-04-23 02:58:53;14.96
316;DNF(10.55);;U' L' B2 D' F2 R2 F2 D2 L2 U' L2 B2 U R' U' B' F U R2 U';2026-04-23 02:59:35;10.55
317;14.34;;L2 U2 B' D2 L2 B2 F D2 F D2 U B U' B R B D U' R' U;2026-04-23 03:01:07;14.34
318;14.00;;B' D B2 L2 F' R2 F2 U2 R2 F' U2 F' R' U2 B U F' U2 F';2026-04-23 03:01:48;14.00
319;13.27;;B D L2 F2 L2 B2 R2 D2 L2 D' U2 B D' L' F' R' D2 R2 D2;2026-04-23 03:02:18;13.27
320;14.99;;R2 U2 F' U2 L2 B2 D2 F' U2 F2 L2 U R F2 D F' D F' U;2026-04-23 03:02:58;14.99
321;12.23;;L2 F' L U2 D R' F2 L' U2 F D2 F' L2 U2 F2 U2 B' D2 F' L2 R';2026-04-23 03:03:34;12.23
322;15.17;;F D' R2 B L' B' U' F2 L F2 R' D2 R2 L F2 U2 L U' F';2026-04-23 03:04:07;15.17
323;12.84;;L2 R2 U' R2 D2 F2 D2 B2 L2 R2 U2 B' D' L2 F' R' F' U L' F2 R';2026-04-23 03:04:52;12.84
324;24.24;;R2 D' F2 L2 F2 R2 D2 U B2 D' U2 F' D B2 U2 L' F R' U L U;2026-04-23 03:05:38;24.24
325;11.87;;F B' L B U' B U' L2 U R2 B' D2 L2 F2 R2 B' D2 F U2 B' R2;2026-04-23 03:06:24;11.87
326;18.29;;F2 L F2 D2 U2 F2 R2 F2 R' B2 U2 L U' R' F' L2 R' D B' F;2026-04-23 03:06:57;18.29
327;13.07;;B' R F2 D2 F' R2 F L2 U2 F U2 F D2 F' R' F D' L' D U L';2026-04-23 03:07:59;13.07
328;15.23;;D' F' R2 B2 U' F2 R2 B2 R2 F2 D2 R2 D' B L B' L U' R;2026-04-23 03:08:35;15.23
329;14.05;;R' F' U' R B2 L' F2 U F D2 L2 D2 F' L2 F D2 B2 D2 R2 U2;2026-04-23 03:09:07;14.05
330;15.68;;L2 F2 R2 U2 R2 D2 F D2 U2 R2 B' F2 U B2 L' F U' B' L2 F' R2;2026-04-23 03:09:39;15.68
331;15.31;;F' D F2 L2 D' B2 R2 F2 U R2 U' B L D2 F2 L2 F' U' F2 R2;2026-04-23 03:10:18;15.31
332;15.34;;D' L2 F2 L2 B2 D F2 D' B2 U2 F L' B' F' D F' L U B F2;2026-04-23 03:11:10;15.34
333;14.48;;U B L B U F' U2 L2 D F2 L2 U2 B R2 F R2 B2 U2 F R2;2026-04-23 03:11:41;14.48
334;18.74;;L' D U2 R2 F2 L B2 L' F2 U2 L' U2 R' U F2 D B U2 B R2;2026-04-23 03:12:18;18.74
335;13.16;;D2 F U F2 U' R' U F' U2 R2 F' L2 U2 B' U2 L2 U2 L2 F' U L2;2026-04-23 03:12:54;13.16
336;17.08;;F2 D2 R2 F2 D2 R U2 L' B2 F2 U2 L2 D' B L R D B' F D2;2026-04-23 03:13:22;17.08
337;16.46;;F U' L' R2 U2 B2 L F2 L' D2 R' D2 R U2 D B L U' R D2 B';2026-04-23 03:14:05;16.46
338;15.38;;R' B2 F' U2 B' D2 U2 F D2 L2 D2 F D B2 D L2 B D R;2026-04-23 03:14:39;15.38
339;13.30;;L2 U2 F2 U2 R2 B' D2 B' D2 R2 B2 F' R' D2 U B' R D' B R' F2;2026-04-23 03:15:14;13.30
340;26.77;;B2 F2 R2 U R2 U' L2 F2 U' L2 D' R' B' U' F' D' F' D L' F2 R';2026-04-23 03:15:48;26.77
341;15.93;;F' D2 B2 R2 F L2 U2 B L2 U2 L2 R F L' U' R F2 D B2 F2;2026-04-23 03:16:40;15.93
342;13.38;;B D2 B L2 R2 F' L2 D2 F2 L2 D2 F2 U' L2 R D B' D2 R D';2026-04-23 03:17:12;13.38
343;10.68;;D R' D' F2 D' B2 U R2 F2 U B2 R2 U2 B2 R B U' B2 F' D' B;2026-04-23 03:17:53;10.68
344;12.08;;L2 B R B' L D R' D2 F' U2 B' R2 D2 L2 U2 B D2 F' U L;2026-04-23 03:18:37;12.08
345;15.26;;D' L' F' L U' L U2 B U2 D2 B2 R F2 L U2 D2 L' B2 R2 L';2026-04-23 03:19:24;15.26
346;14.11;;U2 B U' B2 R' L B D L2 U2 F2 D2 F L2 F2 B D2 F U2 R;2026-04-23 03:20:02;14.11
347;10.96;;L D' B2 L D2 R2 F2 U2 R B2 R' B2 U2 D' B' R D' L2 F D';2026-04-23 03:20:34;10.96
348;DNF(14.96);;L F U2 L2 F' L2 D2 F' L2 B U2 F L' F U2 L D F2 L U' R;2026-04-23 03:21:36;14.96
349;13.64;;B2 U B2 D2 L2 U2 F U2 B2 D2 F2 R2 D F' U L' D' R' B L2;2026-04-23 03:22:41;13.64
350;11.92;;R2 U' R2 D' U R2 D L2 F2 R2 U' R U2 F' D' L B2 L B2;2026-04-23 03:23:43;11.92
351;14.97;;D2 B2 R2 B' R2 B D2 R2 F' D2 R B2 D B F' L U L2 B R2;2026-04-23 03:24:21;14.97
352;13.70;;R' U' F2 D' L2 U F2 L2 U' L2 U2 B F' U' B R2 D2 R' F D2;2026-04-23 03:24:53;13.70
353;13.29;;U' F' L2 U F2 U B2 L2 F2 R2 U R2 D2 F' L D2 B F R2 B2;2026-04-23 03:25:30;13.29
354;15.47;;L' U2 L2 B L F2 U B U2 B2 D2 F2 U' B2 U' R2 U2 B2 D' B';2026-04-23 03:26:06;15.47
355;12.98;;F' L2 B L2 B R U L2 F2 U2 D2 R' D2 L U2 L2 F2 R' D2 B';2026-04-23 03:26:38;12.98
356;13.72;;B2 R2 U2 B D2 U2 B R2 D2 B' L2 D F L2 D F L U' R';2026-04-23 03:27:13;13.72
357;17.83;;U F2 U' R' D2 L U' B' D F2 R2 U' F2 R2 D' R2 B2 R2 D2;2026-04-23 03:27:48;17.83
358;12.87;;L2 B2 R2 D L2 D2 F2 U2 F2 R D B L U L' F D2 B' U2;2026-04-23 03:28:31;12.87
359;14.97;;B2 D2 R' D2 L' U2 F2 L' D2 F2 R2 B' L D' L R B' F R U;2026-04-23 03:29:06;14.97
360;18.89;;F' D2 L2 B L2 B D2 L2 D' U L' R2 F2 U B2 L R';2026-04-23 03:29:39;18.89
361;15.77;;B' D2 R' U2 R' D2 U2 R2 U2 F2 L' R2 U' B2 L2 F D' F2 R' F';2026-04-23 03:30:20;15.77
362;12.86;;R2 B2 F2 U R2 D B2 F2 D2 L2 D R D' B2 R2 F U2 R' F' U' F;2026-04-23 03:30:58;12.86
363;15.59;;R2 U R2 U L2 D' L2 F2 R2 F2 D2 R' U' R' U' B R' U' F' R2 D2;2026-04-23 03:31:32;15.59
364;13.09;;U2 L2 D F2 U R2 B2 U' L2 U R2 U' B' R' U L' R' B2 F U B;2026-04-23 03:32:04;13.09
365;18.29;;L2 F R2 U F2 U2 F' D2 L D2 F2 U2 D2 R' U2 L' F2 L' F' R;2026-04-23 03:32:45;18.29
366;18.08;;L2 D2 B2 D2 F2 L2 B' L2 B R2 D2 F' D' R' D' F' U2 R B' U R';2026-04-23 03:33:20;18.08
367;18.18;;R B2 U2 B' L2 D2 B' R2 D2 B D2 R B' F2 D' B L U R2 B;2026-04-23 03:34:08;18.18
368;18.86;;B2 D2 R2 D' F2 D2 L2 U' L2 R2 F' U2 R' F' R2 B' F R D2;2026-04-23 03:34:44;18.86
369;15.54;;L2 F2 U' B2 U2 R2 F2 R2 F2 D2 L2 B L' B' D B U F' R' B2;2026-04-23 03:35:27;15.54
370;17.71;;B F2 R2 F2 U F2 U R2 U2 B2 L2 R U F2 D2 B R' U2 B2 R';2026-04-23 03:36:13;17.71
371;12.93;;R' U' L D' L D2 F L' D' R F2 U2 R2 D2 R2 L U2 L' B2 R U2;2026-04-23 03:36:54;12.93
372;17.42;;L2 F' L2 D2 B L2 R2 F D2 R2 B D L R2 D U B U F';2026-04-23 03:37:28;17.42
373;15.55+;;B' D' B R2 F2 U2 L B2 R2 U2 F2 U2 B' L2 R' U B' D F;2026-04-23 03:38:00;13.55
374;18.50;;L2 B2 R2 B' U F U R B' L2 U' B2 R2 B2 U2 B2 L2 U;2026-04-23 03:38:47;18.50
375;15.84;;U' B2 U R2 F2 U' F2 D' U2 L2 U F' D2 L' R' F2 D' B' L2 B U;2026-04-23 03:39:24;15.84
376;DNF(17.46);;L2 U L2 U F2 L2 R2 U F2 U2 F' L B' U B2 L2 D B' F' U';2026-04-23 03:39:53;17.46
377;21.38;;U L2 U' B2 D R F2 L' U' L2 F U2 F2 R2 U2 F2 L2 B U2 B;2026-04-23 03:41:55;21.38
378;14.68;;B U' R B' D2 L' D U2 B' U2 L2 F R2 L2 F' B2 L2 F' U2 R B;2026-04-23 03:42:44;14.68
379;14.79;;U' F L2 R2 U2 F R2 B2 F' U2 R2 B L U2 L2 U L2 R D R2 F';2026-04-23 03:43:24;14.79
380;12.17;;F L2 D' L2 F2 L2 D' L2 D U' R2 B R' B' F2 D' L2 R' D' B;2026-04-23 03:44:00;12.17
381;13.73;;F L' D' L' B' R U' F2 R F2 R' D2 L' U2 F2 L2 B2 L' F2 U' L2;2026-04-23 03:44:32;13.73
382;14.40;;U F2 D' B2 R2 U R2 D R2 B2 D' R D2 B L R D' L U L2;2026-04-23 03:45:03;14.40
383;12.26;;F' R2 F' D2 B U2 F L2 B2 L2 F' D L B R' D2 B2 R2 B D';2026-04-23 03:45:44;12.26
384;17.31;;D2 L2 F2 L' F2 U R F D F2 U' L2 D' R2 B2 D' R2 B2 D R2;2026-04-23 03:46:24;17.31
385;14.50;;B2 L2 U2 L B2 R B2 R' B2 L' U B2 F' L' R' D' B L U' R';2026-04-23 03:46:58;14.50
386;14.55;;L' D2 R2 U' F' B D' B R' F2 D2 R U2 F2 L B2 R U2 F2 B;2026-04-23 03:47:43;14.55
387;12.18;;U2 B2 L2 R2 D2 U' B2 L2 U' L2 U' B D2 F D' R' B2 F2 U' F2;2026-04-23 03:48:12;12.18
388;18.22;;D R' D R2 U' B2 D' L2 U F2 L2 D L2 U' F' L' B' R D R;2026-04-23 03:48:46;18.22
389;15.97;;F' L' B U2 F' D F' R2 D' U2 R' D2 R2 D2 R D2 B2 R2 B2 L;2026-04-23 03:49:24;15.97
390;14.42;;D2 B2 L B2 U2 L U2 F2 R B2 L B2 D' F' U' B' R' B2 F2 U;2026-04-23 03:49:53;14.42
391;17.59;;L R2 B2 D U' B2 U R2 D B2 F2 U L U L' F L' D' L2 U2;2026-04-23 03:50:31;17.59
392;12.68;;B L2 B R2 U2 B' F' D2 F' R2 F' D B F2 D2 B U R F U2;2026-04-23 03:51:06;12.68
393;11.50;;R2 F2 D' B D' L U' B R' B2 L2 F' U2 L2 B U2 D2 R2 B' R2 L2;2026-04-23 03:51:36;11.50
394;19.63;;F2 U2 B2 U' F2 U B2 U L B2 R B' F L' U R' D2 B2 L2;2026-04-23 03:52:12;19.63
395;14.89;;D2 B L2 U2 B F' U2 R2 B2 R2 F' L B' R' B L2 U' R2 D2 R';2026-04-23 03:52:52;14.89
396;18.15;;D2 B' U' B2 U' B2 R2 D' B2 R2 D' B2 U' R F D2 R2 B2 L2 D L2;2026-04-23 03:53:34;18.15
397;11.29;;U' R U2 B L' U2 D' B R F2 L2 F2 L2 D' F2 U2 F2 L2 D;2026-04-23 03:54:20;11.29
398;14.34;;U2 D2 L2 U F B U' R' B' U L2 F2 D2 L2 D L2 U B2 L2 U R2;2026-04-23 03:54:57;14.34
399;16.12;;D L F' U B2 D L2 R2 D U R2 F L' R U F2 R F';2026-04-23 03:55:39;16.12
400;13.16;;F D2 L2 D2 R' F2 R' B2 R' D2 B2 R' F' R F2 D' L F' D R';2026-04-23 03:56:26;13.16
401;15.25;;F2 U F2 D B2 D2 F2 U' R2 U' B' R2 U R2 F L' B L D;2026-04-26 23:47:09;15.25
402;15.58;;R2 B2 R2 U' R2 B2 D R2 B2 D' U2 B' D B2 D L' B F' R F2;2026-04-26 23:47:46;15.58
403;14.93;;F R' U F' D F2 D' B2 U2 R' U2 L' U2 R U2 B2 R' B2 D F';2026-04-26 23:48:26;14.93
404;14.88;;R' U2 R' D2 R2 F2 L2 B2 R F2 U' B D B L' B R U2 L2 R';2026-04-26 23:49:01;14.88
405;17.51;;B R' F' R L' U2 F U2 B2 U F2 L2 F2 R2 U F2 B2 U2 R;2026-04-26 23:49:31;17.51
406;12.08;;D U2 F2 L' D2 R F2 L D2 R' B L2 B' L' U' R D U2;2026-04-26 23:50:29;12.08
407;19.14;;D' R F U2 L2 D2 F2 L2 U2 B D2 B2 L2 U' F' L B2 F2 D U';2026-04-26 23:51:21;19.14
408;13.57;;R' F2 L D' F2 U2 R2 F' L R2 D2 L2 D2 B2 D L2 U F2 U B2 R2;2026-04-26 23:52:03;13.57
409;13.35;;B' L2 B2 F2 U R2 U F2 R2 D R2 D' L F' D' L' D2 U' L B;2026-04-26 23:52:37;13.35
410;14.12;;F' R' U L2 F2 L2 B2 R2 D U2 L2 F' D L U2 B' L;2026-04-26 23:53:04;14.12
411;18.73+;;B2 L R2 U' L2 D L2 R2 U' R2 B2 D2 B D F' D2 U2 R U' L';2026-04-26 23:53:30;16.73
412;18.23;;L' U B2 R2 B2 F2 D2 F2 U' L2 D2 L2 U2 F' D' R F U R' D2 F';2026-04-26 23:54:17;18.23
413;15.80;;R' D2 L' R2 U2 L' D2 R' U2 F2 R B2 U' L' B D2 U' F' D2 B' U2;2026-04-26 23:54:56;15.80
414;14.82;;F2 U' L2 U2 B2 D2 L F2 L D2 U2 F2 B' L2 D2 L D2 F' D';2026-04-26 23:55:35;14.82
415;16.96;;B2 D R2 U2 L2 R2 U' L2 F2 L2 F2 B' U' L' B' D F2 R2 U2;2026-04-26 23:56:20;16.96
416;13.36;;U2 F U2 R2 B U2 L2 F D2 B2 D2 U2 R' F' U F2 D L' R' D' F';2026-04-26 23:56:55;13.36
417;16.62;;R' U F2 B' U L U2 L F U2 L2 F2 B2 U' R2 D' R2 D B2 L2 F2;2026-04-26 23:57:27;16.62
418;16.46;;R' B2 R2 B2 L U2 L' B2 U2 R F2 B' D L F' U' R F2 L B' R;2026-04-26 23:58:04;16.46
419;16.10;;B' R B' L2 F D B2 R' U' F R2 B U2 F U2 F' D2 F2 U2 F' L2;2026-04-26 23:58:59;16.10
420;18.29;;L2 U' F2 D2 F2 R2 F2 U' R2 B2 U F D R' U B' L' R D' F' L2;2026-04-26 23:59:38;18.29
421;14.49;;R' B' D2 F2 L2 F R2 D2 R2 D2 F' D' R2 F' D R' U' L B';2026-04-27 00:00:14;14.49
422;11.22;;L B2 D2 F2 U2 R' D2 L D2 L F L' R B' D U' F L U2 R;2026-04-27 00:00:47;11.22
423;14.45;;R2 U F L' U' F' B L U L2 F2 U B2 D B2 L2 D R2 F2;2026-04-27 00:01:51;14.45
424;15.73;;B' D2 R2 U' B2 R2 D' B2 U' R2 D L2 D2 B U' R B' R2 F' R U';2026-04-27 00:02:36;15.73
425;17.18;;R' L2 F' U' L2 D' L D2 F D2 B2 R2 D2 R2 B' D2 L2 B2 R';2026-04-27 00:03:13;17.18
426;15.37;;L2 U' F2 D2 B2 F U2 B' U2 R2 F D2 U2 R' F L' R' D B F' U';2026-04-27 00:03:44;15.37
427;18.40;;U F2 R2 F2 D F2 U B2 U2 L2 D' L2 R F' R2 F' R2 U F2 L;2026-04-27 00:04:31;18.40
428;17.06;;D R2 D R2 U' B2 U' R2 B2 D' R' B2 F U B F R' U' B D2;2026-04-27 00:05:16;17.06
429;12.78;;F2 L' U2 F R' B L D' L U L' U2 R' F2 U2 B2 L D2 L2 D2;2026-04-27 00:05:53;12.78
430;12.83;;F2 U L2 R F2 U2 R F2 U2 B2 L' B2 U F' L2 B' F' U2 L';2026-04-27 00:06:35;12.83
431;14.08;;L2 B2 U' R2 B2 L2 R2 D2 B2 D L2 U2 L D2 R D L' F D2 B' L';2026-04-27 00:07:04;14.08
432;16.58;;R F2 D F2 D2 F L2 D2 F' R2 D2 B2 F L2 U R' D2 B F L' D2;2026-04-27 00:07:40;16.58
433;18.78;;L2 D R2 U F2 R2 D R2 F2 U' F' L' B D' B' D' R D' F' L';2026-04-27 00:08:29;18.78
434;13.02;;B' D2 L2 B R2 F' U2 F' D2 R2 F R2 L' F' R' D' F2 U R B D2;2026-04-27 00:09:09;13.02
435;15.98;;U L F2 U2 F' L2 U2 R2 U2 F' L2 F' L U' B' F U' F';2026-04-27 00:09:54;15.98
436;9.30;;R' L B D R B2 R2 B U L' U2 L' B2 R' D2 F2 U2 L2 F2 R' U2;2026-04-27 00:10:33;9.30
437;13.49;;B2 L2 D L2 R2 F2 L2 D L2 D' U R F L' F' D' F2 D' B;2026-04-27 00:30:59;13.49
438;14.51;;D R2 D B2 D' F2 U' B2 R2 U L2 R2 F' R' F2 D' B' D2 U L' F;2026-04-27 00:32:07;14.51
439;15.91;;L' F2 D F2 D' B2 U' L2 D F2 D' R2 B L2 D L B U R' B' L;2026-04-27 00:33:17;15.91
440;12.12;;U F2 L' B L2 F' R B D' U2 B2 D2 L' F2 R' F2 D2 L2 D2 B2;2026-04-27 00:33:54;12.12
441;15.44;;B' U' R2 B2 F2 U F2 U R2 D' F2 B' D R' F' U R' U2 B F;2026-04-27 00:34:31;15.44
442;13.19;;L2 D' L2 U2 R2 U' L2 D' R2 B2 U L' B D2 U2 B2 D' F L D;2026-04-27 00:35:38;13.19
443;16.17;;F' R' B L' F2 B L2 U' R D2 R L2 B2 L' B2 D2 F2 B2 D';2026-04-27 00:36:55;16.17
444;15.87;;L' D F D R' B2 L B' F2 U2 R B2 R' U2 L B2 D2 R U2 R;2026-04-27 00:37:39;15.87
445;14.54;;D R U R2 F2 R2 B' D2 L2 F R2 F' D' B D B' U2 R' U';2026-04-27 00:38:43;14.54
446;15.15;;R' L2 F' D2 R2 B L2 F2 D2 U2 F' R2 D' U' F' D' U2 F L' R2;2026-04-27 00:39:17;15.15
447;15.13;;F' L B D2 U2 F' L2 F U2 B' R2 D2 R2 L F D U F2 R B' D';2026-04-27 00:40:42;15.13
448;14.12;;L B2 R' D2 L2 D2 B2 L F2 L' F R B' U F' D2 B R';2026-04-27 00:41:22;14.12
449;14.74;;U' R U2 F' U2 F D2 B' D2 L2 R2 B2 R2 F' U' L2 D' L U R U';2026-04-27 00:42:07;14.74
450;17.05;;R U R' U2 B2 R' D2 F' R2 F2 L2 D R2 B2 R2 U B2 R2;2026-04-27 00:42:43;17.05
451;14.32;;F2 L U' D' R' F B L D' R2 U2 L2 F' U2 B D2 B' R2 B D2 F';2026-04-27 00:43:18;14.32
452;14.43;;R F2 U2 L' U2 B2 R' U2 L' F2 R' D2 B' L' B L' U L2 R' B';2026-04-27 00:44:05;14.43
453;11.93;;D2 B2 U' L2 U L2 F2 D B2 F' U B L U2 L R2 U F L';2026-04-27 00:44:41;11.93
454;12.48;;B2 R2 F' R2 B' D2 B2 F L2 D2 F D' R2 F R D2 F2 D U' R;2026-04-27 00:45:20;12.48
455;19.49;;F R2 F2 U R2 B2 D2 B2 R2 B2 U R2 D' B' U R2 D L' B' L' F;2026-04-27 00:46:04;19.49
456;12.82;;D2 L2 F' R2 F2 L2 U2 L2 F' D2 F' D R B' U' F2 D2 U' F' R2;2026-04-27 00:47:02;12.82
457;18.65;;U R' L2 U' B2 L' D' F R' U2 L D2 R U2 R D2 R' D2 L2 F2;2026-04-27 00:47:46;18.65
458;23.81;;F2 R F2 R B2 F2 U2 L R2 U2 B2 R D' F' U F2 U R B2 F R;2026-04-27 00:48:31;23.81
459;15.01;;U2 F2 L2 D2 L2 F2 U L2 U B2 F2 L F' R D L' D2 U' B' R2 D2;2026-04-27 00:49:25;15.01
460;14.04;;F2 B' U2 R' L' B' U' L' B2 L2 D B2 D F2 L2 D2 F2 D B2 U;2026-04-27 00:50:11;14.04
461;13.21;;R' B U2 R2 B U2 B2 L2 R2 U2 F' D2 U' R2 F R' B' F2 U2 R;2026-04-27 00:50:55;13.21
462;12.83;;D2 F' R2 F L2 B' R2 B D2 B' F' D B' U2 L2 U2 R B F R';2026-04-27 00:51:34;12.83
463;14.98;;B L D2 L F U' R' B' R2 F L2 B R2 L2 F L2 F D2 R2;2026-04-27 00:52:32;14.98
464;14.06;;D B' D L' F D' R B U2 R2 B2 U D2 R2 L2 U F2 R2 F2 L2 R;2026-04-27 00:54:19;14.06
465;15.75;;F D' R' B U R' L U F2 B2 L F2 L2 U2 D2 B2 U2 L' U';2026-04-27 00:54:49;15.75
466;15.62;;B' L D2 L' U' R F L B L2 D' F2 L2 U F2 D' L2 U' D';2026-04-27 00:55:24;15.62
467;19.96;;L2 U2 F2 L R2 F2 U2 R U2 B2 D2 B' D2 U B' L D L F' R' F2;2026-04-27 00:57:38;19.96
468;12.99;;R2 F' L R2 F2 U2 L2 B' L2 R2 U2 B U2 L2 R' F' U' L' F' L U';2026-04-27 00:58:23;12.99
469;15.26;;R2 B2 L2 F R2 B U2 R2 F' R2 F U2 R B' U' L2 B2 U F' R' B';2026-04-27 00:59:09;15.26
470;20.65;;R2 F' U2 F' L2 R2 B2 F' L2 F' U2 L D' U2 F U2 F U2 B' U;2026-04-27 01:05:04;20.65
471;14.30;;D' B' U2 L2 R2 D L2 D2 R2 U' R2 F2 U L B U' L' D2 R2;2026-04-28 23:10:35;14.30
472;15.86;;B' R D2 B2 U L2 F2 R2 F2 U2 B2 D F2 U' B' D' L B' D' R2 U';2026-04-28 23:11:24;15.86
473;13.74;;R D2 R2 B2 R2 U L2 U F2 D R2 F2 R' D U F' R B' U2 R;2026-04-28 23:12:02;13.74
474;16.71;;D L' F2 L' U L U2 L' B L2 D2 F2 L2 U2 B' L2 B R2 F2 D2;2026-04-28 23:12:46;16.71
475;15.24;;D' L2 B2 D F2 L2 U L2 D2 L2 B F' L B' D U2 L F2 L B2;2026-04-28 23:13:28;15.24
476;14.56;;F' L' B' R2 F D2 U2 R2 D2 F L2 F R2 D L2 B2 F' U' R D L;2026-04-28 23:14:06;14.56
477;14.22;;R D2 R' U2 L' F2 L2 U2 R' U2 R F' D U2 L2 U' B L' R' F;2026-04-28 23:14:40;14.22
478;17.45;;D' U2 L2 D2 F R2 F' L2 U2 B' L F' R D2 B2 D' L R2 F';2026-04-28 23:15:15;17.45
479;15.41;;U' F R' B2 U L2 B2 F2 U R2 D B2 D2 F' U' L' B' F2 L' R2;2026-04-28 23:16:01;15.41
480;15.12;;F2 D2 F' L2 R2 D2 F' U2 L2 B' U2 D R2 B' L' B' F D' U L;2026-04-28 23:16:41;15.12
481;17.13;;B R U L2 F2 D2 F2 R2 D L2 B2 D' L2 F2 R' B U' F L' R2;2026-04-28 23:17:14;17.13
482;14.93;;L B2 F' D2 R2 B' U2 L2 F2 D2 U L B' D F R2 D2 F D2;2026-04-28 23:18:16;14.93
483;13.00;;B' D B2 D F2 L2 D F2 R2 F2 D2 R' U2 B' D' L2 R' B2 L' U2;2026-04-28 23:18:51;13.00
484;17.49;;F' D2 B L2 F2 R2 D2 L2 F R2 B2 U2 R B L2 D B' F2 L' D';2026-05-02 15:53:10;17.49
485;16.58;;R2 F' B' R U F D B' L2 F2 U2 B D2 B2 L2 U2 L2 F' L2 U R';2026-05-02 15:53:51;16.58
486;14.63;;U2 F2 U' B F2 D2 U2 L2 B U2 F' U2 L2 R F' D U L D F;2026-05-02 15:54:28;14.63
487;17.29;;R2 F2 D2 L F R' L2 U B' U2 R2 D' R2 L2 F2 U2 L2 D B2 D' F2;2026-05-02 15:55:04;17.29
488;19.68;;F2 L2 D2 B D2 U2 B2 R2 F U2 B' U R' U B' L' D2 F U L2 B';2026-05-02 15:55:57;19.68
489;20.06;;D2 L' D2 R2 U2 F' U2 B F U2 F' D2 U2 F2 D L2 F2 L' D' F L';2026-05-02 15:56:46;20.06
490;18.69;;B2 U F' D2 L2 R2 B2 F L2 B D2 L2 R2 F' D F2 R' F' L' U2 B2;2026-05-02 15:57:28;18.69
491;21.27;;L2 U L2 D' L2 D' L2 F2 L2 B2 L U' B' F D' R' D2 F' L' D;2026-05-02 15:58:04;21.27
492;17.04;;U F2 D2 F' L2 R2 D2 F' U2 L2 D2 R' U' F L2 D L' B' U';2026-05-02 15:58:42;17.04
493;17.07;;D2 L B' L2 U L2 B2 F2 U' L2 R2 F2 D F2 R F L' F2 U F U';2026-05-02 15:59:24;17.07
494;19.82+;;D2 R B D' B2 L' U B2 U2 R B2 L F2 R2 F2 R' U L;2026-05-02 15:59:56;17.82
495;13.10;;F R F D R' U R' D2 F B L2 U2 F' U2 B D2 F2 L2 U2 D R;2026-05-02 16:00:41;13.10
496;17.59;;B L2 F2 U' R2 U B2 L2 R2 U' F2 D2 R2 B' U2 R' B2 L2 D2 L2;2026-05-02 16:01:21;17.59
497;16.58;;L F2 L2 D R B' L F2 R U2 F2 R2 U' F2 L2 D' L2 B2 L2 U' B2;2026-05-02 16:02:10;16.58
498;18.44;;R2 U2 F2 L2 U2 L' U2 F2 L' R2 D2 F D' L U2 F2 D B2 R U2;2026-05-02 16:02:52;18.44
499;13.92;;B2 L R2 U' F2 D' F2 R2 F2 D B2 D' B2 L' B2 R U B U2 B2;2026-05-02 16:03:50;13.92
500;12.90;;B2 D' L2 D2 U' R2 D2 L2 U' L2 B2 R D B U2 L F' R2 B2 L;2026-05-02 16:04:54;12.90
501;18.45;;L2 B' R' L' B' L2 D B2 U2 R2 F L2 D2 R2 U2 F U R' F2;2026-05-02 16:05:34;18.45
502;14.46;;F L' B' U2 B' R2 F2 U2 R2 B2 R2 B' R2 D2 U' F' R U L2 D' F2;2026-05-02 16:06:20;14.46
503;17.29;;R U B2 U' B2 F2 U2 L2 U' B2 D' R B' D' L' B' D' R2 B2 R2;2026-05-02 16:07:13;17.29
504;16.45;;R B2 D' F' B U B2 D' R' D B2 U' R2 L2 U' F2 U2 B2 R2 D' B2;2026-05-02 16:07:45;16.45
505;17.03;;B2 U' B2 L2 D L2 U' R2 D' L2 D' L F' L F' U L' B D' L;2026-05-02 16:08:26;17.03
506;17.62;;F' L2 U F2 D U2 L2 D U2 B' D' B2 U2 L2 F2 L F' D2;2026-05-02 16:09:10;17.62
507;12.18;;R' B2 U2 R U2 L2 F2 R' U2 F2 L B L R D' L2 U' F' R';2026-05-02 16:09:43;12.18
508;16.18;;B' R B2 U' D' R F U L' D R2 F2 U F2 D' R2 F2 U R2 U2 B2;2026-05-02 16:10:27;16.18
509;13.87;;D F' U2 L2 B U2 L2 D2 U2 B D2 R2 U B2 D2 L' D2 F2 D L;2026-05-02 16:11:07;13.87
510;13.64;;R' B' L2 B D2 B' R2 D2 L2 B' D L' U2 F' D2 B' L' F' L';2026-05-02 16:11:37;13.64
511;18.02+;;U' B L' B U' F R2 D' B' R B2 L2 F2 D2 F2 B2 R2 D2 B2;2026-05-02 16:12:25;16.02
512;12.64;;F' B2 U2 L' R2 B2 R' D2 U2 L' D2 F' L B' L B' U' F D;2026-05-02 16:13:14;12.64
513;15.90;;L2 D L2 D' L2 U B2 L2 D2 U' R2 B2 R B D L B' D R D U;2026-05-02 16:14:07;15.90
514;18.40;;B2 U' F L2 F D2 L2 B' U2 F U2 B' D2 R' D' U2 B U' B' U2;2026-05-02 16:14:46;18.40
515;19.12;;U' L' F2 B' L' D F' B2 U D2 L2 F2 L2 U' B2 U F2 L' D';2026-05-02 16:15:25;19.12
516;13.13;;U2 F2 R U2 R' B2 R F2 U2 R2 F2 R D' R' D2 L' R F';2026-05-02 16:16:14;13.13
517;15.05;;R' D2 U' L2 F2 D2 F2 U2 R2 F2 D R' D R U B U' R D;2026-05-02 16:16:55;15.05
518;18.24;;R2 B2 U' F2 D B2 L2 U2 B2 D U2 L2 F' R2 U B R2 D F' U2;2026-05-02 16:17:28;18.24
519;17.40;;R2 U2 F2 U2 B2 L' U2 R F2 R2 B2 F' L D' L U' R U R2 D' B';2026-05-02 16:18:03;17.40
520;13.93;;D' F D L2 B2 D U2 B2 L2 B2 U' R2 L F D2 L2 D' L B2 D2;2026-05-02 16:18:49;13.93
521;14.71;;L' U' B2 D' R2 U' L2 F2 U L2 B2 D F' D' R D2 U' F U';2026-05-02 16:19:17;14.71
522;14.60;;U2 F2 R B2 R F2 R D2 L D2 F' L2 D' L U' L' B U' R2;2026-05-02 16:19:45;14.60
523;12.99;;U' B R2 L' D F2 B U2 B2 L2 U2 D2 F2 U2 L U2 R' U' R2;2026-05-02 16:20:26;12.99
524;16.09;;L U2 L2 F2 U B2 L2 D R2 F2 U2 L' R' U' L F' D L' D2 B;2026-05-02 16:20:55;16.09
525;13.89;;R U2 D R U2 F B2 R L B' R2 F U2 F2 L2 D2 B U2 F R2 F;2026-05-02 16:21:28;13.89
526;14.52;;B D' F' R' U R U2 D2 L' R2 B R2 D2 F2 B' R2 F2 D2 B;2026-05-02 16:21:56;14.52
527;14.95;;D' B2 F2 L2 D L2 B2 D F2 U B2 U' R U B' L' R F U' L D2;2026-05-02 16:22:30;14.95
528;13.39;;U2 D F2 R' L2 U2 L F R' F2 U' D2 L2 U B2 U R2 F2 U B2;2026-05-02 16:23:01;13.39
529;14.82;;D R2 L' B R' B2 U' L2 D F B2 U2 F' U2 R2 B' U2 D2 L2 F;2026-05-02 16:23:30;14.82
530;16.12+;;R2 F' D2 R2 B' L2 R2 B2 U2 F' U2 D B' D2 U R D L' R2 U' F2;2026-05-02 16:24:01;14.12
531;21.81;;D2 F' R2 D2 L2 D2 F2 D2 R' D2 U2 B2 D' R' D U2 B F R;2026-05-02 16:24:36;21.81
532;14.78;;D R2 U F' B L' D L' F' R D2 R' B2 L2 U2 D2 L';2026-05-02 16:25:20;14.78
533;14.31;;D2 R2 U2 F2 R F2 D2 F2 R' D2 U2 R F L2 R D F U' B' D';2026-05-02 16:25:54;14.31
534;13.38;;U' L2 U' L2 B2 D' R2 U2 R2 F2 D' R2 L B2 R' F U' B L2 B U;2026-05-02 16:26:26;13.38
535;16.22;;L2 B2 F' D2 B2 F R2 B D2 L2 R' U2 B R U' B2 U F R' U;2026-05-02 16:27:03;16.22
536;15.07;;R2 F2 D' R2 U B2 R2 U' R2 B2 D' R' B' U' B2 D' R2 B R B U;2026-05-02 16:27:44;15.07
537;16.49;;B' L2 D2 R B2 L2 F2 U2 R' D2 B2 U2 D F R U B' L' B2 U' R';2026-05-02 16:28:12;16.49
538;14.43;;U B' U2 B2 F L2 F U2 L2 R2 F L' U' R D' R U' F R';2026-05-02 16:28:43;14.43
539;11.39;;B2 R B2 U2 R2 B F2 U2 B L2 R2 D2 L2 B D U2 F U2 F U' F';2026-05-02 16:29:13;11.39
540;18.68+;;B2 L2 F' R2 B D2 L2 F' D2 F' L' B' D' R D2 L2 U2 R' U2;2026-05-02 16:29:48;16.68
541;14.03;;L D F U B2 D2 F2 R2 D F2 R2 F' R D B' F R2 D';2026-05-02 16:30:45;14.03
542;15.52;;B D R B2 L2 F2 U2 L F2 R' U2 B2 L2 U' B' D U L R2 F2;2026-05-02 16:31:20;15.52
543;10.34;;B2 D' F2 U' B2 R2 B2 U2 L2 D' L2 B' U' B F' R' F' R F D;2026-05-02 16:32:12;10.34
544;15.63;;D2 U2 B' L2 F2 L2 D2 B' D2 B' R F D F' U2 L' D2 L2 D';2026-05-02 16:32:57;15.63
545;15.05;;B2 U R2 B2 R2 B2 D L2 D2 B2 D' L D2 L' D' R' B U2 R F U;2026-05-02 16:33:31;15.05
546;13.03;;R' B' U2 F2 R2 B2 D' B2 D2 B2 U L2 R2 B R F' U2 R' F' R' D';2026-05-02 16:34:03;13.03
547;16.72;;R' U R2 F' L2 B U2 F' D2 R2 B' R U2 F D B D' L' R2;2026-05-02 16:34:32;16.72
548;18.54;;F' D2 F2 L' U2 B2 L F2 R F2 R' U2 B U2 L2 U B2 F L F2;2026-05-02 16:35:11;18.54
549;17.60;;L2 U2 R2 D' L2 U F2 D2 R2 U' B2 U L' B R2 F U2 L2 D' L2 U';2026-05-02 16:35:47;17.60
550;21.31;;L2 D L2 F2 D2 B2 D' B2 U' F2 D' F R2 B D' R F' U' B' L2;2026-05-02 16:36:20;21.31
551;13.91;;U' L2 F2 D F2 R2 U L2 B2 U' B2 R2 L' U B R' U' F L' R' U;2026-05-02 16:36:56;13.91
552;17.46;;F D' U2 B2 U2 L' D2 L2 R' F2 L R U2 F' D L U F' R2 F' R;2026-05-02 16:37:35;17.46
553;15.48;;R B L2 D L2 F2 D' F2 D' U B2 F2 R B2 U L B' R' D U2 L;2026-05-02 16:38:13;15.48
554;15.45;;L' D2 U L2 R2 F2 D' U2 B2 R2 U F2 B D2 L U2 R2 B' U' R;2026-05-02 16:38:46;15.45
555;14.56;;B U2 R' D2 F' R2 B' F2 L2 B D2 B2 L2 D2 U' L2 D2 B D' U2 B;2026-05-02 16:39:17;14.56
556;16.84;;L2 B2 D2 U2 L2 B U2 B2 L2 F2 L' D L2 B F2 L F' D F2 L;2026-05-02 16:39:49;16.84
557;23.74+;;U F2 D' R2 F2 D' U2 F2 L2 U' B2 F2 L B L R D2 U L2 F L;2026-05-02 16:40:25;21.74
558;17.46;;B' U B U2 R2 B D2 F U2 F' D2 L2 F2 R' B2 D' B D2 B D2;2026-05-02 16:42:01;17.46
559;13.88;;D2 B' U2 F2 D2 L B2 F2 L' B2 R' F2 U2 R U' L' D2 F U2 B' D2;2026-05-02 16:42:38;13.88
560;15.14;;L U F D' B' L' U R' D2 B2 U' F2 U R2 D2 R2 F2 R2 D' R' D;2026-05-02 16:43:12;15.14
561;16.20;;L2 D2 B U2 F' D2 B' F2 L2 B' L D' F' U B2 L2 D R2 B;2026-05-02 16:43:50;16.20
562;18.05;;B' D F2 R' U B2 R U' B2 U2 L2 U' R2 B2 R2 F2 R2 U F';2026-05-02 16:44:24;18.05
563;18.38;;B2 L' B2 U L2 U2 L2 F2 U F2 R2 U2 R' U B F U2 R' U2 B';2026-05-02 16:44:57;18.38
564;15.13;;L2 B2 U2 L F2 R2 U2 R' D2 R U' L D2 B' F U2 L B U';2026-05-02 16:45:42;15.13
565;16.28;;R' F' U L D' F R2 D B' L F2 L F2 D2 F2 R2 B2 R F2 U2;2026-05-02 16:46:16;16.28
566;14.61;;L2 F B2 U B2 U F2 L2 U' L2 U2 B' D' U2 F2 R U F' L';2026-05-02 16:46:52;14.61
567;13.50;;R' D2 R' F' U' L B R' F2 U2 F2 R L B2 R2 F2 R B';2026-05-02 16:47:23;13.50
568;12.21;;D' B' R2 F2 D2 U2 L2 U2 F L2 B L2 D' B' U2 B2 L U R D R;2026-05-02 16:48:03;12.21
569;18.42;;F2 D B2 D2 U B2 R2 D' R2 D R2 B F' D' B2 D B' L' F';2026-05-02 16:48:36;18.42
570;25.63;;L2 F U' R2 D2 R2 B2 R2 U F2 U' L2 D2 B' L U F' R2 F2 D L;2026-05-02 16:49:18;25.63
571;15.74;;D2 R' U' B2 U F2 R2 D' R2 F2 U' F2 U' F2 L' B L2 R2 B2 R' B';2026-05-02 16:50:15;15.74
572;23.83;;B U2 B L2 R2 B2 L2 F' D2 U2 L2 F2 U' R2 F' U L' D' R B' U';2026-05-02 16:50:45;23.83
573;13.97;;U L2 R2 B2 U F2 D' B2 D' R2 D2 B' R2 B2 U' R2 D2 R B L';2026-05-02 16:51:27;13.97
574;17.79;;L2 B U2 B' R2 F U2 B2 R2 B' D2 F2 D' F' U' B U2 R B2 L D;2026-05-02 16:52:05;17.79
575;18.33;;F' L D2 L B2 L D2 F2 D2 L' B2 D U B' U' B2 F2 R F';2026-05-02 16:52:49;18.33
576;16.85;;U' B2 R L' F U2 L' U' B U2 R2 U' R2 F2 D B2 R2 B2 U' D' R2;2026-05-02 16:53:28;16.85
577;16.86;;L2 B2 L' F2 D2 L' U2 R D2 L D2 B D F' R B L' B D2 B2;2026-05-02 16:54:07;16.86
578;15.32;;U2 R2 B' D2 R2 F' D2 R2 D2 F' U2 B2 R' F' R2 D' R B' R2 U;2026-05-02 16:54:38;15.32
579;17.94;;B' D' L U' L2 B2 D2 B2 R2 U2 L2 R2 F2 U' F' U L2 D' B2 R2 F;2026-05-02 16:55:14;17.94
580;16.10;;F' D L D2 U2 L2 U2 B2 D2 L' U2 L R' U' L F2 D2 F' L' D2;2026-05-02 16:55:48;16.10
581;14.29;;F2 D2 B' L2 U2 F R2 D2 B L2 R D' U L D B' U2 L U2;2026-05-02 16:56:24;14.29
582;15.84;;D' F2 D2 R2 B2 L' B2 R U2 R B2 F2 D L U' R B' R F';2026-05-02 16:56:54;15.84
583;11.09;;D L U' L2 F2 U' L2 U' R2 D' R2 U2 F' R' D' R' B U' B2 L';2026-05-02 16:57:30;11.09
584;16.06;;F' D' R2 B2 F2 U B2 D L2 R2 D R D' U' B L' U L' U2 B2;2026-05-02 16:58:03;16.06
585;16.41;;D B' R' U F' L2 D R U' B2 R D2 B2 R L B2 D2 B2 R2 F2;2026-05-02 17:01:14;16.41
586;13.67;;U B L2 B2 R2 B2 R2 U F2 R2 D2 U' R B' R U' B U B2;2026-05-02 17:02:13;13.67
587;14.24;;R F2 U B2 R2 U R2 D L2 U' F2 L2 D B U' B U' L' B R B2;2026-05-02 17:02:44;14.24
588;20.60;;L' B2 L' F2 U2 L' B2 L' B2 R' D2 U B' F2 D F U2 R B2 F2;2026-05-02 17:03:19;20.60
589;17.45;;F' L2 R2 U' R2 B2 F2 U2 R2 U F2 D' B' L' F R2 D2 F U2 R;2026-05-02 17:03:55;17.45
590;16.89;;B' L2 U F2 R2 D' U L2 D R2 F2 B' R2 B2 R B' F2 L' B;2026-05-02 17:04:26;16.89
591;10.08;;B2 U2 B L F' U' B2 R B2 U2 F' D2 F R2 B D2 B2 D2 R2 F' D';2026-05-02 17:05:06;10.08
592;11.97;;L2 F' L2 R2 F' D2 B' U2 F' L2 B2 F' D' L2 F D2 L D' U2 L2;2026-05-02 17:05:34;11.97
593;14.26;;R B2 U2 R2 U F2 D2 R2 B2 R2 F2 U' R2 F L D' F L F' R' U;2026-05-02 17:06:05;14.26
594;17.45;;L' U' R2 B' L2 R2 F R2 F D2 F R2 U2 D R B L F L D;2026-05-02 17:06:36;17.45
595;10.17;;D2 L2 F D2 B2 U2 B R2 B' R2 B2 R D U F' R D2 B D2 F D2;2026-05-02 17:07:12;10.17
596;11.38;;R2 F' L2 U2 F' L2 U2 L2 U2 F D' B R' F L F2 L' F D' B2;2026-05-02 17:08:20;11.38
597;12.47;;L2 B D2 U2 F R2 F R2 B2 L2 B' F2 U B L2 B2 R D' F2 R2 U2;2026-05-02 17:08:52;12.47
598;16.89;;B2 R' D2 B2 R D2 L' U2 R F2 U L' U R D2 L' D F U;2026-05-02 17:09:24;16.89
599;12.38;;U' R' B D L2 B L U R' D2 F2 D2 B' U2 B L2 F2 B' U2 R2;2026-05-02 17:10:00;12.38
600;16.51;;F' U2 L2 R2 D' F2 L2 U' R2 D2 F2 L2 D F' R2 U2 L' R U' F' R';2026-05-02 17:11:27;16.51
601;14.29;;D2 F2 D' L2 U' L2 D2 B2 D R2 U B2 L B' F2 L U2 B2 L B2 U';2026-05-02 17:12:00;14.29
602;16.15;;D U2 R2 B2 D' R2 F2 L2 R2 D U R' B2 L2 U' F U F' D2 L';2026-05-02 17:12:39;16.15
603;14.53;;L2 U B2 D2 U' R2 U B2 U B' L F L2 D L D R B2 R';2026-05-02 17:13:14;14.53
604;25.54;;R2 D2 L2 B R2 D2 U2 B D2 F2 L2 D U' B' D' L' B' F R' B D;2026-05-02 17:13:49;25.54
605;21.29;;L2 F D2 F2 R' U2 D F L U2 F2 R2 U2 B2 R B2 R' U2 R B';2026-05-02 17:14:28;21.29
606;16.79;;U' F' L F2 R B R' F' U D2 F2 R2 B L2 B D2 B R2 D2 F2;2026-05-02 17:15:42;16.79
607;16.62;;L' U F' R D F' U B U B2 R2 B2 R F2 R U2 B2 U2 F2 R' U2;2026-05-02 17:16:19;16.62
608;17.83;;R' U2 R2 D2 U2 B' L2 F R2 F' U2 F2 D2 U' L' D' L R D' F';2026-05-02 17:16:50;17.83
609;13.15;;B2 L F L B' U R L' F D L2 U F2 B2 L2 U' F2 R2 U' B2;2026-05-02 17:17:23;13.15
610;DNF(14.74);;L' B' U2 F D2 U2 F L2 U2 F' D2 F U L' B2 D B' L2 R' F';2026-05-02 17:18:42;14.74
611;15.37;;B' L' D' F2 R' B' U2 B' U F2 D2 B2 U2 F2 L2 D F2 D' R2 D';2026-05-02 17:19:17;15.37
612;13.64;;L' R' D2 L D2 B2 U2 R' B2 D2 L' R2 F' U L U' L' R2 D F';2026-05-02 17:19:51;13.64
613;16.81;;R' L2 B2 D' B2 U R2 U2 B2 L2 F2 L' B2 D2 B F' R F L';2026-05-02 17:20:21;16.81
614;17.80;;B2 U D2 L2 D2 L D F' R' U D2 F2 U' D2 L2 F2 L2 F2 D;2026-05-02 17:20:52;17.80
615;11.86;;R2 B2 D2 L2 F2 U2 L B2 D2 F2 L D B D2 R2 D' L2 D' R2 D2;2026-05-02 17:21:24;11.86
616;21.86;;B D B2 F2 L2 D2 F2 D' L2 U' F2 U' L F R D' F' U B F2 L';2026-05-02 17:21:53;21.86
617;23.44;;U' B2 U' B2 L2 U' F2 U' B2 R2 U2 B D2 U L' D R2 B2 U2 R2;2026-05-02 17:22:29;23.44
618;15.72;;B2 D' B2 U' B2 D2 F2 R2 D' B D F' L U L' B' D R U';2026-05-02 17:23:07;15.72
619;15.16;;U' D F R2 B2 U' B R F2 D2 F2 R' D2 R B2 D2 L D2 R B;2026-05-02 17:23:39;15.16
620;24.45;;U2 L2 B2 F2 L' F2 D2 R' U2 L B2 R2 B L R' B2 F2 R2 F2 U' F;2026-05-02 17:24:11;24.45
621;13.51+;;R2 U R2 U' L2 U F2 R2 B2 D' R2 D2 F' U L2 U' F' R B2 F R';2026-05-02 17:24:56;11.51
622;15.28;;B2 L' D R' F R2 D2 L' F L2 F' R2 F R2 B' U2 B2 R2 F2 R2;2026-05-02 17:25:39;15.28
623;14.71;;F L2 U2 F L2 F' U2 F R2 B' L2 D' R' B2 D2 R D2 R2 F;2026-05-02 17:26:08;14.71
624;18.19;;U R2 D2 L2 F2 U' L2 D' B2 L2 D L' U B D' R' F' R' D2 F' R';2026-05-02 17:26:39;18.19
625;17.52;;D2 R2 D2 R2 F2 U' R2 U F2 U L2 F2 L' U' B' R2 F' R2 D2 F';2026-05-02 17:27:12;17.52
626;20.00;;F2 R B D' B' L D F R B2 U' L2 U L2 U2 F2 D' R2 L2 U;2026-05-02 17:27:46;20.00
627;18.06;;U' B' F2 R2 U' F2 L2 B2 F2 U B2 D2 L' U' R2 B' L' R U' F2;2026-05-02 17:28:20;18.06
628;19.84;;L U2 R2 D2 R D2 B2 R F2 L' B F R' U' F D' B F R';2026-05-02 17:28:51;19.84
629;11.75;;D2 R B' D L2 U F2 U F2 L2 B2 U2 L2 B' F2 L2 U' R F' R';2026-05-02 17:40:08;11.75
630;13.26;;F2 R2 B2 R2 U F2 D R2 D' F2 D2 U' B' L' B2 L' U2 F' L' D2;2026-05-02 17:40:46;13.26
631;21.76;;D B2 R2 D B2 D2 F2 U' R2 U' B2 R2 L B L D B' U2 F L' U';2026-05-02 17:41:23;21.76
632;19.63;;L2 R2 B' D2 U2 B2 L2 D2 B L2 U2 R B2 F U B2 L R D' R';2026-05-02 17:42:50;19.63
633;14.75;;L2 B F2 D2 B' F R2 D2 R2 U2 D L' B2 F' L F' L' D2 L';2026-05-02 17:43:33;14.75
634;13.72;;L2 D2 B2 L2 U2 F' L2 F L2 B2 L2 R U B2 U R' D' B R' B;2026-05-02 17:44:48;13.72
635;13.31;;L B R F2 L2 B2 D' B2 R2 U' R2 F2 R2 D' F D' U2 F' U' F2 R;2026-05-06 18:36:25;13.31
636;16.23;;F U' F' R U2 D' L2 F U' L2 F2 R2 F2 U' R2 D L2 D F2 U2 L;2026-05-06 18:36:58;16.23
637;13.47;;L2 B R' L' D F U L2 F R2 B R2 F' D2 F B2 D2 R2 B2 L F;2026-05-06 18:37:44;13.47
638;14.66;;R2 F' R2 F2 D2 L2 B D2 R2 F' L2 D2 R' B2 R U2 B' L' R U' F;2026-05-06 18:38:15;14.66
639;15.49;;B2 U B2 U2 L2 F U2 R2 B' F2 R2 D2 B L2 U B' F L' R2 F D2;2026-05-06 18:38:47;15.49
640;12.24;;B' L' U' D2 R' D' R2 D2 B U2 R2 F' B' R2 U2 F2 U2 L' B;2026-05-06 18:39:19;12.24
641;13.98;;L2 B' U' D' F' D B R' U' R2 U2 F2 R2 D F2 B2 L2 R';2026-05-06 18:39:52;13.98
642;17.72;;L' F' U2 R' F2 U2 F2 L F2 L B2 F2 R' U R' F U R F' L2;2026-05-06 18:40:22;17.72
643;16.65;;R2 F L2 B R2 D2 U2 F' L2 R2 D' F' U B R B' L2 D' L F2;2026-05-06 18:40:59;16.65
644;12.23;;U B R' F' D B R U F2 L2 U2 F' U2 F D2 B D2 B2 U2 L;2026-05-06 18:41:34;12.23
645;17.67+;;U2 B2 L2 B2 R F2 D2 L' D2 B2 D2 R2 B L D F U2 B L2 U' L2;2026-05-06 18:42:08;15.67
646;13.97;;D' L U2 F2 L2 B' L2 F' L2 D2 U2 F L2 R B2 U' B' L F D L2;2026-05-06 18:42:47;13.97
647;17.36;;B R2 U F2 U' L2 B2 U' B2 U2 L2 U2 R2 L' D R' B2 U R' F L;2026-05-06 18:43:18;17.36
648;16.62;;U2 F L F2 R' U2 F2 L B2 L2 D2 R U2 R' B' R2 U' R' D2 B U2;2026-05-06 18:43:55;16.62
649;14.66;;D B' D2 R B2 L F' U2 R2 F2 L2 F2 U' D2 F2 B2 L2 U' L' D;2026-05-06 18:44:28;14.66
650;13.75;;F U F2 U B2 D' B2 F2 L2 F2 D2 F' L U' F D' U' L D F;2026-05-06 18:52:01;13.75
651;14.50;;R U L B' U F D L B2 D2 R' F2 D2 B2 L B2 L' U' R;2026-05-06 18:53:15;14.50
652;14.14;;D R B2 F2 D2 L' F2 L F2 L2 F2 R F' U L2 B' D L U' F2;2026-05-06 18:53:53;14.14
653;13.70;;B R L2 U' R B' L D F' D2 R2 D2 R2 F U2 B L2 B2 U2 L';2026-05-06 18:54:50;13.70
654;14.14;;R' L' B U' R F2 R' D' L' B' L2 F U2 F2 B R2 U2 D2 F U2 R2;2026-05-06 18:55:55;14.14
655;15.75;;L U2 L' R' B2 L' R2 U2 R' B2 D2 B2 D' L2 R B2 F' U F U2;2026-05-06 18:56:31;15.75
656;15.04;;R2 U2 D B D R F D2 L2 B2 R F2 U2 F2 R' U2 L F2 R B' D2;2026-05-06 18:57:06;15.04
657;11.74;;B L2 D2 F L2 B R2 U2 F' D2 R2 U2 R D F D2 U F U2 L B2;2026-05-06 18:57:39;11.74
658;16.37;;U2 D F R2 D2 L' U2 B2 D R2 D2 R2 B2 U2 B' R2 F2 L2 U2 F U2;2026-05-06 18:58:16;16.37
659;9.21;;U2 L B' R' F U2 R B' R2 D' F2 U2 B2 U' L2 D R2 L2 D2;2026-05-06 18:59:11;9.21
660;21.11;;F D R2 B U2 D2 R U' F2 U2 F2 B2 L2 D R2 F2 D2 F2 L D;2026-05-06 19:09:29;21.11
661;13.67;;B2 L2 F D2 R2 B D2 B R2 F R2 F' R' U' B2 L2 B' D R' D' B2;2026-05-06 19:10:21;13.67
662;17.79;;L D' R2 B2 L2 D2 B2 D R2 U L2 U B2 F' U2 L R' B' U' B' L2;2026-05-06 19:10:59;17.79
663;12.97;;D' R2 U F2 U' B2 D2 R2 D' B2 L2 U' F' L2 F2 D F' L U2 L' D;2026-05-06 19:11:48;12.97
664;11.27;;L' B' U2 L2 D L2 D' R2 D U2 R2 U2 B D' R B F' L' B R;2026-05-06 19:12:18;11.27
665;11.72;;R2 B' D' F L2 F U' R F U2 L2 U2 F L2 B2 D2 B R2 B' L2 D;2026-05-06 19:14:20;11.72
666;17.68;;B2 L' U2 R2 D2 L F2 D2 L U2 B2 L' U' L D2 F2 D' L' B R D2;2026-05-06 19:14:53;17.68
667;11.78;;U' R' L2 D' B2 R2 B2 D' U' L2 D' U' L B' F L U2 F U2 R';2026-05-06 19:15:33;11.78
668;15.47;;U2 R2 U' B2 R2 F2 R2 D F2 U' F' L' B' R2 F2 D F' D L' R';2026-05-06 19:16:10;15.47
669;10.91;;D2 U2 B' U2 B2 D2 B D2 L2 R2 B L U R2 U B' L' F2 D' F2;2026-05-06 19:16:42;10.91
670;14.70;;L2 U2 L2 R2 F2 R2 B L2 U2 F L' F R' D' L D' B F' U B';2026-05-06 19:17:18;14.70
671;19.02;;R2 D2 B2 D2 L U2 R' U2 F2 D2 R2 F2 D' F' R' B' L2 R2 D' B2 R';2026-05-06 19:19:52;19.02
672;15.19;;D B2 R2 F' D R' U B' U2 F' U2 R2 F L2 D2 R2 B2 L2 B2 R' F;2026-05-06 19:20:39;15.19
673;16.72+;;F2 D2 U2 R2 U2 F' R2 F L2 R2 F R2 L D' B' U B D F D' U;2026-05-06 19:21:39;14.72
674;13.08;;R' D2 R D2 U' B2 L2 F2 R2 D U B2 U' B2 R' F' L D L' F2 L;2026-05-06 19:22:40;13.08
675;15.27;;U L2 R2 F L2 D2 B2 R2 F' R2 D2 F D L' R2 D' U R D' R2;2026-05-06 19:23:12;15.27
676;16.98;;L2 B2 U2 F2 R D2 R' B2 L2 R' B2 D2 B' D' R2 D L2 U L R' U2;2026-05-06 19:23:50;16.98
677;15.18;;F2 U2 B' R' U' D' L U' F R' B2 L2 F2 D R2 D' F2 U2 B2 D F2;2026-05-06 19:24:28;15.18
678;14.34+;;B' U2 F U2 F' U2 F' U2 R2 B2 U2 L' B2 U L2 R B2 F' D' L2;2026-05-06 19:25:03;12.34
679;15.22;;F L2 U L2 B2 L2 U' L2 D' B2 F L' U F' D2 B' D' B L;2026-05-06 19:25:35;15.22
680;13.19;;U2 L2 F U2 B U B R D2 F R2 F D2 R2 U2 R2 B R2 F D;2026-05-06 19:26:06;13.19
681;11.78;;U' D' B' U' D' B' R D' B2 L2 D2 B2 D' F2 R2 B2 L2 U R' F';2026-05-06 19:26:39;11.78
682;17.98;;D' L2 F2 D2 L2 F2 D2 R U2 B2 U2 L2 U L U2 F' L' D F2;2026-05-06 19:27:05;17.98
683;11.89;;R F' R D B2 R F' D' F2 D' F2 L2 F2 U B2 U2 D R2 F;2026-05-06 19:27:48;11.89
684;13.54;;B2 D' R2 U2 R2 B2 D B2 L2 D F' R2 D' L F2 D U2 R' B' R';2026-05-06 19:28:20;13.54
685;13.25;;L' F2 R B2 R' D2 L R2 U2 L' U2 F2 D L' U F R D2 L U2;2026-05-06 19:28:48;13.25
686;16.71;;F' U L2 R2 B' D2 U2 F' U2 L2 B U B F' U2 R' F2 U;2026-05-06 19:29:32;16.71
687;14.64;;B F U2 F' D2 B L2 D2 B D2 R2 D2 U R' U' B2 U' L F U2 B;2026-05-06 19:30:42;14.64
688;12.92;;U2 L2 F L2 R2 U2 F2 L2 B L' D B D' L U2 L F' R;2026-05-06 19:31:09;12.92
689;11.00;;R2 D' F2 L' B2 R B2 F2 R U2 R D2 F2 U F U F R F' D B;2026-05-06 19:31:48;11.00
690;18.50;;L2 U2 B2 L2 U' B2 D' R2 F2 U2 R2 F U2 R D B' U2 F2 D U2 F;2026-05-06 19:32:18;18.50
691;14.20;;U' L' B2 U2 R U2 F2 R' D2 B2 L' B2 L' B R2 D' L2 B2 R2 B';2026-05-06 19:32:57;14.20
692;13.95;;R' U2 B2 R' F2 R B2 L F2 L' F2 D2 B D' F' U L' B2 L D' U2;2026-05-06 19:33:29;13.95
693;14.38;;D B2 U2 L2 B' L2 B F2 U2 L2 R2 D' F U2 B' U2 L' F D';2026-05-06 19:34:03;14.38
694;13.88;;R B' U' D' L' B2 U R2 B U2 R2 F' D2 R2 D2 L2 B2 U B';2026-05-06 19:35:18;13.88
695;12.56;;U B' L D' B' L D2 B' L F R2 D2 B' U2 F D2 B2 U2 L2 U2;2026-05-06 19:35:47;12.56
696;12.76;;R' B2 R2 D2 R2 D2 U' F2 D L2 B D2 B2 F R D U2 R' F;2026-05-06 19:36:21;12.76
697;12.39;;U2 L D2 L F2 L2 F2 U2 L' F2 D2 U B R2 B2 L U2 L' D L;2026-05-06 19:36:55;12.39
698;14.91;;L' D' R F L' F' B2 R U' F2 U' F2 U' B2 D B2 L2 B2 U R;2026-05-06 19:37:25;14.91
699;12.51;;B U' R2 D' R' F2 L2 F2 U F' D2 L2 F R2 F' D2 R2 F B;2026-05-06 19:38:04;12.51
700;18.18;;F R' L F U2 B2 D F2 D2 R2 U2 L' D2 L2 B2 D2 L2 B2 F R;2026-05-06 19:38:46;18.18
701;11.92;;F U2 L' F2 L F2 D2 L' U2 L F2 R2 D2 F R2 B U R D' R';2026-05-06 19:39:30;11.92
702;13.44;;U' D' B D F U D' R F2 B2 R2 U2 L D2 R' D2 R2 U R';2026-05-06 19:39:56;13.44
703;13.86;;L2 F2 U2 L' R2 F2 L' U2 L R2 B' F' L D B2 R2 B D' B;2026-05-06 19:40:32;13.86
704;12.75;;R' D2 L D2 B2 F2 R2 F2 D2 F2 R U2 D B L2 F U R U2 B2 F';2026-05-06 19:41:08;12.75
705;15.20;;D' B2 L2 U2 L2 D' R2 B2 D F2 D R' B2 L' F' L' U R' U2 R2;2026-05-06 19:41:49;15.20
706;12.74;;F2 D R' U2 F L2 B U2 F D2 U2 R2 B' L2 U L' R' U' F U' L';2026-05-06 19:42:27;12.74
707;13.21;;D' R2 F2 D' L' D' F' R2 F2 U2 R2 F2 D R2 L2 F2 U2 B' L;2026-05-06 19:42:56;13.21
708;11.66;;L' B' U' D' R U2 F' L D2 F2 R2 D R2 U' F2 B2 U F2 R';2026-05-06 19:43:34;11.66
709;15.08+;;R' D' B2 L2 F2 D' F2 D2 F2 U' L2 U R2 B R' D' F U2 R' B' U2;2026-05-06 19:44:06;13.08
710;15.56;;F2 U' L2 F U2 F2 D2 F U2 F L2 D2 R' D' R2 B' L D' F' D2;2026-05-06 19:44:43;15.56
711;10.94;;B2 R2 U L2 U R2 B2 D' L2 D' L2 R' B D' F D' U2 B' D2 R' F';2026-05-06 19:45:14;10.94
712;16.16;;B L F U R2 U' L2 R2 F2 D2 L2 R2 D L B2 R' F' L2 D' R2;2026-05-06 19:45:50;16.16
713;16.55;;R' L' U' R2 B' U2 D' R B D' R2 U2 L2 B2 U L2 U' R2 L2 U' R2;2026-05-06 19:46:23;16.55
714;14.69;;L2 B2 R2 U F2 U F2 L2 U' R2 D2 L D' U' B R' F' R D L2 D2;2026-05-06 19:48:06;14.69
715;19.47;;D2 B D' L' F2 D R F2 L2 F2 U2 R2 B' R2 B' L2 F2 D2 F2;2026-05-06 19:48:47;19.47
716;12.92;;R2 F2 L U' L U' B D2 F B2 U' B2 R2 D2 R2 U L2 U' R2 D' F2;2026-05-06 19:49:37;12.92
717;15.52;;U' L2 B U2 R2 F L2 F' D2 B D2 L B2 F' L' F' D U' L2 B';2026-05-06 19:54:07;15.52
718;15.23;;R2 D' L2 D' L2 D' R2 D B2 R2 B' D' L' B' D R B' U2 L R';2026-05-06 19:55:02;15.23
719;13.33;;U2 R U' F' L F R D' L2 B2 R' U2 B2 R D2 F2 L2 B2 L' D2;2026-05-06 19:55:44;13.33
720;15.62;;R2 F2 L2 B' L2 U2 B' F2 U2 R B D2 F U' R U' F' U F';2026-05-06 19:56:15;15.62
721;13.29;;F U2 L' D L F L2 U' B' U2 B2 R' D2 L2 D2 B2 L' B2 R' D2 B2;2026-05-06 19:56:47;13.29
722;10.87;;L' R2 B2 U2 R' D2 F2 U2 R2 B D' L R2 B2 F L' U2;2026-05-06 19:57:19;10.87
723;11.58;;D2 L' F' L2 D2 B2 D2 F2 U B2 F2 L2 U2 B' L2 D L2 R B U';2026-05-06 19:58:37;11.58
724;11.46;;L2 U2 F D2 F' L2 B2 R2 F2 D2 F2 L' U2 B' D' F' D' B D2 U' B;2026-05-06 19:59:06;11.46
725;10.79;;U' F B2 L B2 D2 U2 L' D2 L' U2 B2 U F' U2 L R' U B' U';2026-05-06 19:59:35;10.79
726;13.00;;U L U' D' F2 L B2 R' F' R2 U2 R F2 D2 R' B2 L' F2 L B2;2026-05-06 20:00:37;13.00
727;13.33;;D' R' B2 R B2 L D2 F' R2 U F2 B2 R2 B2 D2 R2 U' B2 R2 B2;2026-05-06 20:01:20;13.33
728;15.63;;D2 F R2 U2 B' L2 D2 B' D2 U2 B U F U B R B D F' U';2026-05-06 20:01:56;15.63
729;12.18;;R' F D2 R2 U2 D F' R' U F2 U2 R2 L2 B2 R2 F' R2 B D2 R2 D';2026-05-06 20:02:36;12.18
730;16.66+;;F2 R' B2 U2 L2 B2 R' B2 D2 R' U2 B' L2 U' B D' F2 D L F;2026-05-06 20:03:07;14.66
731;14.24;;F R2 F2 D2 U2 L F2 R' U2 L2 B2 R F U2 F U' F2 D' F2 R;2026-05-06 20:03:44;14.24
732;17.02;;F' R D2 F R' F' D' R U2 F2 B2 L2 U' R2 U R2 L2 D L2 D';2026-05-06 20:04:19;17.02
733;17.21;;F U B2 F2 D' B2 R2 U L2 U' B' R' F2 L R B' F' L2;2026-05-06 20:04:53;17.21
734;16.73;;R2 U L2 U' B2 L2 D U2 F2 D L2 F U2 L U L2 B F2 D F';2026-05-06 20:05:41;16.73
735;12.96;;D' L' D2 B2 F2 R2 D2 L' F2 L' U2 R2 U' R F U2 F2 D' R2 D2;2026-05-06 20:06:14;12.96
736;14.60;;D2 L2 D' L2 U' B2 F2 D' R2 D2 B2 R D2 B R2 F' D L' B' U' L;2026-05-06 20:06:44;14.60
737;11.78;;L2 D2 R2 U2 R2 B2 U R2 U2 B2 U2 B R' F' D' L' B2 L2 U' L R';2026-05-06 20:07:20;11.78
738;12.58;;B' L2 B2 U' F2 D' B2 L2 U2 F' D' R' U F2 U2 L' R;2026-05-06 20:07:52;12.58
739;12.95;;R F' B2 R F U F2 D2 L' U2 L2 U R2 D2 F2 U' L2 D L2 D';2026-05-06 20:08:24;12.95
740;17.23;;F2 U2 F2 L2 U2 F2 D L2 F2 D' B' U L2 R' B L' D' L' R2;2026-05-06 20:08:58;17.23
741;16.90;;U2 F L' B' R D B U R D2 B2 R B2 D2 L2 B2 U2 L' F2 D';2026-05-06 20:09:33;16.90
742;14.28;;R2 F L2 D2 R2 D2 B D2 F R2 B R' B F2 L2 B D' L' R U2;2026-05-06 20:10:08;14.28
743;14.16;;F D2 B' U2 F R2 D2 U2 R2 F' L D' B U' F' D2 F2 R' F';2026-05-06 20:10:41;14.16
744;12.13;;F' D B' L2 F L2 D2 F U2 F2 L2 F' D2 F2 L D' U2 R B L' U';2026-05-06 20:11:09;12.13
745;13.95;;D R2 B R2 D2 F2 U2 B' D2 U2 F' R U B' L' F L2 F D';2026-05-06 20:11:42;13.95
746;13.98;;D2 B' L' F' R2 D R' U L F' R2 U2 B2 U2 F L2 D2 F' U2 R2 F2;2026-05-06 20:12:17;13.98
747;16.16;;F2 R' U2 F D L D R U' B2 R2 B2 R B2 R' D2 L' B2 L' F2 L';2026-05-06 20:12:44;16.16
748;15.97;;R2 L2 D' L' U' R L F2 R2 U2 D2 B' D2 F2 L2 U2 F R2 U;2026-05-06 20:13:19;15.97
749;18.98;;D2 U2 B' L2 F D2 L2 F U2 F U2 F' D' B R B2 L' U F D L2;2026-05-06 20:13:56;18.98
750;16.90;;D2 R' B' D F2 D2 R2 B2 L2 F2 D' L2 R2 U' L' F' R B' D' U2 L';2026-05-06 20:14:37;16.90
751;12.98;;B' R' D2 R2 B2 R D2 F2 R F2 L' B2 R' U' F U2 R2 F D2 L2 B';2026-05-06 20:15:11;12.98
752;13.32;;B L2 U2 F2 U L2 F2 U B2 D' B2 L2 R U F2 R D' L B D';2026-05-06 20:15:44;13.32
753;16.99;;B2 D L' D' B2 U2 B2 F2 U' L2 D B2 R2 L D' U' F' L2 D R;2026-05-06 20:16:13;16.99
754;19.71;;B2 L' U' F2 U B2 D B2 L2 R2 U' B2 F2 L' B' U2 F D' B' U' B;2026-05-06 20:16:46;19.71
755;14.76;;D2 F R2 B2 R2 B2 U2 B2 D' L2 U B2 R2 F' L' D' B2 F' D L2;2026-05-06 20:17:26;14.76
756;14.67+;;R2 B U' B2 F2 U F2 D U R2 F2 D2 F' U2 F' R F' R F2 L;2026-05-06 20:17:57;12.67
757;DNF(10.87);;D' R U2 R2 U' B D L U2 F2 U2 L2 F2 U2 B' L2 F2 B' L2;2026-05-06 20:18:35;10.87
758;12.28;;F2 D' B2 U' F2 L2 F2 D2 L2 U' L' D U2 R' F D2 B' D' U2 L2;2026-05-06 20:19:23;12.28
759;15.51;;R2 B' L2 D2 B U2 B R2 F U2 F' D F D' F' U' L D R B' F;2026-05-06 20:19:58;15.51
760;15.73;;F' U B2 U' F2 D R2 U B2 R2 F D2 F2 L B R' U2 F2;2026-05-06 20:20:27;15.73
761;12.51;;F2 U' F2 R2 B2 L2 R2 D B2 D2 B2 L D' B D' L2 F' U2 R2 B';2026-05-06 20:21:00;12.51
762;13.98;;B2 L' U2 F2 L2 U B2 L2 D2 U' R2 U L D R2 B' R2 U' F R2;2026-05-06 20:21:43;13.98
763;13.42;;D F2 D' F2 D2 F2 R2 D' L2 D R' B2 R F' L U' B' D' L2 R;2026-05-06 20:22:41;13.42
764;11.44;;R D' F2 B' R F2 D B2 L' B2 R2 U B2 D' R2 U L2 U' F2 U L2;2026-05-06 20:23:10;11.44
765;14.55;;R L D R2 U2 B U F U L2 U2 L U2 D2 F2 R D2 L' B2 R F2;2026-05-06 20:23:42;14.55
766;13.29;;B D' F D F L2 D R' U R' B2 D2 R' L' F2 R' B2 D2 B2 R;2026-05-06 20:24:12;13.29
767;13.55;;F' L' D2 F2 D' U2 R2 D F2 U F2 U F2 B R' D F L2 F U2 F2;2026-05-06 20:24:40;13.55
768;18.34;;D2 B2 D L2 B2 U' R2 B2 R2 U' L' B L' U' R2 B' F2 D U F';2026-05-06 20:25:54;18.34
769;14.73;;D2 B' U2 F2 L2 R2 B' R2 B' D2 F2 U2 R B2 D L' F L' B' D' R2;2026-05-06 20:26:34;14.73
770;12.90;;R2 U2 D2 F' R' U F' U' L' F2 R2 F2 L2 D2 R2 U R2 L2 U' R2;2026-05-06 20:27:08;12.90
771;16.26+;;U R2 F' L2 U D' R2 L' D' F2 L' D2 F2 U2 L2 D2 L' F2 B2 L' D2;2026-05-06 20:27:55;14.26
772;13.29;;F L2 F U2 B R2 D2 F2 D2 B2 D B' F2 R D' U B' L' R' D;2026-05-06 20:28:49;13.29
773;12.72;;L2 B L2 F L2 U D' R U' B2 R2 U2 L U2 F2 R D2 F2 D2 F2 R2;2026-05-06 20:29:34;12.72
774;12.89;;R' B D2 U2 F' U2 B2 D2 F L2 F L' D2 B2 D' F L2 U R B';2026-05-06 20:30:06;12.89
775;15.51;;B' L2 R2 D2 U2 F' R2 D2 B F2 D2 F2 L' F2 D' F L2 R2 U' R;2026-05-06 20:30:34;15.51
776;17.28;;D F2 D' R2 B R F' U' R2 D2 B2 L' F2 L' F2 L' B2 U2 R;2026-05-06 20:31:31;17.28
777;15.35;;U2 R' D2 F2 L2 D2 B2 L B2 L2 R' B D R' U R' B' D' F L' R';2026-05-06 20:32:07;15.35
778;16.14;;L R2 D' B2 D' L2 D F2 R2 U2 L2 F' L B D' B2 L' R U R';2026-05-06 20:32:39;16.14
779;14.87;;F' U' D2 R' D2 B2 L2 B2 R B2 L D2 B2 U2 B R' U F2 U' R' F;2026-05-06 20:33:12;14.87
780;15.01;;R' B' L2 B2 R2 F2 R2 U2 R2 D' R2 D' F2 D B' R' B2 D' U L' F;2026-05-06 20:33:47;15.01
781;11.63;;R' F L B R' L U F' R B2 D2 B2 L2 U2 L D2 L U2 D';2026-05-06 20:34:15;11.63
782;15.23;;D' B2 U2 R U2 R B2 F2 L2 U2 R' U' L' F2 D L B D U2;2026-05-06 20:34:42;15.23
783;16.99;;D2 F D F2 R2 D' B' F2 U2 L' B2 R' B2 L' F2 D2 F2 R U2 F';2026-05-06 20:35:10;16.99
784;12.54;;R B2 L F2 R U2 L' F2 L' U2 B2 F D' F' D' B' D R B' U;2026-05-06 20:35:44;12.54
785;16.58;;L2 D2 U2 F2 R' D2 F2 L' D2 L D2 U B L2 D' R2 B L' D R';2026-05-06 20:36:32;16.58
786;15.35;;U' L2 R2 U F2 U' L2 D' R2 D2 F D2 F L2 R F' R' D' L R';2026-05-23 02:10:35;15.35
787;19.56;;F2 B D R' U L B' D R' D2 F' L2 F2 D2 B L2 B' L2 U2 L2;2026-05-23 02:11:24;19.56
788;15.96;;U' L F L2 D' L U R F L R2 F' D2 B' U2 D2 F' R2 F' U2 B;2026-05-23 02:12:12;15.96
789;13.07;;U' R B' L2 F2 U2 L2 D2 R2 F' L2 D2 U2 L' D' F' D2 F2 U R U;2026-05-23 02:12:46;13.07
790;13.11;;D B' U R' F2 R F' R' L' F2 D2 L2 U R2 L2 F2 D' B2 U2 D';2026-05-23 02:13:21;13.11
791;23.57;;R' U R2 U2 L2 B' D2 R2 U2 B2 U2 B' F' L' D R2 B' R' D' L2 R';2026-05-23 02:13:54;23.57
792;10.99;;L B2 F D2 R2 D' R2 U' L2 U' F2 L2 U' R' F L' B' R D R2;2026-05-23 02:14:43;10.99
793;18.12;;R2 F B' D' R' L2 D B' R2 U2 F2 U2 L2 F R2 F' U2 F' D L;2026-05-23 02:15:25;18.12
794;16.20;;D' L2 U' R2 D' L2 D F2 D' L2 U2 F2 L B R' D' F D2 F U';2026-05-23 02:16:12;16.20
795;16.03;;D' F2 D' R2 B2 F2 U' B2 D' U2 B F D R' F2 D U L' F;2026-05-23 02:16:50;16.03
796;16.99;;U' R2 U B2 F2 D2 R2 U' F2 U' B2 U R' D F' L2 U L' U B2 R';2026-05-23 02:17:19;16.99
797;13.23;;B' F2 R' U2 B2 D2 R' B2 D2 R2 D2 L D2 U' F' L U2 B F2 L' U;2026-05-23 02:17:51;13.23
798;16.86;;F2 U2 B2 U2 R2 D2 F2 L2 F2 L' D2 F' L' R2 B' R' F2 U B' R2;2026-05-23 02:18:28;16.86
799;14.14;;D2 R' B U' F' R' F L B' L2 U D2 L2 U R2 D R2 L2 B2 D2;2026-05-23 02:19:03;14.14
800;17.35;;R2 B U2 F' U2 F2 L2 R2 D2 F' D2 U R' B L' F' U L2 D L B';2026-05-23 02:19:40;17.35
801;13.19;;R L2 D2 L U F L' B2 R' B L2 U' R2 F2 D' R2 U' R2 U L2 U;2026-05-23 02:20:17;13.19
802;16.44;;D2 L2 D' F2 R2 D R2 U' L2 U B2 U F' D2 U F' R' D' B' F R';2026-05-23 02:21:01;16.44
803;20.44;;F2 R2 D' L2 U F2 L2 D L2 U2 B2 U' B' U F' D' L' U F' L' D2;2026-05-23 02:21:41;20.44
804;16.55+;;B2 R' U2 L' D2 L' B2 R2 U2 B2 R' D2 F L U' B' D B' R' F';2026-05-23 02:22:20;14.55
805;18.03;;F2 D2 B' R D2 B' U B' F2 R2 U' F2 U B2 D2 L2 D L2 F2;2026-05-23 02:22:59;18.03
806;13.31;;D2 R U2 R B2 D2 R2 F2 L' B2 R' B2 F' D' F2 L' D' R B R F;2026-05-23 02:23:33;13.31
807;18.89+;;B U D' F U2 L D B' L2 D2 B' U2 D2 L2 B' R2 U2 B' D' F2;2026-05-23 02:24:14;16.89
808;21.61;;L B' R F D' F' D' F R L2 U' B2 D L2 F2 D F2 D B2 L2 U;2026-05-23 02:25:10;21.61
809;25.43;;L' F' R2 D B U' F' U D2 F2 U2 F2 L F2 R2 D2 B2 D2 R' B;2026-05-23 02:25:49;25.43
810;14.79;;F2 D' L2 D R2 D' R2 D2 B2 F2 D' B' U' F2 U2 F R' B D L' D;2026-05-23 02:26:52;14.79
811;13.17;;L' B2 U2 R2 D2 L' B2 F2 L' D2 L' D F' L' F2 R U' L2 U L;2026-05-23 02:27:29;13.17
812;13.33;;U D2 F R2 F D2 B2 U2 B' D2 F' D2 F R' U' B' U2 R D R' F';2026-05-23 02:28:59;13.33
813;16.12;;U' L2 R2 D B2 L2 B2 D F2 U' F2 L' B' D2 F L' R' B' D B2 F;2026-05-23 02:29:34;16.12
814;14.50;;B R2 U B2 R2 U' R2 D L2 D' R2 U' B2 R' F L' D B' D B2 U';2026-05-23 02:30:18;14.50
815;15.88;;D' U2 F2 R U2 R B2 U2 L R B2 F D L B R' U2 R' D';2026-05-23 02:30:52;15.88
816;15.56;;L B2 R B2 R B2 U2 R2 D2 R F2 U R2 B' D2 R' F' D U B2;2026-05-23 02:31:40;15.56
817;15.32;;B L2 U' B L2 B' R' D' F' B2 L' B2 U2 F2 U2 R' F2 U2 F2 U2;2026-05-23 02:32:30;15.32
818;17.72;;D F L' B2 U L' B F2 L U2 L F2 U2 L' D2 F R;2026-05-23 02:33:06;17.72
819;18.90;;B L2 F2 U' D B' R' L2 U2 L2 F U2 F2 D2 R2 F L2 B2 L' F;2026-05-23 02:33:44;18.90
820;17.95;;B' R2 B2 U R2 D' U' B2 D B2 L2 U2 B U2 R2 F' L U' B R';2026-05-23 02:34:18;17.95
821;14.47;;L' U' R2 U R2 B2 U' F2 L2 D' U' B' R F2 D L D2 R U' B';2026-05-23 02:34:54;14.47
822;16.79;;L U B2 D R L2 D' B L2 D2 F' U2 D2 R2 D2 B' L2 B2 L2 D L2;2026-05-23 02:35:31;16.79
823;16.68;;L' D B R2 D' L F R2 U L2 F2 D' B2 D F2 U' R2 F2 D' F';2026-05-23 02:36:06;16.68
824;17.02;;L2 R D2 B2 D' R2 D' U2 L2 B2 F2 L' D' B' D2 B' R F';2026-05-23 02:36:49;17.02
825;15.43;;B R' L2 D' B2 F2 U' B2 L2 B2 U R2 U R F D' R' B' L' D';2026-05-23 02:38:05;15.43
826;13.26;;B2 L2 D U F2 R2 U' F2 L2 F2 D2 F2 R' B D2 U2 L' D' R F2 U';2026-05-23 02:38:37;13.26
827;12.23;;R' D2 L F2 R B2 U2 L' D2 U2 R' U B' L F L D' R' F R';2026-05-23 02:39:05;12.23
828;15.40;;D' L D L B D2 L' F L' B2 L' F2 R U2 F2 L' F2 D2 R2 B2;2026-05-23 02:39:56;15.40
829;18.44;;B' R U' L2 B R' U B' D' F2 R' U2 F2 R' L2 B2 U2 D2 R D2;2026-05-23 02:40:40;18.44
830;11.23;;D2 R2 B' D2 R2 B F D2 L2 B U2 D' L U2 B2 F2 U R' U' L U2;2026-05-23 02:41:32;11.23
831;12.17;;L' D2 L2 D2 B2 U B2 R2 U2 R2 U2 L U' L' F' D B' L2 F2 D';2026-05-23 02:42:38;12.17
832;16.76;;L D' B U2 F' B2 D' R' U R' F2 L D2 R2 L U2 R F2 R2;2026-05-23 02:43:30;16.76
833;14.32;;B2 L D2 L' U2 B2 D2 U2 R' F2 D2 R D B D L' D B L' B2 U2;2026-05-23 02:44:17;14.32
834;14.59;;D' U2 R2 B U2 F' R2 U2 B R2 D2 F' D U L B D' U2 L' F2;2026-05-23 02:44:48;14.59
835;13.40;;F L U2 L2 B R2 U2 B2 D2 R2 F' L2 R F2 L' D F D' U;2026-05-23 02:45:29;13.40
836;15.82;;U D' F' U' B' L' F2 R' B D2 R2 L2 F2 D L2 D2 F2 D F2 U B2;2026-05-23 02:46:10;15.82
837;17.03;;U2 R' D2 L2 D2 L2 R' B2 R U2 F2 D L B' F L2 R F' U' F;2026-05-23 02:46:55;17.03
838;12.34;;L2 R2 F' L2 U2 R2 F D2 F' L2 F' R2 U B' L D2 B' R' U B' L;2026-05-23 02:47:31;12.34
839;18.56;;L' D2 R2 B2 U' R2 B2 U' L2 D B2 U R2 L' F' R B' L2 R' D' B;2026-05-23 02:48:30;18.56
840;16.66;;U R2 F' L2 F U2 F R2 B L2 B R D2 U L' R2 U L' F';2026-05-23 02:49:26;16.66
841;14.27;;B' D2 R2 F D2 B U2 F2 U2 F' L B' R U' L R2 B L' F';2026-05-23 02:50:09;14.27
842;15.55;;F2 D' B2 U B2 L2 D' B2 R2 F2 L2 U2 L F R' F2 D R' F L2 U';2026-05-23 02:50:40;15.55
843;12.17;;L2 B2 R2 D2 F' R2 F2 D2 F' L' D2 U2 R' D' L U R2 B U2;2026-05-23 02:51:21;12.17
844;12.28;;L U2 B2 L2 D R2 B2 D' F2 L2 D' F2 U' R' F' L2 F2 D F D L;2026-05-23 02:52:37;12.28
845;12.46;;R2 L2 F D' F R' L2 F' R2 B2 D' R2 U' L2 F2 D' R2 U R2 D' L;2026-05-23 02:53:29;12.46
846;13.91;;D' R B2 D2 L' B2 R D2 R F2 R' B2 R F U2 F D' F L' U';2026-05-23 02:55:13;13.91
847;17.71;;L2 R2 D' B2 D' B2 F2 R2 D2 U R D2 B U L' D' F R B2 U2;2026-05-23 02:56:05;17.71
848;19.17;;R' L2 F U' F L2 F R2 U2 F2 U2 D2 L U2 L' B2 L' B2;2026-05-23 02:57:07;19.17
849;10.98;;B' U' F' L D2 F' D' L2 U2 L F2 R U2 F2 L' F2 D2 F2 L;2026-05-23 02:58:12;10.98
850;16.76;;D2 F2 U F2 R2 U B2 R2 D F2 U L F R' F2 D2 B' U' B' F U2;2026-05-23 02:58:51;16.76
851;17.27;;F D L' D B D R2 B D2 L U2 D2 B2 U2 L' F2 B2 U2 L2 B;2026-05-23 03:00:11;17.27
852;14.88;;D F2 R2 F2 D2 B2 U2 L2 D B' L' R2 D R' F2 U' B2 F R';2026-05-23 03:01:10;14.88
853;13.51;;R U2 L' U2 R' F2 R2 B2 U2 R2 U2 R2 F' D' B R U' L R2 D' F;2026-05-23 03:01:48;13.51
854;14.77;;B2 R' F B' U' B2 L' D R' D2 B2 L B2 L B2 L D2 F2 L2 B;2026-05-23 03:02:23;14.77
855;11.86;;L D L2 B2 R2 B2 D' L2 R2 D F2 U2 F U2 L' B' D' U R' D;2026-05-25 04:21:37;11.86
856;13.85;;F R' F' R B R F D2 R2 F' D2 F2 D2 R2 F' B2 L2 F2 U' L;2026-05-25 04:22:09;13.85
857;12.57;;R' B2 D' R2 B2 D U R2 D' F2 D B2 F2 L D' F2 U' F L' D2 R2;2026-05-25 04:22:59;12.57
858;11.29;;B2 F2 L2 U' F2 D L2 D2 F2 L2 F2 R2 F R2 U' R D' R D2 L' B;2026-05-25 04:24:53;11.29
859;14.93;;L' R2 U2 B D2 B' L2 F' U2 F' D2 F R2 U B2 D L' B R D U2;2026-05-25 04:25:44;14.93
860;15.12;;B' L2 B2 L2 F2 U2 F2 U B2 R2 U' R2 B2 R B2 F D' F2 U L U';2026-05-25 04:26:31;15.12
861;11.82;;U' R B D' B L U2 D F' R2 U2 R2 L2 B2 D F2 D' F2 U2 B2 U';2026-05-25 04:27:22;11.82
862;15.47;;U2 B2 D2 F L2 U2 L2 R2 U2 F R2 D2 L' D' R2 D2 U L2 F' U;2026-05-25 04:27:55;15.47
863;20.16;;D R2 D2 F U2 L2 B2 L2 F2 D2 F U F L2 R' U2 L2 U;2026-05-25 04:28:29;20.16
864;14.48;;B U F' R2 F2 U2 R2 D B2 F2 D' B2 U' L B2 D2 U L' B';2026-05-25 04:29:17;14.48
865;12.43;;U L' U2 F2 L' F2 L D2 L2 F2 L' U2 D' B' U2 F D' B D U;2026-05-25 04:29:55;12.43
866;13.67;;U2 B2 F2 U R2 U2 B2 U R2 U' R' B' D2 B2 D' U2 F2 L R D2;2026-05-25 04:30:29;13.67
867;12.73;;R2 L2 D' F' U' L B2 R F2 U2 R2 F' L2 F D2 B2 L2 B' R2 D2;2026-05-25 04:31:13;12.73
868;12.89;;L U2 B' F2 L2 F2 L2 D2 B2 U' L2 R2 U' F2 R F' L' B' L F' D';2026-05-25 04:31:47;12.89
869;15.88;;F' U B2 D2 F2 U' F2 U' B2 U' B2 F' U2 F' D' F2 L' R' B' R;2026-05-25 04:32:29;15.88
870;21.36;;R U2 R2 F U2 L2 B F2 R2 U2 F D2 R' U R2 U' L B U' F D;2026-05-25 04:33:16;21.36
871;15.34;;B' F2 L2 R2 D F2 D2 U R2 D L' U F' D2 B' U F' D';2026-05-25 04:34:13;15.34
872;14.07+;;U2 L' D' U' R2 U' B2 F2 L2 B2 R2 U2 R F' U2 B' F' L F U';2026-05-25 04:34:56;12.07
873;16.22;;F L B F' R2 D2 F' R2 U2 F R2 L' U B L F' U' B2;2026-05-25 04:35:49;16.22
874;12.18;;L2 U B L2 B' D2 F D2 L2 F' R2 D' R2 B F D' R' D2 U;2026-05-25 04:36:41;12.18
875;13.22;;B2 L' U2 B2 L B2 R' B2 L2 F2 U2 D' B L' R B2 F2 U B F;2026-05-25 04:37:32;13.22
876;18.44;;F2 U L B2 D' B2 L2 B2 U' L2 F2 D F2 U' B' F L' F2 U L2 F;2026-05-25 04:38:04;18.44
877;19.47;;D' B2 L2 D B2 L2 F2 U2 B2 R B' R B2 D2 R2 D' F L2 U2;2026-05-25 04:38:54;19.47
878;13.81;;F2 U L2 D2 F2 L D2 F2 R2 D2 B2 F2 R B' D2 F' U B2 L2 D';2026-05-25 04:39:55;13.81
879;12.64;;R L2 D' F2 D F2 U R2 U' R2 F2 U2 B L' R U' L2 U' B L2;2026-05-25 04:40:52;12.64
880;14.48;;R B' R2 F L2 U2 R2 B' L2 B2 U' B D R U' R' F U;2026-05-25 04:43:30;14.48
881;19.39;;B' L2 F2 U2 L2 B U2 B' U2 R2 D2 F2 L' R' U L R D' B' F2 L;2026-05-25 04:44:11;19.39
882;13.94;;D2 R B' R2 F2 L R2 B2 R D2 R' F2 U F' D U L' R2 F';2026-05-25 04:44:54;13.94
883;10.80;;L' U' F2 B' D' L' F R F2 B2 R F2 L D2 R B2 R F2 L2 F' U;2026-05-25 04:51:13;10.80
884;16.26;;L' U' F2 B' D' L' F R F2 B2 R F2 L D2 R B2 R F2 L2 F' U;2026-05-25 04:53:28;16.26
885;21.90;;D2 L' U2 B2 L2 R U2 B2 F2 R2 B2 U' F' D' L' F R U B' F D;2026-05-25 04:54:19;21.90
886;DNF(16.19);;D2 B2 L2 D2 U2 F D2 U2 F2 R' U2 B L2 U B' L' B L2;2026-05-25 04:56:46;16.19
887;14.65;;D2 B2 L2 D2 U2 F D2 U2 F2 R' U2 B L2 U B' L' B L2;2026-05-25 04:57:56;14.65
888;11.80;;B' U' B2 U' R2 U2 L2 D F2 U B2 L B2 F' R F' D2 B2 L2 U;2026-05-25 04:58:39;11.80
889;11.09;;D' U2 B' L2 U2 F' U2 L2 F' L2 B D2 B2 U' R2 B D' R B R';2026-05-25 04:59:14;11.09
890;20.03;;U L2 F2 U2 F D F' B U D2 L2 B2 R' U2 F2 R D2 L' F2;2026-05-25 04:59:58;20.03
891;16.12;;D2 L2 D' L2 U' F2 D' B2 U F' R2 D' U L' D L' F R' F2;2026-05-25 05:00:52;16.12
892;16.84+;;U' R' L2 B2 D B2 U2 F2 D' R2 F2 L2 R B' L D F2 L' U F2;2026-05-25 05:01:39;14.84
893;12.76;;U2 F' U2 F' L2 D2 F' U2 F D2 U2 L2 U' B L' U' B D' L R B';2026-05-25 05:02:28;12.76
894;12.92;;B2 F2 D R2 D' R2 U B2 L2 U' L2 D' B' L B' D2 R' F2 U' F2 R2;2026-05-25 05:03:05;12.92
895;13.66;;D' F R2 F2 D2 L2 D' B2 F2 D2 F2 U' F2 B' L' R F L' B2 L;2026-05-25 05:04:39;13.66
896;21.52;;F R' U D2 L2 F' L2 F' D2 F2 U2 F U2 R2 L' D' U' F L2 D2 L2;2026-05-25 05:05:51;21.52
897;23.56;;R2 B F2 U2 L2 B' F2 D2 U2 R' D' U L' U' L' F D' B2 D;2026-05-25 05:07:07;23.56
898;1:03.57;;U R' F' L' F B2 L2 F' R' D2 L2 U L2 B2 D' B2 R2 U' L2 U;2026-05-25 05:08:06;1:03.57
899;14.31;;B' R U2 R' U2 B2 F2 L' B2 R B2 F2 R2 D L' B' D2 B L' D' U2;2026-05-25 05:18:10;14.31
900;15.71;;U2 L2 U F U' F B R B' U2 B2 R D2 R' B2 L' U2 D2 B2 L;2026-05-25 05:19:38;15.71
901;13.36;;B2 L2 U2 F2 L' F2 R' D2 F2 U2 R' D R2 U R2 F' U' L2 F2 D';2026-05-25 05:20:28;13.36
902;11.80;;F D2 R2 F L2 U2 F' D2 B' L2 R2 U' L' R D' L' F2 U2 B' U;2026-05-25 05:21:14;11.80
903;15.40;;F R F D' B2 D2 F' U' L U2 L' B2 D2 B2 L2 U2 R F2 B;2026-05-25 05:22:01;15.40
904;15.69;;D F2 U' L' B R B2 U F2 R' F2 D2 L2 U2 F2 D2 R B2 R B';2026-05-25 05:22:56;15.69
905;21.56;;D2 B R2 D2 R2 B2 U2 B L2 B2 F' R2 L' U' B' D' U' B2;2026-05-25 05:23:55;21.56
906;12.97;;R' F U R B R2 U' B' D2 B' U2 L2 B2 R2 F D2 B R2 L;2026-05-25 05:25:18;12.97
907;15.83;;L' B' U2 L' F2 U2 R2 U2 F2 R U2 R B' U' R F2 D2 B2 D2;2026-05-25 05:26:42;15.83
908;12.36;;D L2 B L2 B L2 F U2 F L2 F2 L2 U2 R' D F' R2 D R' D2 F';2026-05-25 05:27:13;12.36
909;14.14;;D2 U2 R B2 F2 L R F2 L' U2 R' U2 B' U L B F2 R B L' U2;2026-05-25 05:27:50;14.14
910;13.55;;U2 R B2 D' F U' R U L B R2 F U2 D2 F2 B U2 D2 L2 U2;2026-05-25 05:28:30;13.55
911;13.92;;L R2 U2 L2 U2 B' L2 D2 F R2 F2 R2 B' D' F R U2 B' R F2 R;2026-05-25 05:29:11;13.92
912;11.47;;B' R2 D2 B2 D' U2 F2 U' B2 U' B2 L F' R' F' U2 B2 D F R';2026-05-25 05:29:43;11.47
913;11.46;;B D2 L2 B D2 U2 F U2 L2 B D2 B2 L' R' U' F U2 B' U2 R2 B';2026-05-25 05:30:25;11.46
914;12.42;;R F U2 F R2 B2 F L2 U2 L2 D2 R2 B' U R' B2 R2 D L' F' L2;2026-05-25 05:31:36;12.42
915;12.17;;D L' B' U' L' U R' B2 U2 L2 F2 R U2 B2 D2 F2 L2 F2 B D';2026-05-25 05:32:07;12.17
916;13.09;;D F R L U B U' L2 D2 F2 R2 B2 L' D2 R' D2 R B' R;2026-05-25 05:32:51;13.09
917;15.74;;B' R L U R' U2 D B' D R2 F2 R2 D2 F2 L' U2 L B2 R2 B2 D2;2026-05-25 05:34:05;15.74
918;19.15;;B D' L U2 R F2 L' B2 U2 R2 U2 R D2 R' D R2 U' L D2 B' D;2026-05-25 05:34:52;19.15
919;15.12;;F' R' D' L F' B' L' U2 F B2 R U2 D2 R2 F2 D2 R' L2 D2 R' U2;2026-05-25 05:36:03;15.12
920;13.51;;L2 R2 F2 U2 B' U2 B R2 U2 L2 R2 F U B D' U2 L2 B R' B' D;2026-05-25 05:37:13;13.51
921;14.68;;R U' B2 D2 L2 B2 D L2 D' F2 U2 F' R' B2 U2 B2 R B2 U;2026-05-25 05:37:42;14.68
922;12.09;;U2 R2 F2 L2 F2 U2 R2 U B2 U' L B' F L2 R' U F' D' L' F';2026-05-25 05:38:28;12.09
923;13.46;;R F2 L D' R F B U2 L' U2 B2 D2 B L2 F U2 F R2 B R2;2026-05-26 02:54:39;13.46
924;13.89;;R' B2 L B R2 B2 R2 U2 F L2 B U2 F' U B2 L2 R' B' F' U;2026-05-26 02:55:16;13.89
925;13.74;;U' R' L U2 B' D R U2 F2 D F2 L2 D L2 F2 B2 U F2 B L2;2026-05-26 02:56:00;13.74
926;20.15;;R F2 L' D2 R F2 L' B2 F2 U2 L2 F2 U' B U2 R D' U2 F L B2;2026-05-26 02:56:59;20.15
927;14.10;;F2 U2 R2 B2 U' R2 B2 D2 U B2 D F2 R' B' U' F D' F2 R' D' R2;2026-05-26 02:57:44;14.10
928;13.49;;D' L' F2 U' D L' F L2 F U' B2 D' R2 L2 B2 U B2 R2 D;2026-05-26 02:58:11;13.49
929;12.37;;R D F2 U B2 U B2 U' F2 U2 L2 B' R B D2 B' D2 L' R B';2026-05-26 02:58:48;12.37
930;11.20;;L F2 R' L F R D' B U R L2 D2 L' F2 D2 R' B2 R D2 F2;2026-05-26 02:59:18;11.20
931;13.81;;F2 D2 R2 U B2 D' U' F2 L2 B2 L' D2 B U F R2 U L' D2 B2;2026-05-26 02:59:57;13.81
932;14.50;;R U D2 F B2 R2 D' B' R' F' U2 B' D2 L2 B R2 L2 D2 L2;2026-05-26 03:00:30;14.50
933;12.89;;R L2 F2 D' F' R' U' D2 R' F2 L' F2 B2 L' F2 R' B2 R2 B D;2026-05-26 03:01:31;12.89
934;21.55;;B' U' F R2 L B R B' L2 B U2 D2 F2 R2 F' D2 F2 L' D2;2026-05-26 03:08:46;21.55
935;12.80;;L2 F2 L2 F D2 F R2 U2 F' D2 R2 F L' D R D L' B2 D' F R';2026-05-26 03:16:40;12.80
936;13.90;;U B2 L2 U2 F2 D2 B2 U F2 R2 F2 R D' R D2 L' B' F2 R' F;2026-05-26 04:32:16;13.90
937;16.20;;B2 U R2 F2 U F2 U L2 F2 U' L2 U' F' L2 D B2 L' B' U2 F' L;2026-05-26 17:13:56;16.20
938;15.84;;D L' F B2 R L' B R' U F2 L U2 L F2 B2 R L F2 D2;2026-05-26 17:15:09;15.84
939;13.88;;D U R2 B2 U' R2 B2 D L2 R2 D' U2 L' D' F D2 L2 R2 D L;2026-05-26 17:15:45;13.88
940;11.57;;L2 F2 R' B' D R L' B' U F2 U2 F U2 B' D2 L2 F' U2 F D2 B;2026-05-26 17:16:52;11.57
941;11.67;;R B L2 U2 L F' R' B U' B2 D F2 D2 F2 U' L2 B2 U' B2 R;2026-05-26 17:18:19;11.67
942;12.00;;L U2 B R' L' F U2 R U B2 L2 U L2 F2 L2 U2 L2 U' F2 U;2026-05-26 17:20:41;12.00
943;12.32;;R' D' B U2 D' F B2 L U' F2 B2 D' F2 U' R2 F2 U L2 F2 D2 B';2026-05-26 17:21:35;12.32
944;11.44;;U2 F' D' B R F' U F L2 F' L2 F2 U2 F' R2 D2 B D2 R D2;2026-05-26 17:22:41;11.44
945;17.04;;U' L' B L B L' F' B' R' U2 R2 U2 F2 D' F2 U R2 F2 R2 U' B';2026-05-26 17:25:17;17.04
946;23.07;;L F2 R2 B2 R' B2 U2 R2 D2 L D2 U' R' U2 B' F L2 D L2 B;2026-05-26 17:26:03;23.07
947;15.32;;L' B' L2 U2 L2 U B2 F2 D' B2 L2 D R2 B' F' U' L' R2 B2 D' R2;2026-05-26 17:26:57;15.32
948;13.74;;L D2 B2 R F2 R' B2 D2 R D2 F2 R' D F' D2 U2 R B L F L;2026-05-26 17:27:32;13.74
949;17.49;;U2 R2 D' U2 B2 R2 U L2 D2 L B' D' L D2 R' B U L' R';2026-05-26 17:28:06;17.49
950;17.99;;U' R' L2 D2 L U2 F U R D2 R' F2 D2 L U2 F2 D2 R' D2 R B;2026-05-26 17:29:10;17.99
951;18.29;;F D U F2 R2 F2 U' L2 U R2 F2 R B F' R' B D U2 B';2026-05-26 17:29:54;18.29
952;11.89;;L' D U2 L2 B L2 U2 B' U2 F2 U2 F' R2 F' R' B L2 U R D' F';2026-05-26 17:30:50;11.89
953;13.21;;U R' D2 R2 F L2 U2 B U2 L2 B' D2 R2 U2 R' D' R' D' U;2026-05-26 17:31:30;13.21
954;14.77;;R' U L2 D F2 L2 D' B2 D2 F2 R2 F' L' R' D B D2 U2 R2 F;2026-05-26 17:32:11;14.77
955;17.17;;U L' B2 U L2 B' R F2 R2 F2 B' L2 U2 F' L2 F' R2 D2 L F2;2026-05-26 17:33:07;17.17
956;13.15;;F' L U2 B2 D2 L B2 R2 D2 L2 U2 F2 R' U' L U R U B' F L2;2026-05-26 17:33:55;13.15
957;12.80;;F2 D2 F2 R2 U L2 R2 U' B2 U R' U' B' U2 R2 F D2 U B F;2026-05-26 17:34:35;12.80
958;15.53;;B' U2 B D2 B' R2 B' L2 B2 D' R' D' B2 L2 R' U L B' D;2026-05-26 17:35:07;15.53
959;DNF(17.04);;B U2 R2 F L2 U2 R2 F2 D2 U2 B' R' D' U2 F2 L' B2 R' D' L' U';2026-05-26 17:35:42;17.04
960;17.15;;F2 R2 B R2 B2 R2 U L2 U F2 D R2 D' R2 B' U' R2 F' L' U' R';2026-05-26 17:36:28;17.15
961;18.08;;L' U' B U2 F R' L B' D F' D2 F' R2 F U2 B L2 D2 B' U2 B2;2026-05-26 17:37:07;18.08
962;17.30;;L2 D F2 D' B2 U R2 D R2 U F2 R F D R F2 U B' R F;2026-05-26 17:37:44;17.30
963;16.16;;U2 L' F2 D2 L R D2 F2 L' B2 R' D2 F' R' B D2 B R' U' L' F2;2026-05-26 17:44:51;16.16
964;14.48;;B' U R D2 R2 F2 L2 F2 R2 D U R2 U2 R F' R F' U2 F D';2026-05-26 17:45:52;14.48
965;13.40;;B U B R' B' U' R L U B2 D' F2 U D' F2 R2 B2 L2 D';2026-05-26 17:47:33;13.40
966;14.55;;L2 D' B2 D2 R2 U B2 U' B2 U F2 U' L' F L' R D2 U2 B R;2026-05-26 17:49:19;14.55
967;17.08;;B2 D' B2 D F2 D L2 D' L2 D R2 F' L' F2 D2 L2 F' L U' R2 U;2026-05-26 17:49:54;17.08
968;19.57;;B R2 F' R U2 B' R' L2 D L' D2 L' U2 R' D2 F2 R2 F2 R' B2 R';2026-05-26 17:50:42;19.57
969;13.75;;D' L B2 D F2 U' R2 B2 R2 D L2 U F2 L' B F2 U L2 D' B F';2026-05-26 17:51:49;13.75
970;12.08;;F' U' F' D' B2 L2 U R F D2 R2 B R2 F2 U2 R2 B D';2026-05-26 17:52:28;12.08
971;15.31;;B L' U2 F2 U2 L2 F U2 R2 F' U2 R2 F2 R F U R B' L2 U B';2026-05-26 17:53:39;15.31
972;13.88;;F' D' F2 D' R2 D2 B2 R2 D' F2 D B' L R' D L' F U' F' D';2026-05-26 17:54:23;13.88
973;19.31;;R' D2 L2 B2 L2 U2 L2 F L2 B U2 F' D2 L F' R U' R2 B D' B';2026-05-26 17:55:19;19.31
974;10.82;;R F' R2 D2 F' L2 D2 F D2 L2 D R' D' B L2 F2 D' R2;2026-05-26 17:56:21;10.82
975;12.22;;R' F2 U L2 R2 B U2 R2 F D2 L2 F2 U B' F2 R' U L2 F2;2026-05-26 18:00:36;12.22
976;12.07;;L B R' B2 L' D2 L' D2 B2 F2 L B2 D L' B F L F' L;2026-05-26 18:01:06;12.07
977;11.88;;R' F U R2 F2 R2 U2 L2 R2 F2 U' B2 F2 D' R' F2 U' B U2 F2 D;2026-05-26 18:01:38;11.88
978;15.73;;F L' D F2 D' B2 D2 R2 U' F2 R2 F2 U' R2 L' B' F' D B' F2 U2;2026-05-26 18:02:39;15.73
979;14.45;;F R2 F' U2 F2 U2 R2 U2 R2 B' L2 U2 R' U L2 D L' B' L R D2;2026-05-26 18:03:12;14.45
980;19.02;;R B2 D' F2 L2 D' B2 U' L2 U F2 R2 F D' F2 L2 U' F R;2026-05-26 18:05:32;19.02
981;12.67;;R2 D2 B2 U' L2 D F2 R2 B2 U2 L2 U' R F U' B2 F' L U2 F2 D';2026-05-26 18:07:53;12.67
982;15.76;;U2 L' F' L2 B2 U2 B2 U' B2 L2 D2 R2 U2 L D2 B L2 U' B R;2026-05-26 18:08:24;15.76
983;14.50;;D2 F2 R2 D2 L2 F' D2 F2 R2 B' D2 U F' L2 D' B2 U2 L R2 D';2026-05-26 18:09:00;14.50
984;19.60;;U2 L2 U F2 R2 D F2 D' B2 D' L2 R D U' F D B' U' L' B D2;2026-05-26 18:09:40;19.60
985;13.79;;L2 R2 D' F2 D' L2 D F2 L2 R2 U L' U B2 R F R2 F2 D' B2 F;2026-05-26 18:10:20;13.79
986;15.22;;F2 D' L U' B2 R2 U' R2 D' U2 L2 U B2 R2 L' B' D U' F L' R;2026-05-26 18:11:08;15.22
987;14.30;;B' U R' D2 R2 D L2 F2 D2 L2 B2 U' B2 U L F' D2 U' F' L D';2026-05-26 18:11:41;14.30
988;16.75;;U' L2 B2 D L2 D2 F' D' R2 F2 D R D' B L B2;2026-05-26 18:12:19;16.75
989;18.38;;L2 R D' R2 B2 D2 B2 D' F2 U' B2 D2 L' F' U L' B' R' U' F';2026-05-26 18:12:56;18.38
990;11.52;оч крутой скрамбл;L' U L' B2 L2 U2 B2 L D2 F2 L' B2 R B U' L D' F2 D U;2026-05-26 18:14:38;11.52
991;19.02;;D U2 F U2 B L2 B U2 F' L2 U2 F R B' F' L' U F L R';2026-05-26 18:18:13;19.02
992;14.52;;R' F' U2 L D2 R F2 R' D2 U2 F2 L2 U2 R U' F' L B D2 L' F;2026-05-26 18:18:54;14.52
993;14.87+;;L' U B2 L' F2 R' U2 R2 U2 L2 U2 B2 R' B L2 D' F' D' U L;2026-05-26 18:19:35;12.87
994;15.85;;L' D' F2 R B2 F2 D2 R' F2 R2 D2 U2 L' D' R' B2 U2 F' R' D;2026-05-26 18:20:26;15.85
995;13.83;;F2 D2 R' F2 R2 U' F2 B' D' L2 F2 D2 R2 B2 D2 R F2 R' F2 R2;2026-05-26 18:21:15;13.83
996;14.38;;R2 F' U' F2 U' F2 U' R2 F2 D' R2 U2 R2 F2 R' B2 L F' R2 D B2;2026-05-26 18:21:49;14.38
997;17.99;;D2 R D' U2 R2 U B2 D B2 L2 R2 D R2 B R F U' R2 D R B';2026-05-26 18:22:28;17.99
998;16.22;;L2 F U2 B2 R2 D2 F' R2 F2 U2 B' R' U' B2 L2 R' D R' U' R F2;2026-05-26 18:23:23;16.22
999;12.32;;D L2 D L2 U B2 D L2 R2 F2 U' L2 R' U L F2 D B' U2 L F;2026-05-26 18:23:58;12.32
1000;16.54;;U' L2 U2 B2 U2 R2 F' D2 F2 L2 F2 R2 F' D U' L' F U2 B' U' B2;2026-05-26 18:25:25;16.54
1001;11.83;;B2 D U2 B' U2 L2 B' L2 B D2 F' L2 D2 F' R B R' U' R D' B2;2026-05-26 18:26:22;11.83
1002;11.69;;U R' U2 R2 D' B2 R2 D' L2 D2 F2 U L2 B R D' B' L' R' D2;2026-05-26 18:26:57;11.69
1003;13.26;;D L B2 U F U R2 B' D' B2 R2 F2 R' F2 L2 U2 R F2 R2;2026-05-26 18:27:29;13.26
1004;11.37;;L F L' F2 U L2 U2 B' R U2 F2 R2 D2 B2 U2 B' D2 R2 U2 R2;2026-05-26 18:28:16;11.37
1005;13.06;;U' B2 D' U2 F2 U2 B2 R2 B2 R' F R U L2 F2 L' B' L U2;2026-05-26 18:28:53;13.06
1006;16.89;;U R2 D L F' B' R L' U L' D2 L2 U F2 B2 R2 U F2 U' R2 D';2026-05-26 18:31:16;16.89
1007;14.90;;D2 R2 L2 F D F2 R U L2 F2 R L2 F2 U2 B2 R D2 L D2 B2;2026-05-26 18:42:46;14.90
1008;19.99;;F R F' L2 B' R U' R F' L2 B R2 U2 F2 U2 B' L2 F2 R2 D2;2026-05-26 18:45:41;19.99
1009;12.84;;R D2 L2 B U D2 F2 R D' L2 F' B2 L2 U2 F L2 U2 F D2 L2;2026-05-26 18:46:20;12.84
1010;12.46;;U2 F2 U' F2 D' F2 U2 L2 D2 R2 F' L U F L' D' L U2 R' U;2026-05-26 18:46:57;12.46
1011;12.51;;L B2 D2 U F2 U L2 B2 F2 D2 U2 L' B' D U B' R U2 F2;2026-05-26 18:47:54;12.51
1012;13.37;;F2 D B2 F2 D2 R2 D' L2 U' F2 U' R2 B' D R2 B' D F' U' L';2026-05-26 18:53:41;13.37
1013;14.45;;F2 D2 U2 B' R2 F D2 U2 B D2 R2 U R B2 F' L2 B2 D U B;2026-05-26 19:00:41;14.45
1014;14.76;;F L' F D L' D F2 D R' F' D2 B2 U2 R2 B R2 L2 F R2 D2;2026-05-26 19:01:15;14.76
1015;19.51;;L' B' U2 F D2 U2 L2 B U2 F R2 U B2 R' D' U2 R2 F L B2;2026-05-26 19:01:45;19.51
1016;13.62;;L2 D R' F' B2 L' D U2 F U2 B2 D2 F2 R2 B' U2 D2 R2 F L' B';2026-05-26 19:02:28;13.62
1017;13.93;;R2 D R2 D' U2 F2 D L2 U2 R B' U B' L' R' U' B R' F;2026-05-26 19:03:03;13.93
1018;14.85;;U2 R' B2 L' D2 L2 B2 L B2 R U2 R' B L' B' D' B D' F D2;2026-05-26 19:03:52;14.85
1019;12.23;;L2 F R2 F L2 B R2 U2 B' L2 F U2 R B' L2 U F R' B2 L2 D2;2026-05-26 19:04:30;12.23
1020;15.05;;U2 L' U2 B2 D2 R2 D2 F2 L B2 L D B U' B' F U' R2 U' B';2026-05-26 19:04:59;15.05
1021;16.58;;U' D R' D L F' U2 F U' D2 L U2 D2 R B2 L U2 D2 F2 U2;2026-05-26 19:07:14;16.58
1022;16.16;;R' F' L2 F' L2 B2 D2 F U2 L2 F D' L2 B' D' R D2 U' F2;2026-05-26 19:08:31;16.16
1023;11.19;;L D2 L' F2 L2 U2 L D2 B2 R2 U2 F2 U B L' D' B' F2 U2 B U';2026-05-26 19:09:05;11.19
1024;13.20;;U B R U F' B' L2 F' L R2 U F2 L2 B2 D R2 U B2 D2 B2 D';2026-05-26 19:09:40;13.20
1025;13.23;;B L2 R2 B F U2 F' L2 R2 U2 L2 F' L' D F' L' R' B2 F R' U;2026-05-26 19:10:10;13.23
1026;13.18;;U2 L D2 L R2 D2 U2 R' U2 F2 L' D2 B R D L2 D' L' U L' R';2026-05-26 19:10:54;13.18
1027;13.28;;U2 L2 F' D2 U2 B2 R2 B' D2 B R B2 L2 D' F' U' F' R U' R2;2026-05-26 19:13:02;13.28
1028;14.05;;F' B2 U' L2 D R2 D F2 R2 U2 L2 U' F' R2 F R' D' L' B2 D' B';2026-05-26 19:13:54;14.05
1029;12.62;;U2 L2 F U2 B2 L2 B' L2 D2 U' F R' B' D F2 R D' U2 B';2026-05-26 19:16:57;12.62
1030;12.81;;R' B2 D2 R B2 D2 F2 R2 B2 R2 D B F2 U' F2 L U L' D;2026-05-26 19:19:20;12.81
1031;14.36;;D2 R' U2 L F' R2 D L' F' R2 L2 U2 F L2 U2 B D2 B D2 R;2026-05-26 19:23:43;14.36
1032;11.77;;F L2 D2 L F' L D R' F2 D2 R2 F2 U2 F2 R B2 R2 U2 F R';2026-05-26 19:24:48;11.77
1033;10.89;;B2 D' R' F U' L2 U F2 L' U2 B2 D2 F' U2 F' R2 F D2 F' D2 B2;2026-05-26 19:27:10;10.89
1034;14.99;;F' L2 F2 U' D2 F' D L' D2 L D2 R2 D2 B2 L F2 U2 B2 L2 B D;2026-05-26 19:28:23;14.99
1035;13.84;;R2 U2 F' U2 B' U2 F D2 F R2 D2 R F2 L U L' D2 B' R2 B;2026-05-26 19:29:05;13.84
1036;18.49;;L2 R2 U2 L2 U' L2 R2 B2 D F2 L' B2 D2 U R2 B R F' D R;2026-05-26 19:29:46;18.49
1037;13.97;;R' B' F2 U' L2 R2 B2 D' U2 L2 U R2 B2 L2 F U' L' U L U' B;2026-05-26 19:30:35;13.97
1038;13.02;;F' L2 B2 L2 U' R2 U B2 L2 R2 F2 U' L' B' L' D' L' D' R2;2026-05-26 19:31:05;13.02
1039;15.05;;L2 U' L2 D' L2 B2 D' R2 D2 F2 L' B U F' R U2 L' R' B2 R2;2026-05-26 19:32:18;15.05
1040;14.10;;U F L F' R D2 B D' F' B' R2 F D2 B' D2 F R2 D2 R' U;2026-05-26 19:32:58;14.10
1041;14.08;;U B2 L U2 F2 U2 R2 D2 R2 U2 F' R2 F2 R' B F' U' L D2 B2;2026-05-26 19:33:34;14.08
1042;23.56;;L U' L F2 U2 R' D2 U2 F2 R D2 R D2 R' U' B' L2 R B2 D F2;2026-05-26 19:34:17;23.56
1043;13.49;;R' D' B2 R2 U2 F2 U' B2 R2 U L2 B' R' F L B2 U L F;2026-05-26 19:35:07;13.49
1044;16.59;;U2 L' D2 F2 L F2 R2 D2 F2 U2 B' D B L U' R2 B U B2;2026-05-26 19:35:50;16.59
1045;14.84;;F' U' B R L' D' F U B' F2 U2 L' B2 R' B2 L' D2 R' U2 F2 U2;2026-05-26 19:37:02;14.84
1046;17.27;;D2 F' L2 F2 U2 B U2 R2 U2 B' R2 L D' R B F L' R2 D2 F;2026-05-26 19:37:33;17.27
1047;16.75;;R2 U2 R L D' B R' U L2 D2 F R2 F2 U2 F' U2 B2 R2 F2 U;2026-05-26 19:38:13;16.75
1048;15.95;;L R2 U2 F' U2 B2 F' R2 B2 L2 U2 F R2 D B' R' B L U' L' F2;2026-05-26 19:38:52;15.95
1049;14.34;;U2 B2 R2 F2 U' B2 L2 U' B2 L2 D' F2 L' D' F2 R D' L2 F D2 R2;2026-05-26 19:39:24;14.34
1050;11.95;;B' L B2 F2 L2 D2 U' R2 D2 R2 U' B2 U2 L F' R' B' D B2 R B;2026-05-26 19:39:59;11.95
1051;13.78;;B2 D' U2 L2 U2 B2 F U2 F' U2 L2 F' L R2 B' L' B' R' F;2026-05-26 19:40:48;13.78
1052;18.46;;L' D F' L' F R' D' R2 B L2 B' U2 F L2 B2 U2 B U2 F' U';2026-05-26 19:41:57;18.46
1053;15.21;;L F2 D R2 D' F2 U' L2 R2 U B2 D' L B2 D2 F' R B' R2 B';2026-05-26 19:42:47;15.21
1054;11.88;;F D2 R2 D B2 L2 B2 F2 D' R2 U L2 D' R F' L' R2 U' L U';2026-05-26 19:43:33;11.88
1055;18.86;;B L2 D' B2 U2 B2 U R2 U' R2 B2 U L B2 D R' U' B' F U2;2026-05-26 19:44:10;18.86
1056;15.39;;D2 B' R' U2 L U2 R2 D' R D B2 D' L2 D' L2 D2 F2 D;2026-05-26 19:44:47;15.39
1057;13.53;;U' F' U F2 L F' B' L F2 D' F2 R2 L2 U L2 D B2 R2 F2 L2;2026-05-26 19:45:31;13.53
1058;12.49;;D2 R2 B2 R D2 R D2 U2 F2 U2 L' R F D' R D2 B2 R B' D2 L';2026-05-26 19:46:10;12.49
1059;13.48;;F2 L2 D R2 F2 U2 F2 U B2 U2 F2 L2 F' D' R B2 D F2 U2 R B;2026-05-26 19:46:55;13.48
1060;15.07;;F2 R U' L2 U L2 U' B2 L2 F2 L2 U' R2 U2 R' D F' D2 F' R2;2026-05-26 19:48:08;15.07
1061;37.18;;U2 F2 R B2 L B2 R' D2 F2 R' D2 F' U' F2 U' F U2 L2 U2 F;2026-05-26 19:49:00;37.18
1062;12.32;;F' U F L2 D2 F2 R2 F R2 D2 B2 D2 R U' L F' L2 B D2 R2;2026-05-26 19:50:03;12.32
1063;16.27;;U' L' U' F2 R2 D2 F R2 D2 B L2 F' R2 U2 L B2 D F R D2 B2;2026-05-26 19:50:45;16.27
1064;19.82;;B F2 R2 U F2 U F2 U R2 B2 U2 F2 U2 R D' B' F2 D2 U2 L' B;2026-05-26 19:51:31;19.82
1065;16.60;;U' D R B D2 L' B R D F2 R2 U' F2 B2 D' L2 F2 D L2 R;2026-05-26 19:52:29;16.60
1066;15.44+;;R' U2 F2 R2 U2 F R2 U2 F' D2 F U2 D' L' U R2 D' B' D' B';2026-05-26 19:53:17;13.44
1067;14.96;;R' D2 B' D2 F2 L2 F' U2 L2 D2 U2 B L2 D' U B L D L B2 U;2026-05-26 19:53:54;14.96
1068;12.77;;L' D2 R U' D' B' R' U2 B2 D' B2 D B2 U F2 R2 L2 D L2 R B';2026-05-26 19:55:00;12.77
1069;12.75;;L2 B2 F2 U2 B2 D' U2 B2 U B2 F2 U L F D2 L2 D2 L U B2;2026-05-26 19:55:42;12.75
1070;14.03;;B' R2 D2 F' L2 U2 B' D2 F' D2 U2 F U B' R F' D2 L F2 U;2026-05-26 19:56:13;14.03
1071;10.76;;B2 U2 F L2 U2 B L2 B' R2 F U2 B2 D' R U' F' D2 L2 U' L2 R;2026-05-26 19:56:49;10.76
1072;14.91;;R F2 U2 L B2 U2 L U2 F2 L2 D2 R U F2 L R2 F' D2 F2 R2;2026-05-26 19:58:58;14.91
1073;21.04;;B' L D' L2 B D2 F L' D L2 U2 L B2 R U2 B2 R2 U2 F2 L' B2;2026-05-26 19:59:31;21.04
1074;15.87;;U' F L2 R2 D2 F D2 B U2 L2 B2 U2 B2 R' D2 L' F2 U' B F' R;2026-05-26 20:00:14;15.87
1075;13.25;;R2 D' F2 U R2 D' F2 R2 B2 R2 B D' U' F U L' B' U2 F2 L';2026-05-26 20:00:54;13.25
1076;15.90;;D R2 D2 R2 B2 R2 U' F2 R2 U' L2 U' R' F D2 B' D L' U R;2026-05-26 20:01:25;15.90
1077;13.21;;U R2 F2 D2 B U L' D' R' U F2 U2 R2 F2 D2 R2 L2 B2 D';2026-05-26 20:01:58;13.21
1078;13.26;;R2 B U' L2 F D2 R L' D B2 R2 U2 R2 B' U2 B' D2 F R2 L2;2026-05-26 20:02:46;13.26
1079;11.42;имба скрамбл;L' F2 R2 D2 B F' D2 F' U2 F L2 U R2 F' L D U2 R U2;2026-05-26 20:03:24;11.42
1080;18.54;;B' U' B2 D' F2 U' R2 F2 D' F2 D2 R2 L' U' L' U F' L F U';2026-05-26 20:08:10;18.54
1081;12.70;;F' L B L' D' B2 L F' R2 U F2 L2 U L2 U' R2 U D2 B;2026-05-26 20:08:44;12.70
1082;18.37;;B' U2 D' R D2 R' F L U L2 B' L2 D2 F' U2 L2 D2 F U2 F2 D2;2026-05-26 20:09:23;18.37
1083;14.37;;F' R2 D2 F' D2 L' F U' L2 B2 R2 U' R2 D L2 F2 R2 U' R U';2026-05-26 20:10:00;14.37
1084;11.62;;B R2 F R' L2 D2 R' D U2 F2 U2 B R2 B U2 R2 D2 R2 D2 B2;2026-05-26 20:10:39;11.62
1085;15.78;;U' L2 U F2 D R2 U2 B2 R2 D' F D2 U2 L2 F2 L' B' L' D F;2026-05-26 20:11:38;15.78
1086;12.47;;R B2 D2 L2 D2 L2 F D2 U2 L2 F' U2 B U' B' L D L' F D2 U;2026-05-26 20:12:15;12.47
1087;13.97;;R U2 L2 U2 L2 F L2 B' U2 L2 U2 L2 F' L' F' D' B' R U F R2;2026-05-26 20:12:55;13.97
1088;17.22;;R' D2 B R2 B2 U2 B' D2 B U2 F' D2 L2 D L2 U B' U R2 U' R';2026-05-26 20:13:34;17.22
1089;13.70;;L2 D' F R2 D2 L F' D2 R F2 L2 U2 R2 U D2 F2 D' B2 U';2026-05-26 20:14:27;13.70
1090;13.30;;D' B2 F2 L2 B2 D' R2 U' L2 U2 L F2 R U' B F2 D2 F D' F';2026-05-26 20:15:09;13.30
1091;19.56;;U' L' U L2 U L2 D' R2 D' U R F' U B2 L' B' R B;2026-05-26 20:15:50;19.56
1092;15.00;;R2 D2 B2 R2 F2 L2 D' L2 D' B2 F2 L2 B U F L' D' U' F2 U R';2026-05-26 20:16:25;15.00
1093;14.57;;D2 R2 U D F R' D' B2 U2 R2 U2 L2 U2 F2 B' R2 U2 F U2 R' B2;2026-05-26 20:17:01;14.57
1094;14.37;;L2 B2 R2 F2 D U R2 D2 U' L2 F2 R' U2 B D B2 D2 L2 B D' L';2026-05-26 20:17:31;14.37
1095;DNF(16.64);;F' R2 F D2 F' U2 L2 B F2 R2 U2 D' L' B F L2 R F U L2;2026-05-26 20:18:03;16.64
1096;17.93;;U L2 D B2 D R2 U2 R2 B2 U F2 B R' B R2 U R D2 R B;2026-05-26 20:19:04;17.93
1097;16.64;;L2 B2 L2 D' F2 D' B2 U R2 U' R2 F2 L D' B R2 B F' L' B' D;2026-05-26 20:19:48;16.64
1098;13.41;;R F U2 L2 B2 R2 B U2 L2 B L2 F2 R' D2 B' U L' B' L';2026-05-26 20:20:41;13.41
1099;13.89;;U2 B' D2 B D2 L2 F U2 F D2 R2 F' D L2 R2 U' L U L' R;2026-05-26 20:22:05;13.89
1100;15.46;;B2 D' U2 B R2 F2 R2 D2 L2 F2 D2 F2 D2 L' D L' D L' D F2;2026-05-26 20:22:37;15.46
1101;15.70;;F R F2 L F2 R F2 U2 B2 U2 R2 D2 R' D R' U' B' F2 D' U2 B2;2026-05-26 20:23:19;15.70
1102;15.54;;L2 B2 L2 U F2 D R2 U' L2 D F L2 B2 L U' B' L R F' D2;2026-05-26 20:24:00;15.54
1103;13.08;;D2 B' U L2 F2 R2 U' R2 U' F2 D2 F2 R2 F' D L' R2 U' L' R';2026-05-26 20:24:57;13.08
1104;15.16;;F' B U2 L F R' B2 D R' F2 R2 F2 R2 F2 D2 F2 B2 U' B2 U';2026-05-26 20:25:36;15.16
1105;12.35;;R B2 R2 B2 R2 D2 L2 R2 U B2 D' U' F R U B L' F2 R B2 D2;2026-05-26 20:28:31;12.35
1106;14.22;;D2 R B2 F R2 F' L2 U2 L2 D2 R2 B R2 U' B2 R B F2 L D;2026-05-26 20:29:16;14.22
1107;DNF(16.27);;F2 L' D2 R U2 L' F2 R' F2 R' D2 B2 D' F D' F' U' R' F';2026-05-26 20:32:15;16.27
1108;11.99;;D' L2 D2 L B2 F2 L2 U2 L' B2 R D2 F2 B' R' D' U2 L D F2 U';2026-05-26 20:32:58;11.99
1109;13.16;;F D' R2 D' F2 U' F2 R2 F2 U' F2 L F' R F R' D F U' L2;2026-05-26 20:34:13;13.16
1110;14.81;;B L2 B2 R2 D2 L2 F2 R2 B' L2 D2 F' U B' L B2 D2 B U' B2 R;2026-05-26 20:34:50;14.81
1111;21.21+;;R2 U' B2 R' F' R B' R F2 R2 B' U2 L2 B L2 F' R2 L2 F2 D2;2026-05-26 20:35:32;19.21
1112;18.95;;B U' D' R2 B' U' B D2 B2 L D2 B2 L' B2 L2 U2 F2 L' U F';2026-05-26 20:36:16;18.95
1113;11.97;;B U2 R2 U2 F2 L' D2 R2 B2 R U2 R2 U R B D' L R2 F2;2026-05-26 20:36:52;11.97
1114;15.15;;B' D L D2 R2 D2 F2 R' D2 R2 B2 D2 F2 B' D2 L2 U' B' L R';2026-05-26 20:37:26;15.15
1115;13.56;;U2 R2 B2 D2 B' F2 R2 D2 B' F' D' B R2 B' L2 R' U F' L' F2;2026-05-26 20:38:02;13.56
1116;14.47;;B2 U B' L' B D' L' F' R D2 L2 D2 F2 B' D2 L2 F' L2;2026-05-26 20:38:38;14.47
1117;13.87;;L' B2 L2 U2 F2 D U2 B2 L2 B2 F2 R' U2 F U B' D' U2 B U;2026-05-26 20:39:08;13.87
1118;14.47;;F' B2 R L2 F U B L F' B' L2 B' D2 B' L2 B' L';2026-05-26 20:39:51;14.47
1119;13.93;;U' R2 F D F2 U2 L U2 L2 F2 B' U2 R2 B' U2 L2 U2 F R2 L B;2026-05-26 20:40:36;13.93
1120;20.26;;L D2 R' U2 L D' F2 L2 B' U R2 F2 L2 U' R2 U2 D L2;2026-05-26 20:41:08;20.26
1121;12.91;;U2 L2 F L2 U2 L2 B2 R2 B' D2 B U' L F U2 F D R2;2026-05-26 20:41:54;12.91
1122;13.91;;U2 L' U' F2 L2 R2 U B2 D2 R2 B2 R2 U B' R' F' L2 D L' B U2;2026-05-26 20:42:52;13.91
1123;14.39;;F U' R2 D2 B R2 F D2 B' D2 L2 F' L2 D L B R' F' U' L2;2026-05-26 20:43:21;14.39
1124;16.55;;U L2 F2 U R2 D' B2 U' L2 B2 F U2 F' U2 L' D U2 F' L U;2026-05-26 20:43:51;16.55
1125;21.98;;D2 F L' U B' L' D R' L' U2 F2 D B2 R2 B2 U2 L2 U' L2 U2;2026-05-26 20:44:29;21.98
1126;11.87;;F R2 L2 F' D R U2 D2 F' B2 D2 R2 L' U2 R F2 U2 F2 U2 D2 F2;2026-05-26 20:45:12;11.87
1127;13.32;;U' L2 U2 L2 R2 U B2 U' B2 U' R' B D R2 U B2 D2 L R' B';2026-05-26 20:45:38;13.32
1128;12.86;;D' R2 F D2 F U2 R2 F D2 L2 F R2 B2 U B2 L' D' B' R U;2026-05-26 20:46:09;12.86
1129;12.97;;L U' R' D' R' D2 F2 U' B L2 D2 L2 F2 R2 B' R2 D2 L2 B' U';2026-05-26 20:46:39;12.97
1130;14.73;;D2 R' B2 R D2 F2 U2 R2 D2 F2 R2 D' F2 R D B' U' R D2 R2 F';2026-05-26 20:47:11;14.73
1131;14.84;;L2 F' L2 B F2 D2 B' D2 R2 D L R U F' D R U B' D;2026-05-26 20:48:01;14.84
1132;13.85;;B' U2 B2 R' U2 L D2 U2 L' U2 L2 U2 D L2 U2 R' D' F' L2 D;2026-05-26 20:48:30;13.85
1133;12.94;;F' D L2 B' U2 B2 U2 R2 B' U2 F R2 B' L U' L B2 F2 L B' D';2026-05-26 20:49:06;12.94
1134;12.21;;R2 D R L2 U L2 D' F2 D B2 D U2 F2 R2 B R F' R D' U2 L';2026-05-26 20:49:38;12.21
1135;36.71;;F U' R' U2 R L2 B U' B' R2 D2 L2 B2 U2 F' D2 B R2 F2 D';2026-05-26 20:50:08;36.71
1136;16.05;;B2 D L2 D' U2 B2 F2 U' F2 D' B U2 L F' R F' D F' D2 B;2026-05-26 20:53:13;16.05
1137;16.98;;B' D2 B2 D2 F2 R B2 L F2 U2 B2 F R2 F2 D F L' R' F;2026-05-26 20:53:45;16.98
1138;13.32;;R F2 R2 F2 L2 U2 F L2 U2 F' D2 U' B L' D B' D2 R D';2026-05-26 20:54:26;13.32
1139;13.50;;B' L' D2 B2 L2 D' R2 D' L2 U' L2 F2 U B R D F L' F2 D;2026-05-26 20:54:56;13.50
1140;14.54;;R2 B2 R2 D B2 L2 F2 U' F2 B D' L2 B2 U2 L D' F L R';2026-05-26 20:55:27;14.54
1141;13.30;;B' U' R B2 L2 D' R2 U F2 L2 R2 D2 L2 F L' D B U R2 B F';2026-05-26 20:55:59;13.30
1142;16.98;;L' U2 D2 B2 L2 F B2 U2 R' L2 B2 L2 U L2 D L2 D' F2 L2 U' L2;2026-05-26 20:56:46;16.98
1143;12.80;;F2 D R2 B' L' U F U2 F2 R' U2 D2 B2 R2 L' U2 D2 R' U;2026-05-26 20:57:28;12.80
1144;13.25;;F U' R L' D R2 L B' U B2 D' L2 U2 R2 U F2 U' B2 L2 U;2026-05-26 20:57:56;13.25
1145;16.00;;B' D R2 B2 U' B2 U L2 D' L2 D' B2 U2 L' F R2 B' L U2 R F2;2026-05-26 20:58:30;16.00
1146;14.95;;L2 U L2 D' R2 B2 D2 R2 B2 D' F2 D' R' B2 D' F' L2 F2 R' U L;2026-05-26 20:59:21;14.95
1147;20.05;;B L2 F' U R2 D F' L F R2 D2 L2 U2 F2 L2 F2 L2 F' U2 L2;2026-05-26 21:00:00;20.05
1148;14.35;;R B2 D' R2 B2 R2 D2 R2 D F2 U' B2 L2 R B' U2 F' U L F U;2026-05-26 21:01:59;14.35
1149;15.69;;U' L' U F' L2 F B2 L U' F2 U B2 U R2 L2 F2 D R2 L2 D B';2026-05-26 21:02:28;15.69
1150;16.91;;R' F' D2 R2 U R2 D R2 B2 D L2 R2 D2 B L D2 U' F2 L B U;2026-05-26 21:03:13;16.91
1151;12.27;;R2 U2 F' D2 U2 F2 R2 F' U2 L2 B' R F' L' D U2 L B L' R2;2026-05-26 21:03:48;12.27
1152;10.85;;L R2 B2 D2 U2 L2 D2 B L2 R2 B' R2 F R' U2 L B2 D' B2 U B';2026-05-26 21:04:18;10.85
1153;13.76;;R' D B U' D' F' U2 D L' F2 L2 U' R2 F2 U' B2 U' R2 L2 U';2026-05-26 21:04:55;13.76
1154;11.22;;B' D L2 F2 U' L2 F2 R2 U2 R2 U2 F2 L' D L F L' D2 L';2026-05-26 21:05:40;11.22
1155;9.82;;B' R2 B2 U L2 B2 D' L2 D' R2 U' B2 R' U2 R2 F D B' L2 F';2026-05-26 21:06:27;9.82
1156;16.53;;R U L2 B2 R2 U' L2 U' R2 F2 D F2 U' B L B' L2 F R U' F;2026-05-26 23:23:35;16.53
1157;11.24;;L U' B D2 F' D2 F R2 F' L2 D2 F' R2 B2 R' B' D2 L' D L2 D2;2026-05-26 23:24:15;11.24
1158;11.50;;R D2 F' L2 U B R' B' U2 F L2 F L2 D2 B2 R2 F R2 F U R';2026-05-27 22:52:28;11.50
1159;15.57;;U2 F' U' D' B' D' R' L F' U L2 B2 L2 U L2 D R2 D' R2 D;2026-05-27 22:53:22;15.57
1160;17.08;;R2 F2 D F2 D' U B2 R2 D2 R2 F' L' U' B2 F' L2 F U B2;2026-05-27 22:55:18;17.08
1161;18.29;;D L' U L2 U D' L D' L2 B R2 F L2 F U2 B2 R2 L2 U';2026-05-27 22:56:53;18.29
1162;13.75;;R L' F U' R' B2 D' B U2 B' R2 D' B2 U2 B2 L2 U' D2 B2 R2 D';2026-05-27 22:57:27;13.75
1163;15.94;;U' L' D R2 L' B U' F R L2 F' R2 L2 D2 R2 F2 B L2 U2 D2 F2;2026-05-27 22:58:10;15.94
1164;14.27;;F2 D2 R2 F2 D' B2 L2 R2 B' D2 R F2 U' B D L' B2 R2;2026-05-27 22:58:40;14.27
1165;15.54;;B U2 R2 F U2 R2 U2 B2 F' D2 F L' F U F' U B L' D B U2;2026-05-27 22:59:20;15.54
1166;14.01;;D' F2 L' B' U2 D L D' F2 B2 D' F2 L2 D2 R2 D' R2 D' B D;2026-05-27 22:59:53;14.01
1167;12.09;;R' D2 F B U2 B' R' L2 F R2 U' L2 U' R2 U2 B2 D R2 L2 D2;2026-05-27 23:00:29;12.09
1168;16.87;;F D2 U2 L U2 L' B2 L2 U2 L F2 U' R D2 L D' B L U2 F2;2026-05-27 23:00:54;16.87
1169;13.89;;R F R' F2 B' U2 D' R F2 R U2 L' F2 R2 L B2 D2 F2 U2 D L2;2026-05-27 23:01:41;13.89
1170;16.65;;U2 L' F U' B2 D2 F2 U L2 D' B2 U' F2 L U F U2 B' U' L;2026-05-27 23:02:09;16.65
1171;14.75;;D' L D' L2 U L2 D' L2 R2 U2 R2 F2 D' R' F D' U' B L2 R2 U2;2026-05-27 23:02:45;14.75
1172;15.99;;U' L F L R2 B2 D2 R2 D2 L' U2 R D2 U2 F D F U' B2 L' D;2026-05-27 23:03:28;15.99
1173;19.04;;B2 D2 L' F' R' F B L U B2 D2 L2 D B2 U2 F2 B2 U R2 B2 L;2026-05-27 23:05:14;19.04
1174;13.21;;R' L D2 B' R2 D' L F B R2 F2 L2 U2 L2 B D2 F' D F;2026-05-27 23:06:13;13.21
1175;16.51;;D' L F2 B' D' L F D2 R2 L2 D' L2 D' B2 L2 D' F2 L2 D L B2;2026-05-27 23:07:05;16.51
1176;15.28;;B2 R D2 L2 B' D2 L2 B' L2 D2 B2 U2 R U' B' R2 D2 B2 R;2026-05-27 23:07:46;15.28
1177;17.67;;B2 D2 B2 R2 B2 L2 U B2 D2 U' F2 D2 R U L D' L2 F' L' R';2026-05-27 23:10:16;17.67
1178;18.37;;U2 F2 R2 D2 B2 U L2 D B2 D B2 D2 B' D F2 L' U' L R2 B' U2;2026-05-27 23:10:58;18.37
1179;16.52;;R B2 R2 F D' F2 L B' U2 R2 B' D2 B2 D2 R2 F2 R2 B' U';2026-05-27 23:11:33;16.52
1180;9.75;;R F R2 F2 D2 B2 D U2 L2 D' L2 F2 D' B2 F' D B R U F;2026-05-27 23:12:17;9.75
1181;19.01;;R2 F2 U F' B2 R D L U F2 D2 R2 D2 B' R2 F D2 L2 D2 L2;2026-05-27 23:20:19;19.01
1182;13.90;;L U F' R' U' B U F R' F2 L2 U' F2 D' B2 R2 U' R2 U F2 D';2026-05-27 23:20:51;13.90
1183;17.78;;D' L2 B U2 D' F B' D' L' F2 D R2 F2 U' F2 D2 L2 B2 L2 D' R2;2026-05-27 23:21:38;17.78
1184;14.03;;F2 R' B' D' L U B R2 B2 R2 F2 L2 U2 L2 U B2 R2 B2 U2 L' U;2026-05-27 23:22:13;14.03
1185;15.20;;F2 U2 F2 R2 U' L2 R2 B2 D B2 L2 B2 F L B' D' L R' U2 L;2026-05-27 23:22:40;15.20
1186;13.79;;L F2 U' R2 B2 D2 L2 D R2 B2 R2 F' U' F2 L R2 F' L2 D;2026-05-27 23:23:10;13.79
1187;18.61;;F2 R2 U' B2 D2 B2 D B2 R2 B2 D L D' B R F2 L' U2 B2 F;2026-05-27 23:23:40;18.61
1188;13.50;;F' R D2 R F' L' U' L' D2 R2 L' B2 R2 B2 D2 R B L2;2026-05-27 23:24:16;13.50
1189;13.57;;B' R D L2 F2 L2 U B2 F2 U2 L2 D' L2 F' R' B' U' B F U F2;2026-05-27 23:24:56;13.57
1190;13.48;;R U' D2 L' B D2 R U' F U2 F2 L2 U B2 R2 U2 F2 D F2 U2 F2;2026-05-27 23:25:33;13.48
1191;12.77;;B2 L2 F2 D2 L2 R2 F2 R2 D' L' B D' U F' D' R2 D' U;2026-05-27 23:26:08;12.77
1192;18.25;;D' F D2 F D2 L2 D2 F2 L2 U2 F' D' R2 F D' B2 R' D' R';2026-05-27 23:26:39;18.25
1193;48.11;;B L2 B' L2 B U2 R2 F2 D2 U2 F' L' F R F U B' U F2;2026-05-27 23:27:33;48.11
1194;12.54;;L2 D2 F' L2 B' U2 L2 F D2 U2 R2 F2 L' D' B' F U' B' L2 U R';2026-05-27 23:28:41;12.54
1195;15.13;;R2 F2 L R2 U2 F2 R U2 F2 U2 R2 U' L' B D L R U' B U';2026-05-27 23:29:13;15.13
1196;14.26;;F2 D2 U2 R2 F R2 F D2 R2 D2 R2 D' L2 D' B R F2 D F' U' R;2026-05-27 23:29:48;14.26
1197;15.18;;U F2 U' F B U' D' L B2 U2 B2 D' L2 U B2 L2 D2 L2 U' B;2026-05-27 23:30:28;15.18
1198;15.41;;L2 D2 U2 B U2 R2 B F2 R2 F R' F L U R2 B2 D L B U2;2026-05-27 23:31:09;15.41
1199;12.55;;D F U' B2 D' F2 U' F2 U2 R2 F2 L D B2 F2 L2 B' U2;2026-05-27 23:31:39;12.55
1200;16.96;;B' L D2 L2 R D2 U2 R' B2 L' B2 F2 R' D' L D2 R2 U' L F';2026-05-27 23:32:09;16.96
1201;12.05;;L2 B D2 B2 D2 B2 R2 F2 L B2 R' U2 R D2 F D' B' D L B' U;2026-05-27 23:32:59;12.05
1202;13.61;;B' F2 D2 R F2 L U2 R' D2 B2 R' B2 U B D U F D2 L' D2;2026-05-27 23:33:24;13.61
1203;15.53;;U L D' B2 R2 U' R2 U' R2 F2 U R2 U' B R2 U2 R F R2 U' L;2026-05-27 23:33:58;15.53
1204;17.55;;D2 R2 D2 L2 U2 F2 R2 U L2 U B' R F2 U B' L2 R B2 R';2026-05-27 23:34:41;17.55
1205;15.06;;D R' F' R F U2 F U R' F2 R2 F2 R2 U' D' L2 D L2 B2 U F2;2026-05-27 23:35:16;15.06
1206;16.37;;L2 D' R2 F L2 B' L2 R2 B2 R2 F2 D2 L2 R' U' F2 L F2 L2 R2;2026-05-27 23:35:51;16.37
1207;15.46;;U2 B' U D F' U' R2 B' R B' L2 B2 U' R2 U2 L2 D' B2 R2;2026-05-27 23:36:29;15.46
1208;14.18;;U' R' D L2 F' L2 F D2 L2 D2 F' L2 F' R2 L' F L2 D2 F' R U';2026-05-27 23:37:09;14.18
1209;15.24;;U' R' U2 R2 F2 D2 R2 B' L2 B' F D2 F' R' D2 L' U' R B2 L;2026-05-27 23:37:52;15.24
1210;10.65;;L2 B2 L' D2 R F2 R2 D2 B2 D2 L D' R D2 B R U' L U2 F R';2026-05-27 23:38:42;10.65
1211;26.43;;F2 R D R2 U2 B2 D' B2 D L2 B2 U F U' L R2 U' F L R';2026-05-27 23:39:36;26.43
1212;12.60;;B D' L' U' B' D' L U R2 B2 U' L2 U B2 U L2 F2 L2 D F';2026-05-28 00:59:27;12.60
1213;16.04;;F2 D L2 R2 B2 U' B2 F2 R2 D U2 F' L D F' L U L2 U;2026-06-04 12:01:37;16.04
1214;18.84;;F L' D F2 R2 D2 R2 D B2 U2 L2 F2 D2 R' D B U B F R U;2026-06-04 12:02:27;18.84
1215;DNF(12.38);;D2 B' R2 F' D2 B' D2 B L2 B2 R2 B' D L' B U' B L B;2026-06-04 12:03:07;12.38
1216;15.15;;R2 B D' R' U2 R L' F R D2 L2 F' R2 F2 B' U2 F L2 U2 R2 L2;2026-06-04 12:03:46;15.15
1217;15.42;;F2 D F' R D L' B L2 U B2 U2 R2 D2 R2 F2 D2 B2 D R U;2026-06-04 12:04:21;15.42
1218;12.59;;D' F2 R' B2 R2 B2 F2 D2 R' D2 R2 F2 R D' R2 B' D2 R U' B' D;2026-06-04 12:04:52;12.59
1219;14.28;;F D' F2 U2 F R2 B2 L2 U2 R2 U2 F U2 L B U' B' L B2 L2;2026-06-04 12:05:20;14.28
1220;15.16;;U L2 U' L2 D2 B2 D L2 F2 R2 D F' D' F' L F2 U2 B U2 F;2026-06-04 12:05:58;15.16
1221;15.63;;B R2 D2 B' U' L2 D F' B2 D2 R F2 R' F2 L U2 R F2 R' B2;2026-06-04 12:06:30;15.63
1222;14.73;;U2 L' U2 L D' R' U F' D2 F2 B2 R B2 U2 L2 B2 R U2 B2 D';2026-06-04 12:06:59;14.73
1223;12.65;;R2 D2 U2 B2 R' D2 R B2 U2 F2 B L R2 U' L2 B2 D2 R' U;2026-06-04 12:07:35;12.65
1224;12.70;;B2 L2 R2 F' D2 B D2 F U2 L2 F D' B' L' R2 F2 D' L2 D F';2026-06-04 12:08:22;12.70
1225;14.10;;F2 D B U B2 D R2 F2 D2 R2 D' B2 U' F' R' F' L U2 F' R;2026-06-04 12:09:04;14.10
1226;21.51;;R B' U B2 L F' D' B U2 F2 B2 U L2 B2 L2 D2 F2 U R2 F2 B;2026-06-04 12:09:35;21.51
1227;14.67;;F U2 F2 D2 F2 L' B2 U2 R D2 R' D2 B' U B' F2 D L' U';2026-06-04 12:10:27;14.67
1228;12.77;;U2 F U D2 F2 U2 F' R F2 D2 F' R2 F2 U2 R2 L2 F D2 F U2;2026-06-04 12:11:28;12.77
1229;11.37;;F2 U2 B2 L D2 R' D2 B2 L B2 L F2 D' R2 U' F' U2 B' D2 F' D;2026-06-04 12:11:58;11.37
1230;10.75;;F' D2 B2 U2 L R F2 L' B2 R F D' R U' L2 B2 F2 U2;2026-06-04 12:12:30;10.75
1231;16.11;;L B' R' B2 L2 F R' F2 R B2 R2 L2 U' R2 U' B2 U' F2 R2 D' F2;2026-06-04 12:14:19;16.11
1232;17.11;;R2 D L2 F2 D2 F2 D L2 U' B2 R2 F2 R' F L' R F' D' L' D U';2026-06-04 12:15:33;17.11
1233;15.48;;D' L F2 L2 U F2 R2 U L2 U' L2 D' R2 U2 L F' D2 R2 F2 U2 L2;2026-06-04 12:17:07;15.48
1234;15.54;;F' L' R2 U2 L2 D B2 D F2 R2 F2 U2 B2 R' F U' R' U' B' U';2026-06-04 12:17:46;15.54
1235;12.29;;B2 U' F2 D' B2 D2 L2 F2 U' L2 F' L R' F' L2 U F2 L R' B';2026-06-04 12:18:21;12.29
1236;19.93;;B2 D U F2 D2 F2 R2 F2 D' L2 F' R' F R2 U' F' L' D' U' B F;2026-06-04 12:19:10;19.93
1237;12.28;;B2 D B2 D L2 U R2 D B2 L2 B2 F2 R' U' B D2 R D L2 D' F;2026-06-04 12:19:47;12.28
1238;15.97;;U B2 F2 D2 R2 D' B2 F2 R2 U2 R' D' B F2 L' U2 F' D2 L U' R2;2026-06-04 12:20:19;15.97
1239;17.65;;L2 F' L2 R2 D2 R2 F' L2 F' L2 U2 B' D' F' L' B2 F D' B';2026-06-04 12:21:02;17.65
1240;18.91;;R' U2 L2 F2 L2 D F2 D R2 D' F2 L' F L D B R' D F' U' F2;2026-06-04 12:21:38;18.91
1241;12.13;;L B U2 R2 F U2 B D2 B' U2 F2 D B' F' L D R2 B' F;2026-06-04 12:22:26;12.13
1242;15.27;;F2 U2 L2 F2 L2 R2 D L2 D F2 U' B' L2 D R F2 D2 R U' F2;2026-06-04 12:23:01;15.27
1243;15.80;;B2 L2 D F D' R' U2 R D' B2 D2 F2 R2 B2 L2 D F2 D F2;2026-06-04 12:23:53;15.80
1244;17.21;;D B L2 F' R B U D' F2 U2 L2 U2 B' L2 F R2 F2 R2 B' U2 D;2026-06-04 12:24:35;17.21
1245;16.42;;R' F L2 B' R2 F2 U2 R2 B' L U' L R D' R2 B D2 U2;2026-06-04 12:25:13;16.42
1246;21.00;;L F' L F2 R' B2 F2 L' F2 R' D2 R B U F D B F' R2;2026-06-04 12:25:48;21.00
1247;15.53;;D2 F2 L F2 L2 R D2 U2 R' D2 B2 F' L R2 D' L B D U' F' L;2026-06-04 12:26:53;15.53
1248;13.44;;D R L2 B2 L D F' R' D2 F2 B2 U' F2 U D' R2 F2 D L2 B';2026-06-04 12:27:32;13.44
1249;15.79;;F' D2 F2 U2 R' F2 D2 F2 L2 D2 R' B2 L' F' U R2 F2 D L D';2026-06-04 12:27:57;15.79
1250;13.02;;B' L2 B' D2 F2 L2 B U2 F R2 F U B2 R' D2 B2 U B' U R';2026-06-04 12:28:30;13.02
1251;11.33;;R' F D2 B' L2 D2 B2 D2 U2 R2 U2 F R U2 F L B F U R';2026-06-04 12:28:57;11.33
1252;13.86+;;U2 B2 U2 L2 F2 L2 R2 U2 F2 R' D' L2 B D U2 L R U' F2;2026-06-04 12:29:36;11.86
1253;15.24;;R2 B2 R U' L' U' F U' R F' R2 B D2 R2 B2 R2 B' L2 F' U2;2026-06-04 12:30:09;15.24
1254;13.11;;U2 L2 B2 U2 R' F2 R' D2 R2 B2 U L' B' U' F D2 L U2 B;2026-06-04 12:31:30;13.11
1255;14.04;;R D B R2 D2 R U2 B U2 F2 D' F2 L2 D2 R2 D B2;2026-06-04 12:31:59;14.04
1256;13.82;;B' R2 B D2 R2 B R2 B' R2 F U2 F R B F2 R D' R' U2 F';2026-06-04 12:32:34;13.82
1257;14.71;;R U' L2 F' D B' R F2 U2 F U2 R2 L2 D2 L2 F' L2 F L F';2026-06-04 12:33:14;14.71
1258;15.21;;F D2 B' U2 R2 F' R2 B L2 F' L2 U2 L' U' R U2 B2 F D2 U2 R2;2026-06-04 12:33:50;15.21
1259;12.21;;F' L F' L' U R' F' U' R' F2 U2 L2 U2 R' D2 R F2 R' F2 L;2026-06-04 12:34:37;12.21
1260;12.36;;L' D' B R' L2 D R U' B' L2 F D2 L2 B L2 U2 B' U2 B2 D;2026-06-04 12:35:10;12.36
1261;12.23;;R B2 F2 D B2 U B2 U2 R2 D' L2 D' U' F' L' U R2 B2 D' B F;2026-06-04 12:36:28;12.23
1262;13.61;;R2 D2 B' R2 D2 L B' R L2 F2 U D L2 D' R2 L2 B2 D R2;2026-06-04 12:37:02;13.61
1263;14.21;;F' B' D L B R B D' L U D B2 U R2 U2 B2 R2 B2 D' L';2026-06-04 12:37:36;14.21
1264;15.01;;U' B' D2 L2 D2 R' F2 L' D2 F2 L2 B2 R2 U' R D' U' R F D' U';2026-06-04 12:38:08;15.01
1265;13.79;;D2 R' B2 R2 F2 R U2 B2 U2 F2 R2 D' R' U2 F L F R' D2 R';2026-06-04 12:38:39;13.79
1266;15.13;;B' L' D2 U2 R' F2 U2 L R B2 D2 R2 F' L F2 U' F2 R' U2 L;2026-06-04 12:39:31;15.13
1267;15.14;;L2 D2 U2 F2 D2 L2 B' L2 B' D2 R2 U B2 U R U' L F U L' D;2026-06-04 12:40:11;15.14
1268;24.70;;R F2 L2 B2 U B2 F2 D B2 U2 B2 U B2 R' D R U R' B F' D;2026-06-04 12:40:47;24.70
1269;12.34;;U2 F' L2 B' R2 B' F2 D2 L2 B' U' L F2 U' R B' D' U2 L' D2;2026-06-04 12:41:30;12.34
1270;16.76;;R2 F R2 U2 B' L2 F' R2 B' R2 U2 B2 U' B' R D B' F' D2 R' D2;2026-06-04 12:42:08;16.76
1271;16.31;;U' L2 B' D2 B2 U' F2 R2 D U' L2 R2 U2 B2 R' B' L' B2 F' D L;2026-06-04 12:42:50;16.31
1272;14.15;;U2 F' R2 U B2 D L' F2 U2 R2 D2 R2 D2 F2 R2 B L2 F2 U' L';2026-06-04 12:43:34;14.15
1273;11.82;;D' B R2 U B2 U2 B' L U R' B2 R2 L' F2 R' U2 F2 U2 F2 R;2026-06-04 12:44:46;11.82
1274;19.07;;F' R U R2 B2 D2 L2 R2 F2 U F2 U R' B2 R U B' L' D B2;2026-06-04 22:05:35;19.07
1275;12.20;;B2 D' U2 L2 B F U2 F' R2 F' R2 F L F' D' B2 U' B D;2026-06-04 22:06:34;12.20
1276;15.87;;R2 D2 B2 U' L2 B2 L2 B2 D2 L' D' U2 R' D2 L' R' F U';2026-06-04 22:07:03;15.87
1277;20.06+;;R F2 R U2 L' F2 D2 R2 D2 R U2 B U2 F' U' L' R' U' R B';2026-06-04 22:07:42;18.06
1278;13.10;;B L F2 L2 B2 D' U2 F2 U L2 D F R' D2 B' U' B' F' D;2026-06-04 22:08:37;13.10
1279;23.44;;L U2 F R D' L U F R U2 D2 F D2 R2 F U2 F' R2 B2 R2 B2;2026-06-04 22:09:08;23.44
1280;13.40;;R2 B U B2 R2 D2 B2 D L2 D R2 D' L2 R B' D F2 L R B2;2026-06-04 22:09:58;13.40
1281;17.50;;F U' L2 D' L2 B2 D B2 F2 U L2 B2 F' L U' B2 D B2 L' D2;2026-06-04 22:10:41;17.50
1282;18.97;;R2 D' R2 D L2 U2 B2 L2 U F' L2 R' B L D R2 D2 R2 B';2026-06-04 22:11:20;18.97
1283;15.60;;B R2 F L' F U' B' D' F2 R2 B2 D2 F2 R U2 B2 R' L2 B2 D;2026-06-04 22:12:06;15.60
1284;12.30;;D' F' U2 R2 D' R2 D' L2 D R2 U' B2 L2 B R' D2 R2 D B' D2 R2;2026-06-04 22:12:39;12.30
1285;13.87;;U R F2 R' D2 B2 D2 R' D2 L' U2 L B' F' R' F' U L' F' D' U';2026-06-04 22:13:14;13.87
1286;15.06;;U' F2 D2 B' D L F2 R U2 B2 L2 F2 R2 D2 F' U2 L2 B2 R;2026-06-04 22:14:17;15.06
1287;14.28;;R' D L' U2 L' D2 R B2 L F2 U2 R2 B2 F' L' U B' L' R' U2;2026-06-04 22:14:53;14.28
1288;14.18;;R2 B L2 D2 B L2 F' U2 L2 B2 U F D2 R' D' L D' U L2 B';2026-06-04 22:15:25;14.18
1289;14.94;;B R' B2 R2 B' D2 R2 F L2 B U2 L2 D2 L D' F' L F' L F;2026-06-04 22:16:13;14.94
1290;14.46;;R2 D2 F2 U' R2 U B2 D' B2 R2 U2 F L D' R D U2 B L R';2026-06-04 22:16:59;14.46
1291;19.64;;R F2 L' D2 R2 D R2 D' L2 R2 U2 B2 R2 F R B D B' U' B2;2026-06-04 22:17:35;19.64
1292;15.04;;U F' L' F D' L D B' R D2 R2 F2 R U2 F2 L' U2 B2 R' U2 D';2026-06-04 22:18:16;15.04
1293;14.72;;F' U L' D2 R' D2 U2 B2 D2 F2 L2 D2 L F2 D L U' F L2 U' B;2026-06-04 22:19:08;14.72
1294;17.49;;F2 U' B2 U2 L2 U L2 F2 U2 L2 U2 R2 L F2 D B2 F' D' U B L';2026-06-04 22:20:14;17.49
1295;13.51;;U' B2 D' B2 D2 R2 B2 U B2 D2 F R' D B' F' L D' B' U L2;2026-06-04 22:20:52;13.51
1296;13.05;;B2 D2 F U2 R2 F2 L2 B' L2 U F D' R' F' L F D U;2026-06-04 22:21:18;13.05
1297;15.46;;B2 U2 R' U2 R2 F2 R U2 R D2 R2 U2 B U' F' D L U2 F2 U' F';2026-06-04 22:21:45;15.46
1298;16.39;;B2 L' F U2 F2 R2 U B' L D' L2 U B2 U2 F2 U R2 B2;2026-06-04 22:22:20;16.39
1299;15.66;;F U2 R2 B2 U L2 F2 U B2 L2 U F2 D' R U' B2 L R' D2 B' F';2026-06-04 22:22:57;15.66
1300;23.18;;D2 F U2 B2 D2 B' L2 F L2 B2 D2 B' D R U2 B R B' L2 R' F;2026-06-04 22:23:35;23.18
1301;14.02;;L2 B2 U2 F' U2 F' D2 B2 R2 F U2 D' F' D2 F L B' R' F2 D2;2026-06-04 22:24:25;14.02
1302;33.95;;B' L2 B2 L2 D B2 U' L2 U' L2 R2 B2 L' U2 R' D R' U' F;2026-06-04 22:24:59;33.95
1303;14.64;;B2 R2 F' L2 R2 F' D2 R2 F' L2 D2 B D' B F2 D2 L R2 U' R' D';2026-06-04 22:25:54;14.64
1304;15.24;;F' L2 D2 B D2 F R2 B L2 R2 B2 D F U2 R' F' U' R2 B' U';2026-06-04 22:26:31;15.24
1305;10.86;;U' B2 U2 L2 D2 U2 F2 L' U2 R' D2 R U2 F' U2 F D2 L F D';2026-06-04 22:27:19;10.86
1306;9.25;галка 1-2 плл скип;F2 L2 U2 F D2 L2 F R2 U2 B' D2 F' L' D L' B U' R2 B' L U2;2026-06-04 22:27:58;9.25
1307;10.56;;F D R2 D2 L2 D2 B2 D2 R D2 U2 F2 L' F' D U2 L D' R2 U';2026-06-04 22:29:31;10.56
1308;13.83;;B' L' F D' L2 B R' U' F' R2 F2 B2 R2 D' R2 F2 U2 B2 U' F2 U';2026-06-04 22:32:57;13.83
1309;15.98;;F2 D2 F D2 B' D2 L2 R2 B' R2 B D2 R' D2 F U' L D' F D2 F';2026-06-04 22:34:59;15.98
1310;20.97;;D2 B' F2 L2 D2 B' D2 B' L2 R F U2 B U L B' F' D';2026-06-04 22:36:12;20.97
1311;17.25;;F U' B' U R2 D B2 U' L' U2 L2 B2 L2 F' R2 D2 F' L2 F2 R2;2026-06-04 22:36:50;17.25
1312;15.02;;L' F2 U' D2 R2 L' D' B F2 U' B2 D F2 U2 B2 D R2 F2 U' F2 B;2026-06-04 22:37:25;15.02
1313;13.82;;F' L2 B' F2 U2 L F2 R U2 R2 D2 F2 L D2 U' F L D' L F2 D2;2026-06-04 22:37:54;13.82
1314;13.60;;B2 L' U2 F2 R' U2 F2 L2 F2 L F2 R F U2 R' D L2 F D' L' D';2026-06-04 22:38:29;13.60
1315;15.22;;U' F R2 D' L2 R2 F2 U2 R2 U' R2 F2 D' R' U F' L D B F' L2;2026-06-04 22:39:42;15.22
1316;14.71;;R B D2 U2 F L2 B' R2 F2 U2 L2 R U L B' D U2 B2 F R;2026-06-04 22:40:14;14.71
1317;9.82;;B D' L2 F L2 D2 F' U2 B2 R2 F D2 F' R B D U2 L' U2 F2 L;2026-06-04 22:41:12;9.82
1318;13.78;;B' D2 B2 L2 B2 R2 D' B2 L2 U L2 D B2 L' B R' U' B' R' F2 U2;2026-06-04 22:42:13;13.78
1319;17.31+;;D2 L B' D' B2 R' F' R F R2 B U2 L2 D2 B U2 F2 B' R2 L;2026-06-04 22:43:05;15.31
1320;24.03;;B R2 D2 F2 D2 R' U2 L2 F2 D2 R U2 D B2 F2 L' U' B U2 L;2026-06-04 22:45:33;24.03
1321;17.14;;R2 L' U2 D' R F2 R' U' R' F D2 F' L2 F2 R2 U2 L2 U2 F' R2 U2;2026-06-04 22:46:18;17.14
1322;13.40;;D' F2 D2 F2 U' F2 U L2 D' U' F2 R B' F2 D U' F L' R F2 R';2026-06-04 22:46:55;13.40
1323;15.88;;D' R B' D' R D2 L' D2 R B' D2 R2 F B L2 B D2 R2 U2 F';2026-06-04 22:48:38;15.88
1324;12.56;;D' L F2 D2 L' B2 F2 L F2 L B2 U2 F' D L2 B L D U' B;2026-06-04 22:49:11;12.56
1325;14.22;;U' F R2 B U2 B R2 B2 U2 F R U' F' R' B' L' D B' F';2026-06-04 22:49:49;14.22
1326;13.48;;D' F' U R' B' U R' F' B2 R' D' F2 R2 U' F2 D2 B2 R2 D F2 L2;2026-06-04 22:50:32;13.48
1327;29.52;;D2 B U2 B R2 D2 L2 R2 B' F2 U R F' L' U F L D U2 B2;2026-06-04 22:51:13;29.52
1328;14.10;;U' L2 F2 D' L2 D L' R2 U2 L2 D2 F D2 R2 B' R2 U2 B D2 R U';2026-06-04 22:52:09;14.10
1329;12.52;;R2 D2 B2 F L2 U2 F' R2 D2 F L2 F' U F2 U2 F' D L D2 R' U2;2026-06-04 22:52:39;12.52
1330;12.62;;D2 F2 D2 B2 L' D2 R F2 R2 U2 B' D R2 B D F' R F D';2026-06-04 22:53:10;12.62
1331;12.04;;B2 L2 F D' F B2 U B2 R L D2 F2 B2 R U2 F2 U2 B2 D2 B' L;2026-06-04 22:53:49;12.04
1332;11.27;;B' U' F2 L U2 R F2 R' F2 U2 L2 B2 U2 L2 B' U' B' R U2 L2 D';2026-06-04 22:55:02;11.27
1333;12.06;;R2 F2 D2 B2 D F2 D' L2 D' U2 R2 B R' F2 D F D2 B2 R2 B' U';2026-06-04 22:56:14;12.06
1334;14.17;;F2 L2 B2 U' R2 U B2 L2 R D B2 D2 R2 F' L B' L2 B;2026-06-04 22:57:14;14.17
1335;12.37;;U2 D2 R D B R B' L' F2 L2 U2 R2 U F2 B2 R2 D B2 U' L2;2026-06-04 22:58:06;12.37
1336;16.61;;B' L' U' B' D' R' F L U2 B2 D2 F2 L' B2 R' F2 U2 L2 U F2;2026-06-04 22:59:11;16.61
1337;12.97;;F2 L B2 R' B2 R' D2 L2 B2 L U2 R2 B' D' U' B' D2 R2 D2 R';2026-06-04 22:59:48;12.97
1338;11.53;;L D2 L2 U2 B2 R' F2 R' D2 R F2 L2 D' U' B U' B R B';2026-06-04 23:00:24;11.53
1339;11.80;;B D2 B2 U2 B2 D L2 U B2 L2 D' F' R F' U B' L2 R B U;2026-06-04 23:01:45;11.80
1340;13.01;;R2 D R' D2 R2 F2 U2 B2 R B2 R' U2 R' F' R2 D2 U R' B2 U';2026-06-04 23:02:41;13.01
1341;12.85;;U L2 B2 L2 D2 F L2 U2 F D2 B' R2 U' L' B2 R B D' F' L';2026-06-04 23:03:31;12.85
1342;12.76;;U2 B' D' R2 B U F2 R' L2 B2 U2 R2 L2 U' F2 R2 U2 L2 U' B';2026-06-04 23:04:27;12.76
1343;14.37;;L' U B2 U2 F' R2 F D2 F' R D R2 D R2 U2 L';2026-06-04 23:05:17;14.37
1344;12.71;;B2 L' U2 R' B2 U2 R B2 F2 D2 L2 U L B R B' U2 L' R B;2026-06-04 23:06:10;12.71
1345;11.05;;F2 L2 R2 D F2 D2 F2 R2 D2 L2 R' D2 F' L R' B' R' D2 R2 D;2026-06-04 23:06:42;11.05
1346;17.04;;U2 B D B2 U D B U2 F2 U2 R F2 D2 L B2 U2 R D2 R B D';2026-06-04 23:07:12;17.04
1347;13.41;;D2 B' R' F L' U' B' D L2 F2 U2 R2 U2 L2 U2 F2 B U2 F2 R2 L;2026-06-04 23:07:50;13.41
1348;12.00;;D U2 L2 B2 R' D2 F2 D2 L' F2 L' B2 L2 U F L U F2 R' U F;2026-06-04 23:08:37;12.00
1349;14.17;;R' U2 D' F2 R L U2 F' D' B L F2 R2 L' U2 R' B2 R' F2 D2 R;2026-06-04 23:09:33;14.17
1350;14.54;;L2 B2 D2 U2 F' U2 B D2 B L2 D2 B2 D' B2 L' F R' D' B L B';2026-06-04 23:10:06;14.54
1351;13.89;;F2 R2 U2 B' L' U B' L2 D' R2 L2 F B2 D2 L2 B' U2 F R2 D2 B2;2026-06-04 23:10:37;13.89
1352;21.23;;U2 L D B R2 U' F' L2 D F2 R' F2 B2 U2 B2 L' B2 L' F2 R2 B2;2026-06-04 23:11:11;21.23
1353;14.91;;D2 F' R2 F L2 B2 D2 F D2 L2 R2 F2 D L' D' U R D' L U';2026-06-04 23:11:52;14.91
1354;13.28;;B2 R' B' L F D R' U B L' U2 F' U2 R2 D2 F2 U2 B' R2 D2 F2;2026-06-04 23:12:27;13.28
1355;20.07;;F' L2 D F2 B R U B U2 D2 R2 D2 B L2 U2 F2 L2 D2 R B2;2026-06-04 23:13:04;20.07
1356;15.79;;F' U' B2 U L2 U B2 L2 B2 D2 F2 B D F' R' U' B R F' D2;2026-06-04 23:13:43;15.79
1357;16.72;;D' F2 R' B2 U' L' U2 D L F2 R2 U2 F2 L2 U2 B' L2 B R2;2026-06-04 23:14:16;16.72
1358;16.57;;L2 B2 R2 B D2 F2 D2 R2 B L2 R2 F' L' U2 F2 U B L' D' R2 U2;2026-06-04 23:14:51;16.57
1359;17.14;;F' U2 L2 R2 F' L2 D2 F' L2 D2 U2 B L U B2 U' R2 U2 F' D L;2026-06-04 23:15:20;17.14
1360;17.33;;B U2 B R2 F D2 U2 L2 F2 D2 F2 U L B' L F2 R' B D2 R2;2026-06-04 23:16:14;17.33
1361;17.65;;F U2 D R B2 R F' D R' D B2 U2 L2 D' L2 U' F2 L2 B2 U2 B2;2026-06-04 23:16:50;17.65
1362;11.25;;L2 F R D' B' D2 L' B R2 F2 B R2 U2 R2 B R2 B2 L2 R B U';2026-06-04 23:17:30;11.25
1363;16.49;;B' L2 D R' B D2 L' F B' U2 R2 D2 R B2 L U2 R' F2 L D2;2026-06-04 23:18:00;16.49
1364;14.90;;L F2 L U2 B2 R' D2 L2 R' U2 R' D' B L' B' D2 B' F D2 U';2026-06-04 23:18:50;14.90
1365;13.37;;L2 B' R' U F' D' R D' B' U2 R' D2 R2 U2 R' B2 R' D2 R;2026-06-04 23:19:22;13.37
1366;12.06;;B2 R2 B2 L2 R2 U' L2 B2 F2 D' U2 R' D' F' D' B R' B U F;2026-06-04 23:19:53;12.06
1367;17.83;;F2 R D2 F2 D2 U2 R D2 R' D2 R U F R2 B2 D F' L2 B L';2026-06-04 23:20:25;17.83
1368;16.00;;B' U' F L B2 D L2 D U2 L B2 L2 F2 D2 R2 L' U2 F2 U2 D;2026-06-04 23:21:01;16.00
1369;15.83;;R2 U L2 D L2 U B2 D' R2 D B R2 D' L D R D' F2 L;2026-06-04 23:21:38;15.83
1370;10.87;;B2 D2 R F2 D' L2 B D' F U R2 L2 B2 D L2 D' B2 U2 B2 U F2;2026-06-04 23:22:07;10.87
1371;12.26;;L2 B2 D B' D' F2 U' L2 F' U2 F2 R U2 R F2 L' U2 D2 R L D2;2026-06-04 23:22:37;12.26
1372;11.79;;B R B R B U R2 D' L' D2 F' U2 B2 U2 L2 B D2 L2 F';2026-06-04 23:23:05;11.79
1373;12.17;;L D R F' D2 R' D' B' R' U2 L2 B2 R2 D' B2 D2 B2 R2 F2 R2 D;2026-06-04 23:23:47;12.17
1374;14.95;;U2 F R2 F2 U2 L B2 L B2 U2 R D2 L U' L2 B' L2 D2 B' U2;2026-06-04 23:24:18;14.95
1375;10.21;;R2 F' D B2 F2 D F2 R2 U R2 D' L2 U' R2 L U' B' L2 D2 L2 B2;2026-06-04 23:24:54;10.21
1376;11.21;;L' D2 F' L2 R2 B2 U' L2 U R2 U' R2 F2 U B' L B2 D U R' U';2026-06-04 23:25:40;11.21
1377;13.30;;B2 F R2 B2 L2 D2 F' D2 R2 F' U2 L2 R' B2 L' D B L' D2 U' F;2026-06-04 23:26:10;13.30
1378;14.09;;R2 B2 D B2 U B2 L2 F2 U B2 U' L B F2 L2 D' B' L F' R';2026-06-04 23:27:10;14.09
1379;14.16;;D2 F2 L2 D2 F2 L' D2 R' D2 B2 L2 F2 U' B R2 B L' U B' U2 L2;2026-06-04 23:27:41;14.16
1380;15.02;;D F' L U2 L U' R' B' U F2 B D2 F' U2 L2 B' U2 R2 D2 B';2026-06-04 23:28:15;15.02
1381;15.96;;D' L2 R2 D2 B2 D' U2 B2 F2 L2 U2 B R' U' B L' D U2 R F';2026-06-04 23:28:50;15.96
1382;15.82;;L D2 L2 B' D L' B2 D R' F2 D2 F' D2 B2 U2 F R2 F U2 D2;2026-06-04 23:29:28;15.82
1383;14.25;;B2 L2 D U2 F2 R2 U L2 R2 B2 R2 U L D R2 B L U' F' D' B2;2026-06-04 23:30:00;14.25
1384;14.08;;F2 R2 U2 B2 U' R2 B2 R2 F2 D R2 U2 F L' F U2 R D2 L U2;2026-06-04 23:30:28;14.08
1385;13.25;;R2 U F' U' L2 R2 F2 L2 U R2 U' R2 D' L2 B L' R' D' F' U' B';2026-06-04 23:30:59;13.25
1386;11.11;;U R' B2 R' F2 L' D2 R2 B2 R D2 R B' L D B' U' R' U' R;2026-06-04 23:31:35;11.11
1387;13.63;;B R' F L2 B L2 F' D2 B L2 R2 B' R2 U2 R B' F2 R2 U' L D';2026-06-04 23:32:46;13.63
1388;16.26;;D R2 F2 U2 L2 B2 R2 F' D2 R2 U2 L R B' D' L2 F' D' U;2026-06-04 23:33:17;16.26
1389;11.64;;B R2 U2 F' L2 F' D2 R2 F L2 U2 L2 R' D F2 D B U' B2 R' U;2026-06-04 23:34:09;11.64
1390;12.23;;R' D B2 D L2 D B2 U F2 D' L2 D L B2 R D2 B' D' B2 R';2026-06-04 23:34:42;12.23
1391;17.62;;R U2 B2 U2 B2 R2 D' F2 U2 F2 L2 F D' R2 U2 F2 U' B' F;2026-06-04 23:35:07;17.62
1392;15.24;;L' D2 B R2 B2 L2 D2 B L2 F' D2 B R2 U F2 L' F D F2 L2 R;2026-06-04 23:35:49;15.24
1393;14.14;;U' B2 D2 B R2 F D2 U2 B R2 F R2 U2 R' D B L' U' R' B F2;2026-06-04 23:36:24;14.14
1394;14.48;;U2 B2 U' B2 R2 U' L2 R2 B2 R2 D R2 F R' B' L D2 F2 U B' L';2026-06-04 23:36:56;14.48
1395;12.52;;F' U' R2 F' L2 B' D2 R2 D2 R2 F2 U2 R2 F2 U' L D U2 R U' B';2026-06-04 23:37:28;12.52
1396;14.93;;B U D2 L U2 B2 L2 B2 L D2 U2 B2 R U' L2 D B' L' R B;2026-06-04 23:38:06;14.93
1397;17.22;;D' R2 D F2 D2 F2 U' L2 D' R2 F2 B D2 R' U' B' R2 F2 L2 F' U';2026-06-04 23:38:36;17.22
1398;14.06;;L D' L2 B2 L2 R2 U2 L2 U' B2 L2 R' B U' L F' R B2 F U2;2026-06-04 23:39:25;14.06
1399;14.58;;F R2 B D2 U2 B U2 R2 B U2 F2 L D' B R' F D2 B' U2 L U;2026-06-04 23:40:01;14.58
1400;15.09;;B U' D2 F D2 F R2 U2 B' L2 D2 F L D2 B' R D L2 B';2026-06-04 23:40:31;15.09
1401;20.36;;F' U F2 B' D R' L U' F R F2 B2 R2 D2 R' B2 R' U2 D2 B2 R;2026-06-04 23:40:58;20.36
1402;11.92;;F' D' R2 B2 R2 D' L2 R2 U' B2 D2 B2 F U' B D' R' F2 U B;2026-06-04 23:41:37;11.92
1403;17.69;;L2 F2 R2 D' B2 U' L2 B2 R2 U2 B' U' L2 F2 D2 F' L2 D R' F';2026-06-04 23:42:11;17.69
1404;15.68;;L' F2 B' D R2 F' D2 R' F2 U2 B L2 F R2 U2 B' R2 D;2026-06-04 23:42:44;15.68
1405;12.26;;R' D2 L2 F2 L' F2 R U2 R B2 D2 F D' R U2 R' B2 R' D' F;2026-06-04 23:43:18;12.26
1406;12.57;;L D' F U' D B2 R2 D R L2 B2 D2 F L2 F' R2 F R2 F' D2 R2;2026-06-04 23:43:46;12.57
1407;16.03;;D B' L U2 F L2 D' B' R' D2 F2 R F2 R2 D2 L' B2 R' F2 B;2026-06-04 23:44:18;16.03
1408;10.57;;U D2 B L2 R2 B U2 R2 B' D2 U B D2 L F2 U R' B;2026-06-04 23:44:49;10.57
1409;11.57;;B' U2 B' U2 F R2 D2 B2 D2 R2 F2 R' F D2 R' F' D L' U R;2026-06-04 23:45:26;11.57
1410;13.24;;B2 R2 F2 R' D2 R2 D2 B2 R' U2 B2 R D R2 U' B D2 R D2 L' U;2026-06-04 23:45:58;13.24
1411;44.58;;B' D B2 F2 U2 B2 L2 D' L2 D' F2 U2 F R' U' B2 R B' R2 U2;2026-06-04 23:46:29;44.58
1412;12.59;;R2 U2 F D2 L2 F' D2 L2 F2 D2 B R B R' D L' B F U L;2026-06-04 23:47:39;12.59
1413;14.30;;B' D' R D' B' L' U D' R2 F U2 D2 F2 R2 U' F2 R2 U D;2026-06-04 23:48:06;14.30
1414;15.81;;F U2 R2 U' B2 D2 U' F2 L2 R2 U' F D2 L U2 L2 F' U' B F2;2026-06-04 23:48:42;15.81
1415;30.08;;B L2 D' F2 D B2 D B2 U F2 R2 B2 D2 F R B D B2 U2 L' U2;2026-06-04 23:49:27;30.08
1416;12.47;;L R2 F2 R2 D2 B U2 F L2 B' R2 F D B2 R F D' L F2 L;2026-06-04 23:50:13;12.47
1417;14.77;;D B2 U F2 D L2 U' B2 D' R2 U F' L2 R2 D2 F' D' R' D' L2;2026-06-04 23:50:43;14.77
1418;14.01;;U2 B2 L2 U F2 D' B2 R2 D' U L2 F' L B' R' F' L U F2 U L';2026-06-04 23:51:21;14.01
1419;17.61;;U' F' R' D B' U L' B R F2 L2 F2 L D2 R F2 L' U2;2026-06-04 23:51:49;17.61
1420;18.41;;U2 F D' L' F' B U L' U2 B R2 F U2 B' U2 B' L2 B2 U2 D F';2026-06-04 23:52:26;18.41
1421;10.65;;L2 F U2 F2 D2 L2 B2 F D2 F U2 D' B R' B' L B' R2 B';2026-06-04 23:52:57;10.65
1422;15.79;;F U2 B2 R2 D F2 U L2 D' F2 L2 R2 U2 L F U' L2 U2 B2 L2;2026-06-05 20:27:01;15.79
1423;13.84;;B2 R B' U' R2 D2 L' B' R D2 F2 D2 F L2 B R2 D2 L2 B;2026-06-05 20:27:40;13.84
1424;17.54;;R2 U' B2 D R2 D R2 U2 B2 R2 U R' B F D B2 L' U2 B F R2;2026-06-05 20:28:18;17.54
1425;16.07;;D F D' R' L F2 U F R2 B2 R2 F2 R2 D2 F D2 R2 F2 U2 D R;2026-06-05 20:29:02;16.07
1426;14.08;;R' D2 L2 F2 L2 B2 R2 U R2 D' L2 U2 R' F' U B2 L' R F D' B';2026-06-05 20:29:39;14.08
1427;16.75;;L F L2 D L B2 U R B D2 L2 D B2 D' L2 U' L2 U F2 U';2026-06-05 20:30:11;16.75
1428;11.68;;F B' R' U R L2 U' F U' D R2 U B2 U B2 L2 B2 D R';2026-06-05 20:30:49;11.68
1429;14.27;;B2 D B2 U R2 U F2 L2 U2 R2 D2 R' F L2 U' B D' L F U R';2026-06-05 20:31:20;14.27
1430;14.14;;B U' R' U' L' B D2 B U F' L2 U2 R2 U2 B D2 L2 B U2 L2;2026-06-05 20:31:53;14.14
1431;17.14;;U' F2 D2 L2 D2 B U2 F2 U2 R2 F L2 B' L' B' U' B U' F;2026-06-05 20:32:27;17.14
1432;16.36;;U2 F U2 B2 D2 L2 F' U2 R U' R2 F2 L' R U F L2 U';2026-06-05 20:33:03;16.36
1433;17.35;;D' R B' D2 L2 U R2 D B2 F2 L2 D' F2 D2 R U F2 R F R' B';2026-06-05 20:33:45;17.35
1434;15.21;;D2 R U2 R2 F2 L2 R2 D' F2 R2 U B2 L2 B' L2 U' F2 U' L2 B';2026-06-05 20:34:23;15.21
1435;13.79;;U2 B2 L' R' U2 L' B2 U2 L' F2 R2 F' D2 L' F2 L2 U R F R;2026-06-05 20:34:58;13.79
1436;12.51;;U' B2 U' B2 D L2 B2 F2 D2 R2 U' B' D' U' F' U' L U2 R' B';2026-06-05 20:35:37;12.51
1437;14.39;;D' B L U2 R2 U F2 D F2 U' F2 L2 B2 R F' D2 B2 L' U' F2;2026-06-05 20:36:04;14.39
1438;16.49;;U R' U F2 D' R D' B' D2 F' U2 D2 F' R2 U2 D2 F U2 F;2026-06-05 20:36:35;16.49
1439;11.09;;U2 D F L F L U' R U' R2 B2 L' B2 L' U2 D2 R' D2 F2 R2;2026-06-05 20:37:21;11.09
1440;13.76;;U2 R2 U L2 F2 D B2 U2 L2 U B2 L D' L2 R B2 R' F L' F U';2026-06-05 20:37:56;13.76
1441;12.60;;B' R F2 U2 L F2 U2 R' F2 R2 F2 R B2 U F L' B2 F R D2;2026-06-05 20:38:24;12.60
1442;10.93;;F2 R U D L F2 D R B R U2 L B2 U2 F2 R2 U2 R' F2 B2;2026-06-05 20:41:44;10.93
1443;18.54;;B2 R D2 R B2 L' R2 B2 D2 R2 D2 U2 B' D' L F' R U2 R U2 R;2026-06-05 20:42:23;18.54
1444;12.83;;F2 L2 F U F' R2 F' L U B U2 R2 U2 R2 B2 D2 B' L2 B' R2 L2;2026-06-05 20:43:02;12.83
1445;16.40;;D R U R2 U' B2 U B2 U2 R2 U' L2 F' R' B D L R2 D F';2026-06-05 20:43:42;16.40
1446;14.75;;L2 F2 R B2 F2 D2 R2 B2 R U2 F2 U2 B' D R2 B' L' D2 B F' D';2026-06-05 20:44:15;14.75
1447;15.08;;F' L D' B' R' D L D L U2 F' U2 D2 L2 U2 L2 B L2 F' B';2026-06-05 20:44:46;15.08
1448;15.03;;D' B2 U2 B2 U2 F2 L2 F2 D' F2 D2 L' D' F' L D' U F2 D' R2;2026-06-05 20:45:32;15.03
1449;14.46;;B2 U' R2 F2 U' R2 U2 B2 U' F2 U B2 R B' D F' U2 F2 L R;2026-06-05 20:46:10;14.46
1450;14.52;;R2 U2 B2 D' R2 B2 F2 D' F2 U B2 D' R' D2 B' D' L2 D2 L' B2 U;2026-06-05 20:46:46;14.52
1451;12.03;;B2 F L2 U2 B' D2 B D2 U2 B L2 D' L B' R2 B D2 R D' U2;2026-06-05 20:47:27;12.03
1452;14.12;;U2 L' F' R2 B U2 R U' F' B2 L2 B2 U2 L F2 L B2 L' B2;2026-06-05 20:47:58;14.12
1453;12.37;;R2 U2 L2 B' L2 R2 F' U2 B2 F U2 L2 D L' U B2 F' L F2 U F;2026-06-05 20:48:25;12.37
1454;14.36;;L2 F2 D U2 L2 U' B2 D2 F2 D' F2 R D' L2 F U2 L R' B F';2026-06-05 20:48:53;14.36
1455;15.22;;B2 D2 B D R L' D' R' B' U2 R2 L2 D B2 U F2 B2 U2 D B2;2026-06-05 20:49:31;15.22
1456;15.29;;L2 B2 F' D2 U2 L2 B2 D2 B' D2 F U L B' D' L U R' F' D2;2026-06-05 20:50:08;15.29
1457;15.84;;F' R U2 L D2 F2 D2 U2 R B2 F2 R D2 U' L U F2 R D' B' R';2026-06-05 20:50:45;15.84
1458;28.51;;D' F2 U2 R2 D' L2 D R2 F2 U B2 U2 L D F' D2 F' R D2 L' D2;2026-06-05 20:51:30;28.51
1459;15.06;;F2 U' B2 L2 U2 L2 D2 B2 L2 U F U' R' B R2 B2 R' D' F;2026-06-05 20:52:33;15.06
1460;13.37;;R2 U L B' D2 R L U2 F' U2 B' D2 F2 L2 F L2 U2 F2 L2 U;2026-06-05 20:53:11;13.37
1461;14.83;;L2 D R B' L D' F B' L B2 R2 U B2 U' L2 U R2 L2 U F2 D';2026-06-05 20:53:44;14.83
1462;14.77;;L' B' R2 B2 D R2 D' U2 L2 D' U2 B2 U' L D R U R' D2 B';2026-06-05 20:54:22;14.77
1463;13.54;;U2 B U' R2 U2 F2 R2 U' R2 D B2 F2 U F L' D2 B' U F U;2026-06-05 20:54:54;13.54
1464;13.35;;R U R2 F2 D B2 U R2 B2 D' F2 U' B' L' B D' R2 F L' B R;2026-06-05 20:55:29;13.35
1465;16.19;;U2 R2 B F2 R2 B R2 F' R2 U2 L U L' D L' R B' D' U2;2026-06-05 20:56:01;16.19
1466;11.24;;L2 D2 U F2 L2 D2 U' B2 R2 U R2 F' L2 D' R' B F L F2 U2 L2;2026-06-05 20:56:34;11.24
1467;13.31;;B' U2 R2 D2 L2 B F2 D2 B' L2 B2 D' B' F R F U F R' B2 L;2026-06-05 20:57:05;13.31
1468;11.04;;F2 D2 L2 U L2 U2 B2 D R2 D2 B' R' D' B2 F' U' L R B2;2026-06-05 20:57:41;11.04
1469;15.84;;D' B2 R L2 D2 B' U L2 B2 D2 R' F2 U2 F2 L' U2 R' U2 B2 D B;2026-06-05 20:58:17;15.84
1470;16.25;;D L2 U2 F2 R2 U2 F2 R2 B U2 B2 R2 L' U' B D B2 L2 R D;2026-06-05 20:58:59;16.25
1471;13.60;;D2 L' U2 F2 R2 U2 L' F2 R' U2 R U2 F R' U F' L U2 F D;2026-06-05 20:59:40;13.60
1472;17.32;;D F U' F2 L' D F' D2 L' U2 F' U2 B' U2 F L2 U2 D2 F R2 B';2026-06-05 21:00:14;17.32
1473;15.64;;R' F' L2 F' R2 B2 F' U2 R2 F' R2 U2 F' D F R B' D' F L';2026-06-05 21:00:47;15.64
1474;13.24;;F' B' D L' B D' R2 L U' B' U2 R2 U2 R2 F2 D2 F2 L2 B' U2;2026-06-05 21:01:18;13.24
1475;17.10;;U F' L2 U2 R2 B U2 F2 L2 U2 F' R2 F2 L B' U' F2 U B' R F';2026-06-05 21:01:46;17.10
1476;11.84;;F B2 U' B2 R2 U R2 D R2 F2 U' B2 U2 F D B' F' L' D2 F R;2026-06-05 21:02:27;11.84
1477;14.11;;U2 B' L2 U L2 R2 U' L2 D2 L2 F2 R2 D R' U' B F' D' R U';2026-06-05 21:03:08;14.11
1478;13.97;;F' R U2 B2 U' F2 R2 U' B2 U' L2 B2 U2 F D R' B L U L D2;2026-06-05 21:03:48;13.97
1479;32.11;;D2 B' L2 U' F2 L2 U2 F2 U L2 R2 B2 D' F R' U R' B' F2 R D';2026-06-05 21:04:24;32.11
1480;15.76;;U' R2 D' R2 B' U2 F' D L U' F2 D F2 B2 U' F2 U F2 R2 D';2026-06-05 21:05:18;15.76
1481;14.41;;B2 D B2 U F2 D2 R2 B2 U2 L2 F' R D F L B2 D F2 U F;2026-06-05 21:05:52;14.41
1482;14.24;;F D2 R D2 F2 D2 B2 F2 R' B2 D2 B' U R' F' L2 D F2 U F';2026-06-05 21:06:22;14.24
1483;13.32;;U D2 B' U' D2 L' U D B' R U2 D2 F2 R D2 B2 R F2 L U2;2026-06-05 21:07:05;13.32
1484;15.07;;B R2 D2 U2 B' D2 B D2 F' D2 U2 R' D U2 F' L' R U' F' D2;2026-06-05 21:07:32;15.07
1485;14.30;;D2 B2 R F2 L' U2 L' R2 B2 U2 L' F2 D B' D' U L B D2 R' B2;2026-06-05 21:08:07;14.30
1486;13.08;;R' U2 F2 R2 D2 F L2 F2 U2 B2 F' D2 L D2 L2 U B L2 D B F;2026-06-06 00:49:28;13.08
1487;15.28;;R2 B' R2 F' R2 B' U2 F U2 L2 F2 U2 L D' U' F D' L2 B2 D L';2026-06-06 00:50:04;15.28
1488;28.64;;L' F2 L' U2 B2 F2 L2 R' D2 L2 U F' D B' U' L2 B' L' B R';2026-06-06 00:50:43;28.64
1489;16.54;;B2 U' L2 U2 R2 B2 D' B2 U L2 D' U' B' F D L B' U L2 U L;2026-06-06 00:51:32;16.54
1490;15.60;;R2 F D2 U2 F L2 D2 B' F' R2 F' D B' D2 L B R' B2 L2 D;2026-06-06 00:52:10;15.60
1491;16.12;;B2 D F' L' U2 D' B' U D2 F2 L2 F D2 F D2 F2 D2 B' L2 B' R';2026-06-06 00:52:40;16.12
1492;14.74;;R2 U B2 L2 R2 U' F2 U R2 U2 L2 U2 L B2 D2 B L2 B' U R2 F';2026-06-06 00:53:09;14.74
1493;14.71;;D' L F' U F2 B U2 R D' F2 D B2 U' R2 F2 D2 F2 U L2 B2 F;2026-06-06 00:53:38;14.71
1494;15.16;;R F2 D' L' U B L F2 B2 D2 L2 B2 D2 R2 B D2 F' D2 R2 L;2026-06-06 00:54:13;15.16
1495;13.98;;F R B R2 D F' U' L2 F2 R U2 R' B2 D2 R' D2 B2 L' D2 U F2;2026-06-06 00:54:53;13.98
1496;15.57+;;B' L2 B' R2 U2 L2 R2 F D2 R2 L D B' F' R U' R D2 L U2;2026-06-06 00:55:24;13.57
1497;13.16;;R' L2 F' B L' F D R B2 L2 U L2 U R2 U' R2 D' L2 D' R';2026-06-06 00:56:15;13.16
1498;17.15;;L2 B2 D2 F2 D2 U' R2 U B2 D B L2 U' B2 L' U2 F R F2 U;2026-06-06 00:56:57;17.15
1499;18.21;;B2 R2 U2 R' F' R L F D R2 D F2 U' B2 L2 U2 F2 L2 F;2026-06-06 00:57:29;18.21
1500;14.30;;U2 B2 D2 U' F2 L2 F2 L2 U L2 R' F2 D U L' B' D' F' R B';2026-06-06 00:58:03;14.30
1501;9.43;white cross easy F2L, OLL palka 2 sexy, oll Ja perm no auf;U2 R D U2 B2 U F2 L2 B2 D' R' F' U L' F' D' B2 L;2026-06-06 00:58:43;9.43
1502;12.80;;R2 B' R2 F' R2 B' D2 F' R2 B' F2 L2 R D2 U R' U B' F' R2 U2;2026-06-08 17:26:17;12.80
1503;16.08;;B' D2 B' R2 F' D2 L2 F U2 F' U2 B' R' D2 B D' U L' U B2 U';2026-06-08 17:26:49;16.08
1504;12.17;;L2 B2 F2 D' R2 B2 U' R2 U' L2 U2 L B D F' L' U' B F' R' D;2026-06-08 17:27:38;12.17
1505;17.70;;F' D L' F' U B U2 R2 U L' F2 U2 R U2 R2 F2 U2 R2;2026-06-08 17:28:06;17.70
1506;15.43;;D' L B2 U' B2 F2 D' L2 F2 U' F2 U' R2 F' D2 F' L D' R2 B D2;2026-06-08 17:29:02;15.43
1507;17.08;;D2 R2 U2 B2 R' U2 R' D2 L F2 D2 L U' F' D B2 R' B F' R;2026-06-08 17:29:34;17.08
1508;18.45;;B' R' U2 D' F R2 U' L' D2 L2 F2 L' B2 L F2 D2 R' D L;2026-06-08 17:30:12;18.45
1509;18.46;;F B L F U2 D B U2 L' D2 B2 L F2 L' U2 L2 F2 D2 U' F2;2026-06-08 17:30:55;18.46
1510;14.78;;U' L2 D' F2 D' B2 U' F2 U R2 B2 R D B D2 L D L U R';2026-06-08 17:31:30;14.78
1511;11.13;;R2 B2 D' L F' B2 U F R' U2 B2 R2 L2 U' L2 D R2 L2 F2 R2 U;2026-06-08 17:32:06;11.13
1512;14.99;;F2 U' R D' R2 D2 R2 U' L2 B2 U' R2 F2 D' F' R' F2 R' D' L R';2026-06-08 17:32:57;14.99
1513;15.10;;U' F2 R D' B2 D' L2 B2 U2 L2 B2 D' U2 R2 L' F' R' D L' B2 L2;2026-06-08 17:33:56;15.10
1514;16.07;;U' L' U' F2 D F' L R2 F2 U R2 U2 B2 R2 U B2 U' F2 D2 R B;2026-06-08 17:34:31;16.07
1515;14.05;;R' F2 L2 D2 B' U2 F' R2 B' L2 D2 F R2 D F2 R U' R2 U2 R;2026-06-08 17:35:01;14.05
1516;14.91;;L' F' U L U' F2 B L2 D R2 B' D2 L2 D2 F2 L2 B' D2 F' D2 B';2026-06-08 17:35:33;14.91
1517;16.02;;L' B2 D2 R2 U' R2 F2 U' L2 D L2 F2 D F R' D2 B D' B2 U';2026-06-08 17:36:10;16.02
1518;15.22;;L2 U2 B2 U' L2 U' R2 D2 B2 U B' R' F2 U F' D F' L' B D';2026-06-08 17:42:00;15.22
1519;14.05;;R2 B2 R2 U L2 B2 R2 U' F2 U R2 B U2 L B2 U R' U2 L2 D' F';2026-06-08 17:42:33;14.05
1520;16.43+;;R2 B2 L2 B2 L' B2 D2 L' F2 R' F U2 L' B' U R' D R2 D;2026-06-08 17:43:15;14.43
1521;14.22;;L' B U B2 L2 D' R2 U' F2 L2 F2 D' L2 U2 B' R' B2 D2 F' U L';2026-06-08 17:43:54;14.22
1522;17.06;;R2 F2 U' B2 D L2 B2 L2 D' R2 D B R' U' F D2 B U2 R U';2026-06-08 17:44:25;17.06
1523;14.57;;U' R' D2 U F2 R2 U' B2 L2 D R2 U' L2 R' D B' F' D2 L' F D2;2026-06-08 17:45:03;14.57
1524;19.06;;D' L2 F2 U' R' U' D2 L F2 U2 F U2 L2 F2 R2 F' R2 F U2 L2 D';2026-06-08 17:45:44;19.06
1525;15.52;;R2 U' F2 U R2 B2 R2 F2 D' B2 U B2 R U' F2 L F' U L' B2 U2;2026-06-08 17:46:40;15.52
1526;13.10;;D R' D' R2 B2 L2 F2 U' B2 L2 D' R2 B2 F' R2 U' B L R U2;2026-06-08 17:47:21;13.10
1527;16.93;;R F2 R' F2 L' B2 R' U2 B2 R2 B2 D L' B2 R B' D L2 D R2;2026-06-08 17:47:51;16.93
1528;17.00;;L2 D' L2 R2 F2 D L2 D2 U R2 F2 R U2 B2 U B' L B2 D L';2026-06-08 17:48:36;17.00
1529;17.27;;D L2 B2 D' B2 U' R2 U' L2 U' B2 R B U F' R' D' L R2 U' F';2026-06-08 17:49:33;17.27
1530;13.31;;R2 U B U2 R2 F' L' U' L' U R2 B2 U' R2 F2 B2 R2 U R2 U;2026-06-08 17:50:17;13.31
1531;15.34;;F2 D' R' L2 D L2 D2 U' B2 D2 R' U B U' B L R';2026-06-08 17:50:45;15.34
1532;16.24;;B2 D2 F2 D2 U2 R' F2 R U2 R U F D L2 B' F R2 F' D;2026-06-08 17:51:21;16.24
1533;15.05;;R' L' U2 B' L' U' D' B L F2 D' L2 D2 L2 F2 D B2 U' F2 D B2;2026-06-08 17:52:07;15.05
1534;16.77;;R2 D U2 R2 B2 F2 R' F2 R B2 D2 R D2 R' B L' F' D B' L' R2;2026-06-08 17:53:05;16.77
1535;14.17;;U' F2 U2 F2 L2 B2 R2 D F2 D U B' D2 L B U' F' R' U R2 F;2026-06-08 17:53:46;14.17
1536;13.74;;L F' R B L F2 B' D B2 U2 B' U2 L2 U2 D2 F' B2 L2 D';2026-06-08 17:54:22;13.74
1537;19.59;;F' U2 B2 D2 R' F2 U2 L R2 B2 R2 U2 F' U L' R' F L2 U R';2026-06-08 17:54:55;19.59
1538;12.00;;F' L' F2 D2 F2 R2 D2 R2 U B2 D F2 U R2 B' R' D2 B2 R U' L';2026-06-08 17:55:39;12.00
1539;11.61;;L F2 R' D2 U2 L' D2 R D2 L' D' F' R2 D B L D' B;2026-06-08 17:56:23;11.61
1540;14.55;;D' F2 U F2 L2 U2 F2 D B2 U2 R2 B2 R B' L' F D L2 D' B2 F;2026-06-08 17:56:59;14.55
1541;12.48;;B2 U' R' D2 B2 D2 R D2 L D2 B2 U2 B2 F R F2 R' B' R D';2026-06-08 17:57:33;12.48
1542;17.47;;D' L U' L2 D2 B2 R2 U2 R2 F R2 B' D2 F' L' B' D U2 F2 R' U2;2026-06-08 17:59:20;17.47
1543;13.44;;U2 F' R2 B' L2 B L2 B' D2 B2 F' R D' L' R' B D2 F' R F;2026-06-08 18:00:00;13.44
1544;12.06;;D' R2 D2 B' R2 B' F' U2 F L2 R2 F' D' F2 D L B U' F' R';2026-06-08 18:01:23;12.06
1545;13.64;;U2 B2 F2 R2 B2 U B2 F2 U2 L2 D L D' U' L' B2 D L' B R' D;2026-06-08 18:01:52;13.64
1546;16.14;;U2 F' U L F2 L2 F2 D' B U F2 D' R2 D L2 U B2 D2 L2 F2 U';2026-06-08 18:02:24;16.14
1547;18.58;;L' F2 R U2 F L B U L D2 F U2 D2 F R2 F U2 B2 U2;2026-06-08 18:02:57;18.58
1548;19.58;;L2 D R2 D' R2 B2 U' R2 D R2 U2 B2 L D F' R2 B R' D2 F' L';2026-06-08 18:03:36;19.58
1549;20.43;;F2 D L' F D2 F U2 B' D2 B' D2 F2 U2 B2 U' B2 R' D' L' D' F';2026-06-08 18:04:12;20.43
1550;14.22;;F2 D R2 B2 D' B2 D R2 U2 L2 F' U R2 F D2 L' D B L B;2026-06-08 18:04:58;14.22
1551;12.70;;L' B2 U F2 D2 B2 U' F2 L2 B2 D F2 B D' R' U B' L' R2 U;2026-06-08 18:05:43;12.70
1552;16.34;;L2 D' B2 R2 U B2 U' B2 F2 U' L' D2 U F' U B' R2 D' L' B';2026-06-08 18:06:22;16.34
1553;13.26;;D B' D2 B2 D L2 F2 R2 U' F2 U' R2 L B' F' L2 F' R D F';2026-06-08 18:06:56;13.26
1554;13.31;;U2 B2 L' D2 L2 R' U2 L F2 L2 F2 U' L U' R2 B R' D L';2026-06-08 18:07:25;13.31
1555;15.16;;U' B2 R' B U2 L2 B' D2 R' U B2 D B2 D R2 D2 L2 D R2 D;2026-06-08 18:08:10;15.16
1556;14.64;;D B2 U' F2 L2 B2 D2 F2 D' U F U2 L U2 F' L' B F' R U' L';2026-06-08 18:08:46;14.64
1557;13.19;;L U D' F2 R' B L D L B2 L2 D2 B U2 R2 U2 L2 F U2 D2 L2;2026-06-08 18:09:18;13.19
1558;15.77;;R B' U' L2 F U2 D' L B' D2 F' U2 F U2 R2 B2 D2 R2 B2 L;2026-06-08 18:09:51;15.77
1559;12.90;;D' R2 U L2 D B2 U2 F2 U' L2 B2 U2 B' D' L' D2 F2 U R D L2;2026-06-08 18:10:29;12.90
1560;13.90;;F2 R2 D' R2 U' B2 U' F2 D2 B2 D2 U' R F' D2 B' R' D' F' L2 R;2026-06-08 18:11:00;13.90
1561;10.38;;B2 F2 L' B2 R' U2 R B2 U2 L F2 R' F L B2 R F L R' U;2026-06-18 15:36:47;10.38
1562;18.06;;U' B2 L' U L2 U' R' D2 B' U' L2 D' R2 F2 L2 D' R2 U B2;2026-06-18 15:37:30;18.06
1563;20.63+;;F' D F R2 F' L U D2 F2 R U2 F2 L U2 D2 R U2 D2 L U';2026-06-18 15:38:17;18.63
1564;13.57;;F' L2 B2 D2 L2 R2 F' L2 F D2 F2 L2 D B U F R D' L B R2;2026-06-18 15:38:56;13.57
1565;16.33;;B L2 R2 B2 D L2 B2 L2 U2 R2 U F2 B D L R F' L2 B2 D;2026-06-18 15:39:28;16.33
1566;13.97;;U' R' U2 B2 D2 F' L2 R2 U2 B L2 B' D F2 L' B2 F' R2 U2;2026-06-18 15:40:05;13.97
1567;13.48;;R2 B R' D R U2 R F L U R2 L2 U' B2 D' F2 U' B2 D2 B2 D;2026-06-18 15:40:34;13.48
1568;14.66;;L2 U2 R2 F2 R2 F2 D' L2 B2 U F2 B' L2 B' L B' D L' B' L;2026-06-18 15:41:11;14.66
1569;14.40;;R D2 L2 F2 R B2 R' F2 L D2 F2 R2 B' U' L2 B U2 L' F2 R2 B';2026-06-18 15:42:11;14.40
1570;15.07;;B' U2 R B2 U F2 D F2 D2 F R2 L2 F U2 L2 U2 L2 F L' F2;2026-06-18 15:42:53;15.07
1571;12.87;;L2 F2 U' B2 U' R2 U B2 L2 U2 B' L' B2 D' L2 F D' B2 L U2;2026-06-18 15:43:28;12.87
1572;20.19;;D F' D2 R U' R L' U F' R2 D B2 L2 B2 U2 F2 D2 R2 U' R2 D;2026-06-18 15:44:28;20.19
1573;11.23;;U R2 D2 U' R2 F2 L2 R2 F2 R2 F D B' R B' F D2 R' B;2026-06-18 15:45:21;11.23
1574;13.74;;B2 R' B2 D L F' U2 R U2 F2 R2 D' R2 D' R2 L2 F2 D L2 F2 B;2026-06-18 15:46:28;13.74
1575;12.86;;R2 B' L2 B' D2 B U2 B U2 L2 R F2 D' R B U B R' D' R2;2026-06-18 15:47:30;12.86
1576;16.07;;L2 R2 D2 U' B2 U2 L2 U' R2 U' R2 L F' R' B U' F R B F2 U2;2026-06-18 15:48:06;16.07
1577;16.10;;R2 F R' U L2 B2 L D F' B2 U' F2 U' B2 R2 D2 F2 R2 D B2 D';2026-06-18 15:48:52;16.10
1578;17.28;;B' L2 R2 B2 U L2 D2 L2 B2 D B2 D' B' R2 F' L2 D R' D2 L';2026-06-18 15:49:26;17.28
1579;13.24;;F D' R2 D' L2 F2 L2 B2 D' R2 D2 U' R F' D B2 R D R2 F L;2026-06-18 15:50:06;13.24
1580;13.89;;B R2 U' F2 U' F2 D R2 D' L2 D' B2 D' L' F' L R2 D2 R D2 R';2026-06-18 15:50:48;13.89
1581;14.65;;R2 F2 D' F2 U' L2 D L2 U2 F2 U2 R F' U L' B' R D' L B2 D';2026-06-18 15:51:28;14.65
1582;13.12;;F' U2 B' D2 R2 D2 L2 B2 U2 R2 B2 U' L' B' R' D' B R B2 F D;2026-06-18 15:51:59;13.12
1583;15.43;;U2 L' F L2 B2 L2 D2 R2 B' R2 U2 B R U' B U F' L B2 D';2026-06-18 15:52:43;15.43
1584;16.01;;B2 F2 D B2 L2 F2 U' B2 L2 D' L2 D F D' L' B' D2 B2 D' L' R';2026-06-18 15:53:14;16.01
1585;14.23;;L2 F' L2 D2 R' F2 L U2 R' B2 D2 R' D F L B2 R U' R';2026-06-18 15:53:59;14.23
1586;14.81;;F' R' D' B D2 F' U2 L' D B2 U2 L2 F' R2 U2 D2 F2 U2 R2 B R2;2026-06-18 15:54:33;14.81
1587;16.71;;U' D' F D' R U' R' B' L2 D' B2 R2 D' R2 L2 F2 D' B2 U2 F2;2026-06-18 15:55:12;16.71
1588;16.13;;R2 B D2 B' L2 F' R2 F' R2 F' R2 B2 L' F R' D R' B2 L2 B';2026-06-18 15:56:29;16.13
1589;17.93;;F R L2 U2 D2 B' U' R2 F U2 F2 R2 U2 F' R2 F' U2 B L' B;2026-06-18 15:57:09;17.93
1590;13.49;;R2 D2 R2 B2 U R2 U' L2 R2 D' F2 R F R' U2 R' U' R' B2 D2;2026-06-18 15:57:53;13.49
1591;12.83;;U2 F' L' U' L' B' D' B' U2 D2 F2 L F2 R2 L' F2 B2 D2 L2 B';2026-06-18 15:58:22;12.83
1592;11.69;;U2 F L2 F2 U2 F' L2 U2 F D2 F' R2 L' U R' U F U2 B2 D' U';2026-06-18 15:58:59;11.69
1593;12.21;;B' U L2 F2 D' B2 L2 B2 D' B2 D' B2 F R D2 L2 F' D' L' B D;2026-06-18 15:59:35;12.21
1594;14.33;;B2 D L2 D R2 B2 D' L2 F2 U L2 B' L2 B U' R' B' U R' F;2026-06-18 16:00:19;14.33
1595;14.17;;B2 D B2 D2 U B2 D2 B2 L2 U L' U' B' L U F U2 R' F2 L2;2026-06-18 16:01:10;14.17
1596;14.18;;R2 B' D' R2 B2 R2 U L2 F2 D2 L2 B' L D' U L B F;2026-06-18 16:01:55;14.18
1597;14.17;;B D2 L' D2 F2 L' F B2 L2 U' F2 U' R2 D2 L2 D F2 U R2 B;2026-06-18 16:02:40;14.17
1598;12.18;;D' R' U2 R B2 D2 L2 F2 D2 L D R' B2 U2 B U B2 L F';2026-06-18 16:03:17;12.18
1599;13.95;;R L' B2 U' L2 D B' R' D2 R2 D R2 B2 U R2 U2 L2 B2 U F;2026-06-18 16:03:54;13.95
1600;14.30;;D B2 U' R2 U' R2 D2 B2 L2 R2 U' L2 F' U' L B' L R2 B' U' L';2026-06-18 16:04:28;14.30
1601;13.55;;L' F2 D' B U2 R' D' F2 D F' U2 R2 U2 B2 U2 B' R2 F' R2 F;2026-06-18 16:05:18;13.55
1602;18.98;;D' F2 R2 U2 R' D2 F2 R2 B2 R U2 L2 B2 D F L' F U2 F R' B';2026-06-18 16:06:18;18.98
1603;12.53;;U D2 R2 D' F U2 R' U F D' R2 D' R2 L2 B2 R2 D' F2 U2 B2;2026-06-18 16:07:52;12.53
1604;10.80;;D2 R' F2 U' L B' R' L U' F R2 L2 F2 D2 F L2 F' R2 F2 R2;2026-06-18 16:08:40;10.80
1605;16.82;;F' D2 B R2 F' D2 F U2 R2 B U' L B2 D' L2 U R' U L' B;2026-06-18 16:09:23;16.82
1606;15.01;;R2 D2 L2 U R' U B' R2 U' L2 D' F2 L2 U R2 D' L' U';2026-06-18 16:10:04;15.01
1607;15.68;;B D' R B D2 R B' R2 F D R2 B2 U R2 U F2 B2 U' L2 U' L;2026-06-18 16:10:40;15.68
1608;13.41;;B R D' L2 R2 D' F2 L2 D L2 U' L2 F2 D2 R U' B U' F' U2 F';2026-06-18 16:11:25;13.41
1609;11.81;;R2 B2 R2 U R2 U B2 U2 F2 R2 L F L' R' F R2 B2 D L U;2026-06-28 22:50:14;11.81
1610;16.65;;L' U2 F2 L B2 F2 U2 L2 B2 F2 R' D' B' D' L' U B D' L2 B2;2026-06-29 18:11:53;16.65
1611;14.32;;U L' B R2 D2 F D2 R2 F2 L2 R2 F R2 D' L U' F R' U' R';2026-07-01 00:16:42;14.32
1612;17.02;;B' D' R' B R L D' R' U L B2 U2 R L B2 L U2 F2 U2 L2;2026-07-03 01:16:07;17.02
1613;13.32;;R2 B R2 U2 B L2 R2 B R2 B2 D' F' U2 B' F' R B L' R;2026-07-03 01:17:39;13.32
1614;14.45;;R' U R' L' D' F R' B2 U' B2 U' L2 U2 D L2 U2 R;2026-07-03 13:50:55;14.45
1615;11.45;;B U' R B' U B' R' F L R2 U' B2 U' R2 U R2 F2 U B2 D L2;2026-07-03 16:03:40;11.45
1616;11.81;;R2 D L2 U2 F2 D' R2 U2 B2 D B2 R F D' R2 B D' R D2 F2 L;2026-07-03 16:04:40;11.81
1617;10.56;;U' B2 D2 U' L2 B2 L2 B2 U' R2 B2 R' D B' R U B' D2 R' B L2;2026-07-03 16:05:22;10.56
1618;18.94;;L' U2 B2 R2 F2 U B2 D B2 L2 D2 B2 U L U' L' B' U2 F2 R2;2026-07-03 16:06:31;18.94
1619;18.95;;L2 D2 B2 L2 D B2 U R2 U B2 U2 L U B2 L F' D L2 U L';2026-07-03 16:07:29;18.95
1620;18.57;;L D2 U' B2 U' R2 B2 L2 U' B2 D2 B L B' U F2 L2 F D B;2026-07-03 16:08:32;18.57
1621;12.38;;U2 R' F' R2 D2 B R2 U' F' U2 R2 U2 R B2 R' B2 D2 L2 D2 L F2;2026-07-03 16:09:16;12.38
1622;12.86;;D2 R2 B U' D B R' L2 D L2 D L2 U2 L2 F2 L2 F2 D F2 R' B;2026-07-03 16:09:45;12.86
1623;12.78;;F' R D L2 F' L2 F2 D2 L2 F U2 R2 D2 R F' U R2 B' D B2;2026-07-03 16:10:23;12.78
1624;16.68;;F2 R2 B' U2 F' R2 B' R2 U2 R2 B' F' D' F' D L2 B2 L' B U F2;2026-07-03 16:11:07;16.68
1625;15.99;;R2 D2 B D2 L2 F R2 B' D2 F R2 B' U' L B' U2 R2 B F L2;2026-07-03 16:11:41;15.99
1626;14.42;;F' D L' D' R' B' R2 D' L2 U2 D2 F2 L2 F' D2 B' U2 F D2 R' D';2026-07-03 16:12:25;14.42
1627;13.73;;D' R2 U' D R' D2 B' D R F2 R' F2 B2 D2 F2 R' B2 R2 L B2;2026-07-03 16:13:00;13.73
1628;12.62;;D2 R2 D' U' B2 L2 B2 L2 U L2 U' F2 R' F L' D2 B' F2 U' B2 R;2026-07-03 16:13:30;12.62
1629;14.05;;D B2 R2 U' B' U2 R B L F2 D2 B2 R' F2 L' B2 U2 L' U2 F2 B;2026-07-03 16:14:43;14.05
1630;14.72;;F2 L2 D2 B2 F2 D F2 D2 R2 D2 B L B' L' B' F' D L' R2 D2;2026-07-03 16:15:20;14.72
1631;14.10;;F2 R' F2 R F L' D B' R D2 B2 L U2 L B2 R' L' B2 U2 F2;2026-07-03 16:15:47;14.10
1632;12.84;;U F2 L' B' L' U B2 R U L U2 F2 R' D2 R' F2 R U2 D2 R' D2;2026-07-03 16:16:21;12.84
1633;15.91;;F2 R' D2 L2 U2 L' F2 D2 R F2 D F' L2 B2 L' B' F U' B;2026-07-03 16:17:07;15.91
1634;16.05+;;F R' L2 F U F2 R' D R U F2 D2 L2 U' L2 U R2 U2 F2 L2;2026-07-03 16:17:46;14.05
1635;11.39;;B' R U2 B2 R2 U2 B' U2 B' L2 B R2 U' B' D L' F' U2 B2;2026-07-03 16:18:29;11.39
1636;11.26;;F R2 D2 L2 F D2 F R2 B D2 R2 F2 D' F2 L' D L' U2 R D;2026-07-03 16:19:08;11.26
1637;13.68;;R D' B2 D' F2 D2 L2 D B2 R2 U' L2 F D2 R B D' L' D' F R2;2026-07-03 16:19:59;13.68
1638;15.87;;R L' D R B' L2 F U2 R L2 D' F2 D F2 D2 R2 F2 D L2;2026-07-03 16:20:39;15.87
1639;14.73;;U' B2 L2 D L2 U2 L2 U' L2 R2 D' B2 R D2 U2 F R F D B' L';2026-07-03 16:21:14;14.73
1640;13.11;;B D' U' R2 F2 U' R2 F2 L2 D2 F2 L' D R F' U B2 R D;2026-07-03 16:21:48;13.11
1641;13.49;;D' B2 D' L2 U' R2 U2 B2 L2 D L R' D R F' D' U R B R;2026-07-03 16:22:29;13.49
1642;15.91;;B R2 L' U' F L U2 D B R' U2 L2 D2 F2 L' U2 B2 L2 F2 L;2026-07-03 16:23:12;15.91
1643;16.32;;D' B' L' F' B2 R' F U L2 U R2 F2 D R2 U' F2 U2 F2 R F2;2026-07-03 16:23:44;16.32
1644;14.67;;U' R L U' B2 U' F L B U2 L U2 R D2 R' U2 L2 F2 B2 D2 F2;2026-07-03 16:24:23;14.67
1645;14.02;;F2 R2 D' U' L2 F2 U' F2 D U R' B' L' D U F' R' U2 R' D;2026-07-03 16:25:04;14.02
1646;16.49;;D2 R' B' U' B2 D L2 U F2 U' F2 L2 U F R B2 U L';2026-07-03 16:25:46;16.49
1647;14.10;;F U' B' U2 L' B D R F' L2 U2 B2 R2 B R2 L2 B L2 U2 F' D';2026-07-03 16:26:43;14.10
1648;15.04;;B L' F' R2 U' B2 D2 B2 D2 F2 R2 L' U' B' D' R B' L';2026-07-03 16:27:20;15.04
1649;17.82;;D F2 U' F2 D R2 D' B2 U F2 R2 B2 F D' R' U2 R' F' L' D' B;2026-07-03 16:27:55;17.82
1650;16.34;;R' B2 U' L2 D' R2 D F2 U R2 B' U' R' D' B' D2 L' D2 U;2026-07-03 16:28:30;16.34
1651;13.41;;U' F U F2 D R2 D2 L2 U' R2 U L2 U' R U2 B D2 R' B U;2026-07-03 16:28:57;13.41
1652;13.09;;F R' B2 D2 F' U2 R2 F' D2 B2 F' U2 L2 F D R U F' L' D' R;2026-07-03 16:29:31;13.09
1653;14.55;;B' R F2 R2 U' B R' U2 L2 F2 U' L2 F2 U' B2 D F2 D' B2 R F';2026-07-03 16:30:02;14.55
1654;12.70;;U' F' U R L D2 F' R2 U R' F2 R' U2 R' F2 R D2 L' D2 R' B2;2026-07-03 16:30:27;12.70
1655;14.86;;B' R' B2 L' U2 F2 L2 B2 R U2 F2 R B R2 D2 U' R F D2 F;2026-07-03 16:30:53;14.86
1656;12.06;;L U' F2 D' U2 F2 D2 F2 L2 D R2 U' R2 B R' F R B' D' U2;2026-07-03 16:31:26;12.06
1657;15.56;;L2 D F2 U' B2 U2 F2 L2 B2 L' R B' R U' F' L2 D B' R';2026-07-03 16:31:58;15.56
1658;18.19;;B R U' B2 D L2 R2 F2 L2 D' R2 U L' D2 B L' D2 F2 L2 F;2026-07-03 16:32:28;18.19
1659;13.10;;U L2 B2 D2 L2 D' U2 R2 U' L2 R' U2 F2 R2 F U F2 U F2;2026-07-03 16:33:19;13.10
1660;12.81;;L' U R2 U2 L2 U B2 F2 U B2 L2 R' D2 U2 F2 R D B' D U;2026-07-03 16:33:51;12.81
1661;12.90;;L F2 L U' B' U L D2 R2 U B2 D R2 D F2 B2 L2 U L' D;2026-07-03 16:34:43;12.90
1662;13.08;;D' B2 L F2 L2 D' B2 U F2 L2 U F2 R2 B R' F L2 B L F;2026-07-03 16:35:12;13.08
1663;12.13;;B2 D2 L2 D' B2 D' U' R2 F2 R2 B' L' U2 L D' R F' U F;2026-07-03 16:35:53;12.13
1664;16.68;;U' B' L' D' R2 D2 L2 D' B2 R2 D L2 D' L R' U2 B' L B' U';2026-07-03 16:36:30;16.68
1665;13.75;;B L R2 U B2 F2 D R2 D R2 U' F2 D' R F D' R2 B R2 F;2026-07-03 16:37:16;13.75
1666;11.65;;B' U' B2 D2 L2 F2 R2 D' F2 L2 U2 R2 U B F2 D L2 B2 L U' L2;2026-07-03 16:37:57;11.65
1667;15.05;;L2 F R2 F2 U' B2 U2 F2 L2 R2 U R2 B' R' B U2 B' R D' R';2026-07-03 16:38:24;15.05
1668;18.36;;L2 F' B2 R2 F2 U R2 D2 U' L2 B2 D2 L2 B R' B D' L2 U' R B2;2026-07-03 16:38:54;18.36
1669;11.17;;L2 U2 B' R2 F2 L2 F R2 D2 B2 D F L2 U' B2 D U R' F';2026-07-03 16:39:43;11.17
1670;12.25;;D' B2 U R2 U R2 F2 U' F R D' U L2 B F D2 U2;2026-07-03 16:40:21;12.25
1671;13.19;;R B' R2 F' L2 B2 U2 F' D2 U2 R D U R2 B' L R2 D2;2026-07-03 16:41:04;13.19
1672;13.93;;D' R2 U R' D2 F L' B' U F2 L' U2 R2 D2 R' B2 R2 B2 D2 B2;2026-07-03 16:41:51;13.93
1673;14.76;;F2 R2 F U2 B2 F L2 R2 F' R2 F U' R B2 F D' B' U R B' F';2026-07-03 16:42:37;14.76
1674;12.29;;D F2 D' R U' L B F2 U2 D' R2 U' B2 R2 U' B2 R2 U' F2 L' F';2026-07-03 16:43:20;12.29
1675;13.63;;D' B U F2 D' F2 D' L2 D' F2 D R2 B R B2 D' B D L;2026-07-03 16:44:40;13.63
1676;16.99;;D L2 F B D' F U2 F D2 R' F2 R' B2 D2 R' B2 R B2 L2 U;2026-07-03 16:45:35;16.99
1677;15.23;;F B2 R L U' B L' B R2 F2 L2 D2 B' L2 F D2 F2 L U;2026-07-03 16:46:12;15.23
1678;16.67;;D2 U2 R' U2 L' D2 F2 L' B2 L F2 R' D' B D2 R2 U2 L U2 L' B;2026-07-03 16:46:42;16.67
1679;12.85;;F2 L F' U' L B' R2 D' L' B2 L' D2 B2 D2 R' B2 U2 R' U2 R;2026-07-03 16:47:23;12.85
1680;15.51;;L2 B' F2 D' B2 D' B2 F2 R2 D' R2 B2 D U2 L' D2 U' L2 U L2 F;2026-07-03 16:48:03;15.51
1681;15.52;;L2 D' B2 R2 B2 U' B2 D F2 R2 F2 L' D2 B' R' B2 U' B2 D2 F L;2026-07-03 16:48:38;15.52
1682;14.04;;D2 R' D2 B' L2 F' L2 U2 L2 B2 L2 F' D2 R U' L' U' L B2 D' L;2026-07-03 16:49:28;14.04
1683;15.90;;U' B F2 U R2 F2 R2 D' B2 D2 R2 U R2 D R F R2 B L' D' B;2026-07-03 16:50:39;15.90
1684;15.55;;D2 B' U B' R F D' B2 R' B2 L2 B U2 F R2 L2 F R2 F R2 L2;2026-07-03 16:51:12;15.55
1685;13.56;;R2 F2 R' B L F U L F' U2 F2 R2 U F2 U R2 D2 B2 L2 D2;2026-07-03 16:51:56;13.56
1686;14.13;;R' B2 U2 L2 U2 R2 U2 F2 D2 F' R2 U2 F' U' B D L' F R F R;2026-07-03 16:52:31;14.13
1687;13.04;;D R' B2 U2 L2 U2 L2 B' F' R2 D2 F D R U F D2 B D2;2026-07-03 16:52:59;13.04
1688;14.42;;D' B2 R2 B2 D' R2 F2 D' U R2 U R' U2 B U2 B2 U L' R2 B U2;2026-07-03 16:54:09;14.42
1689;15.52;;D' F' U2 R2 D2 R2 B2 F L2 F' U2 F2 R B L F2 L R2 D2 B;2026-07-03 16:54:39;15.52
1690;13.87+;;D2 B2 R' B2 R' U2 L U2 L2 U2 B2 R B R' F' D2 L U' F2 R2;2026-07-03 16:55:13;11.87
1691;16.22;;U2 B U2 B F2 L2 B2 D2 F L U L' R B2 R2 U L2 F2;2026-07-03 16:56:23;16.22
1692;14.81;;R' B' D F L' F2 D' R B' D B2 U2 D F2 R2 U2 B2 L2 B2 U;2026-07-04 01:41:11;14.81
1693;13.09;;F' D2 L2 B' U2 B D2 F R2 B2 L2 D2 L' B' F U R F L R' D2;2026-07-04 01:43:04;13.09
1694;10.69;;U' R2 L2 D2 F' U2 B U D F2 U2 F2 R2 F2 U R2 D2 B2 U;2026-07-04 01:45:43;10.69
1695;54.49;;D2 L2 F2 U2 B2 D2 R2 B2 R B2 R F2 U' R2 D B2 U B D2 R;2026-07-04 02:32:35;54.49
1696;17.44;;L2 U2 B2 D2 F R2 F' L2 R2 U2 D L U2 R' F L2 D2 B U' F;2026-07-04 02:37:05;17.44
1697;15.89;;D' F2 R2 U' F2 R2 U' F2 L2 U F L2 R U F2 L R' B2 D2;2026-07-04 02:39:10;15.89
1698;15.38;;D2 B2 R2 B2 U2 B2 U2 L2 U' F2 U R F' D L2 F2 U B' L R';2026-07-04 02:41:55;15.38
1699;13.24;;U R' D' L2 F U' F' R D' F2 R2 F2 L2 U2 F' R2 U2 B2 U2 B2;2026-07-04 14:19:41;13.24
1700;15.43;;D2 F R' B2 U2 B2 F2 D F2 U F2 R2 U L2 R U' B' U L' D2 B;2026-08-31 15:57:20;15.43
1701;15.90;;U R B2 F2 D F2 D' L2 B2 D2 B2 U' L2 R U2 F' R U' F D2 F';2026-08-31 15:58:27;15.90
1702;14.96;;U L' F' B U B D2 F R' U F2 D L2 U2 B2 L2 F2 D L2 U;2026-08-31 15:59:23;14.96
1703;18.18;;F2 D F2 L2 D F2 L2 R2 F2 U R2 L F R2 U B2 L D R' D';2026-08-31 16:00:11;18.18
1704;18.80+;;D' B2 L B2 L' R2 F2 L F2 U2 R B2 R' U R' B' U2 L U' F D';2026-08-31 16:00:53;16.80
1705;14.96;;B2 F2 R2 B2 R2 U L2 D2 L2 U B2 D F' L U2 B D' L D B;2026-08-31 16:01:43;14.96
1706;18.53;;U2 L2 U2 B' U2 L2 B D2 R2 B2 L' B2 F R' B D B2 L R' U;2026-08-31 16:02:31;18.53
1707;17.16;;D' U R2 D2 L2 F2 L2 U' R2 D B' U' B' L' D F D B' R2 F';2026-08-31 16:03:16;17.16
1708;14.10;;B' R D' R U' R2 D F' R2 L2 U2 F2 R2 F U2 F2 L2;2026-08-31 16:03:52;14.10
1709;15.18;;L B2 F2 U2 L' U2 L' D2 F2 L' B' D' L' R' U B' R' B;2026-08-31 16:04:46;15.18
1710;22.03;;B L2 D F2 R' F2 B U F L2 F L2 D2 B R2 F R2 D2 B' D';2026-08-31 16:05:29;22.03
1711;15.69;;B R L2 U F2 U2 L2 F2 U L2 R2 U' F2 R U' R2 U' B' D R;2026-08-31 16:06:18;15.69
1712;16.57;;D2 R2 B' L2 F' U2 B' U2 L2 R' D' B2 U F R D F2 L;2026-08-31 16:06:54;16.57
1713;13.05;;B U2 L2 D2 B R2 B' R2 F2 L2 F D' B R2 B' L D' R' F' D B2;2026-08-31 16:07:34;13.05
1714;14.88;;U L' D2 B' R2 U D B' L F2 D L2 D' B2 U2 D' F2 R2 U2 R2;2026-08-31 16:08:52;14.88
1715;17.53;;B2 R2 D' L2 B2 F2 D R2 U' B2 L2 U L F' D F' L R2 D;2026-08-31 16:10:13;17.53
1716;14.34;;L U L B2 U' F2 D' F2 R2 D' L2 U2 F D2 B' U B2 F' L;2026-08-31 16:13:05;14.34
1717;17.88;;U B' R2 U F U2 L U F2 B2 U' L2 U D2 F2 R2 L2 B U2;2026-08-31 16:13:50;17.88
1718;16.60;;L D R L U F2 D L' B2 D2 F2 D2 R2 F D2 R2 F' R2 F' U;2026-08-31 16:14:50;16.60
1719;19.39;;D' F' B' L' U' R2 B L' U L2 D' R2 U' F2 U' F2 D' F2 D L2;2026-08-31 16:16:03;19.39
1720;15.53;;U R2 F2 D' F D L2 U' R2 D2 L' B2 R F2 R' D2 L B2 R' U2;2026-08-31 16:16:42;15.53
1721;15.17;;D2 B' U' R2 D2 F' L2 B' L2 D2 L2 F2 L2 D L' U2 R2 B' D F';2026-08-31 16:17:38;15.17
1722;13.24;;R2 B2 F2 R2 D2 U' L2 D' U L2 B2 F R B F D' B U2 R' B' R2;2026-08-31 16:18:18;13.24
1723;13.09;;D2 L2 D R2 U2 L2 U' B2 U R2 U2 R2 L D2 F R U2 L' B' U' F2;2026-08-31 16:20:04;13.09
1724;14.59;;R2 F' R2 F' U2 R2 B L2 R2 B2 U B D F D2 F' R' F L' U2;2026-08-31 16:20:50;14.59
1725;14.28;;F R' B' R F2 B2 D' U2 R B2 U2 L2 F2 R' D2 R' B2 U2 D';2026-08-31 16:21:18;14.28
1726;14.96;;R' B2 L2 F2 U2 L' R D2 L F' D F2 L2 B' L' R2 D2 B2;2026-08-31 16:21:56;14.96
1727;15.22;;U2 B' D2 F2 R2 D2 F2 L2 U2 B D B' D B' L D2 L D2 B';2026-08-31 16:22:29;15.22
1728;12.36;;B D F2 U F2 U B2 D' B2 U F2 L' B F2 U' F R' F2 D2 R2;2026-08-31 16:23:08;12.36
1729;12.58;;F2 L2 D' U' B2 U2 B2 L2 D' F2 U B' L' B U' B2 L2 U2 L' B U2;2026-08-31 16:23:57;12.58
1730;14.88;;L U' B' R2 F' R2 U2 F' L2 D2 B' R2 F2 U2 R F D' U' F R';2026-08-31 16:24:50;14.88
1731;13.23;;U D B L2 F2 L' U R B' U' R2 L2 U' L2 U2 B2 D' R2 B2 D2;2026-08-31 16:25:26;13.23
1732;17.44;;D2 B2 D' F2 L2 F2 U B2 D' L2 D R2 F' U' B U L' D2 L2 B' R';2026-08-31 16:26:16;17.44
1733;12.44;;L2 B2 U2 F R2 B' R2 B2 D2 R2 B' U' F' R2 F U R B F L';2026-08-31 16:27:07;12.44
1734;17.45;;D2 L2 U L2 R2 U' R2 F2 D' F' U2 L2 R B' U' R' B' L' U';2026-08-31 16:28:05;17.45
1735;13.55;;R2 D2 B' L2 F' R2 F2 L2 U2 B' U B2 L' D' F' U' B' L2;2026-08-31 16:28:45;13.55
1736;13.22;;B U2 R2 F L2 R2 B U2 B U2 F R2 L D' L D' L B L' D2 U';2026-08-31 16:29:36;13.22
1737;19.73;;U2 L2 B2 F2 D' F2 R2 D L2 F2 L2 R2 B' D' L U' L B L R' F';2026-08-31 16:30:35;19.73
1738;17.36;;R2 U' L2 U B2 D' L2 U' B2 U' R2 U' L' D' B U F2 D2 F D R';2026-08-31 16:31:17;17.36
1739;12.82;;B R' D B2 L F2 B R' F2 U2 L2 F' U2 B D2 F2 D2 R2 F;2026-08-31 16:31:50;12.82
1740;14.24;;B2 R L2 D' R2 D' R2 F2 U B2 R2 F2 U2 F' D L' U2 L' F' D2;2026-08-31 16:32:24;14.24
1741;DNF(18.32);;L2 F2 U' L2 U L2 R2 F2 D' L2 B' L' D L2 D B U' R U' L;2026-08-31 16:32:53;18.32
1742;16.32;;L' D' F L2 U' R D' B D2 L2 F2 D2 L2 B R2 L2 D2 B U2 D' B;2026-08-31 16:33:50;16.32
1743;14.46;;F2 L2 F2 L2 U2 L2 F2 U2 F' L2 B U' R D' L' D2 F' D L' U2 B2;2026-08-31 16:34:35;14.46
1744;12.83;;F R B2 L F' B U2 R' B D B2 D' R2 U F2 L2 F2 U R2;2026-08-31 16:35:07;12.83
1745;14.05;;F D' L F2 D2 F' U2 R2 B L2 U2 R2 D2 L F D B L' U F;2026-08-31 16:35:51;14.05
1746;13.62;;F2 D R' B U' D R U L R2 B2 U L2 U R2 B2 U R2 B2 D2;2026-08-31 16:36:23;13.62
1747;26.81;;D2 L B' R2 D2 F L2 F' U2 F' L2 B' U F' L2 R2 F U B;2026-08-31 16:37:25;26.81
1748;12.61;;R' B U2 D B2 U' B' L' U F2 U D F2 U L2 U' R2 D L2 B';2026-08-31 16:38:16;12.61
1749;14.17;;F2 U R2 D F2 D' B R' L2 U B2 D R2 F2 L2 U2 B2 U' F2 R;2026-08-31 16:38:54;14.17
1750;13.78;;L' F R L2 U' D2 B' L' F2 L2 F2 L2 D2 L B2 U2 F2 B2 D L;2026-08-31 16:39:26;13.78
1751;9.14;;B' D2 B2 F2 D L2 D L2 U R2 F2 R2 D F D B2 L U2 F2 L2;2026-08-31 16:40:11;9.14
1752;11.79;;B2 R' D F2 U R' B2 D' F' U' R2 B2 D' R2 F2 U2 R2 D' B2 L2 U;2026-09-04 21:37:28;11.79
1753;12.44;;L2 U' L2 U F2 U' F2 D' F2 D2 R' D' B2 F2 U' F D F2 L' B;2026-09-04 21:38:43;12.44
1754;24.89;;F D' R2 F2 D R2 D2 B2 U L2 U B2 L F L' F L B' R D2 B';2026-09-04 21:40:10;24.89
1755;13.31;;R D2 L' U' R2 B2 R2 B L B2 L2 D2 R2 B D2 F2 L2 U2 L2;2026-09-04 21:42:25;13.31
1756;13.80;;R2 D L B' R2 U2 R' F2 R2 L2 D2 B' L2 F' U2 R2 B' R2 F' R D';2026-09-04 21:43:35;13.80
1757;12.95;;F R' B L' D F2 B' U2 L' F2 R F2 U2 R F2 R' U2 F2 U' F';2026-09-04 21:44:37;12.95
1758;16.59;;F2 U2 L B' R2 D R2 U' L B2 R2 D2 F2 D2 F2 R' D2 L U2 D2 F;2026-09-04 21:45:50;16.59
1759;12.27;;B2 D' F2 L2 U B2 L2 B2 L2 D' R' D2 B U L' U B F L B;2026-09-04 23:18:26;12.27
1760;21.60+;;L F' D' F2 R2 B2 L2 U' F2 D R2 D' F2 D2 L' D R' D2 B' R' B2;2026-09-04 23:19:26;19.60
1761;16.16;;U L' U B D2 B2 L2 B' D2 F' R2 B L2 B D' F R' F2 U L2 D;2026-09-04 23:20:34;16.16
1762;16.70;;L' U R2 L2 D' F' B' U F2 R' D2 L2 B2 U2 F2 D2 R' F2 L D2;2026-09-04 23:21:12;16.70
1763;18.18;;U' B2 L2 B2 R2 D U F2 U' L2 D B' D' L' B2 F' U2 F2 L U R2;2026-09-04 23:22:17;18.18
1764;18.22;;F2 D R' U' B' R F R U' D2 B R2 B R2 B2 D2 L2 U2 L2;2026-09-04 23:51:13;18.22
1765;15.86;;B2 U2 F U D F2 U R' F L2 U F2 U L2 F2 U R2 F2 U R2 D';2026-09-06 20:07:08;15.86
1766;13.91;;U' L2 D2 R2 U' F2 D' F2 U L2 B2 L2 R' D2 F U' L U2 B2 D';2026-09-06 20:07:45;13.91
1767;15.90;;B' D2 F L2 F' U2 L2 F2 D2 U' L' R' D' L' B2 F D2 U2;2026-09-06 20:08:22;15.90
1768;14.06;;B' R B' L2 U2 R2 U' B2 D B2 L2 B2 L2 D2 B R B2 L D B' R';2026-09-06 20:08:58;14.06
1769;15.93;;U2 B' F2 U2 L2 B R2 D2 R2 B' D B' U2 F D2 U2 L D F;2026-09-06 20:09:32;15.93
1770;13.68;;U' B2 L B' L' D' F' L2 B' R2 U D F2 L2 B2 R2 B2 U' B2 L2;2026-09-06 20:10:28;13.68
1771;16.73;;U2 L D2 R' U2 B2 L2 D2 F2 L2 F2 D' R2 B' U2 F' L B2 U;2026-09-06 20:11:05;16.73
1772;30.01;;L' D L2 R2 F' U2 F U2 L2 B2 R2 F2 D2 R' D B L2 R D2 U2;2026-09-06 20:11:40;30.01
1773;11.59;;D2 F2 D' R2 D' U2 F2 U' B2 F2 U R' D' F2 D2 F' D2 B U R2;2026-09-06 20:12:35;11.59
1774;9.34;;F D' R B2 L F U' L D' F' U D L2 B2 U' D2 B2 R2 D R2;2026-09-06 20:13:20;9.34
1775;16.17;;F D2 B' R2 B L2 R2 B' R2 B R2 F R' U2 L' F L D L' U R';2026-09-07 21:49:41;16.17
1776;14.67;;U2 R2 B L' F2 U R D F2 U2 D2 L2 F B' R2 F' D2 F2 L;2026-09-07 21:50:44;14.67
1777;13.85;;B' D2 B2 D' F2 R2 D L2 D L2 U' R U L' B' D' R D' B;2026-09-07 21:51:19;13.85
1778;14.92;;D2 R2 F2 U2 B D2 R2 D2 F2 L2 U2 R D' L2 F2 R2 U R D2 F';2026-09-08 01:02:58;14.92
1779;14.90;;L' D' L' F' D B2 D' R' D' F2 L2 D L2 F2 D' B2 D2 R2 L2 F2;2026-09-08 01:03:34;14.90
1780;14.39;;D2 F2 U L2 R2 U R2 U' F2 U F L' B F R' U' L U2 B2 D';2026-09-08 01:04:11;14.39
1781;16.16;;B' D' B2 L2 B' D2 F2 L2 F' D2 B' D2 F D2 U R D' L' F2 D2 F';2026-09-08 01:05:09;16.16
1782;10.73;;U B2 U L2 F2 U B2 D F2 D' B' R' B2 L' R' D R2 U2 R' D';2026-09-08 01:05:56;10.73
1783;14.31;;D' L2 B2 R B' D' R L B' U' R2 U' R2 U F2 U R2 L2 B2 D;2026-09-08 01:07:19;14.31
1784;14.36;;B U2 L2 U2 L2 F D2 B2 R2 U2 B2 D B R B R U R2 F' R2;2026-09-08 01:07:58;14.36
1785;14.15;;D' B2 L2 D R2 U B2 R2 F2 U2 B' D2 B L' B D' R' F D2 L2;2026-09-08 01:08:38;14.15
1786;12.08;;D2 B2 L U' R2 U' D' R' F L2 B D2 R2 L2 B' U2 R2 U2 L2 U;2026-09-08 01:09:28;12.08
1787;12.43;;B2 U' F2 D F2 U2 L2 F2 R2 B2 D' R F' R2 F L B' D' U2 L;2026-09-08 01:10:12;12.43
1788;15.16;;R' D U2 F D2 B' D2 F' L2 F' U2 F2 R' F D2 R2 F U' F' L2;2026-09-08 01:11:12;15.16
1789;15.00;;D2 B' R' L D' L2 U' R F' D2 B L2 D2 B2 L2 B U2 B R2 U2;2026-09-08 01:11:56;15.00
1790;15.64;;R U2 F2 U2 L' U2 L R D2 R' U2 B2 U' B' U2 L D' U F2 L R';2026-09-08 01:12:29;15.64
1791;14.06;;B' R' L' F D2 B' D R' D R2 D2 F' D2 F L2 U2 B U2 F' U2 B2;2026-09-08 01:13:17;14.06
1792;14.30+;;B' D' F' U' D' B' R U' L' F2 U2 B2 D2 L' U2 R' B2 U2 L F;2026-09-08 01:13:57;12.30
1793;13.91;;L' F' B' R' L' F' D' F R2 D2 B R2 B L2 U2 F U2 B' L' D';2026-09-08 01:14:45;13.91
1794;14.85;;F2 B2 D' R L2 B2 R' F' D2 L2 F2 U D' F2 U2 B2 U2 R;2026-09-08 01:15:28;14.85
1795;12.40;;B R2 B' U' B L D F L D2 F2 U D R2 D' B2 U R2 L2 D' L';2026-09-08 01:16:18;12.40
1796;13.41;;R U' R2 F2 R B R2 B U2 B2 R' U2 R2 D2 L F2 L U2;2026-09-08 01:16:44;13.41
1797;17.74+;;B2 U2 B L2 B' D2 F L2 F U2 R2 F' U F2 R B' L B2 F' U R;2026-09-08 01:17:25;15.74
1798;13.43;;B U' R B2 D' F2 U' R2 U2 L2 D L2 B2 R2 L' D2 F' L' D2 F2 R;2026-09-08 01:18:07;13.43
1799;13.92+;;L2 R F' R2 B' L2 B D2 U2 B2 U2 D R' D' B2 L F D B2;2026-09-08 01:18:41;11.92
1800;14.46;;B2 U2 R' F2 R' U2 R' U2 B2 L' F U' R' D B L R B2 F;2026-09-08 01:19:32;14.46
1801;13.38;;L2 F' L D R' F2 L B2 D B L2 B2 L2 U2 B' U2 F' R2 L2 F R2;2026-09-08 01:20:18;13.38
1802;13.42;;R B R' L2 B L2 R2 B2 F' D2 U2 R2 F' R D L U' B' U' F;2026-09-08 01:21:07;13.42
1803;19.29;;B2 D U2 B2 U R2 F2 U' L2 R2 F2 U2 R' B' U L' U2 L' D L2 F;2026-09-08 01:21:38;19.29
1804;12.64;;R2 B2 R' U2 R' B2 D2 B2 D2 R' B2 F L2 F' U2 L D B' R' F';2026-09-08 01:22:16;12.64
1805;15.82;;L2 U2 F2 R2 D2 U2 R D2 L D2 U2 R2 D' B' L2 D B2 U2 L2 F;2026-09-08 01:22:49;15.82
1806;12.53;;R F B2 D2 U' F2 D R2 D R2 B2 F D L R U B' U2 L;2026-09-08 01:23:34;12.53
1807;14.62;;U F2 U R' D' F' B U D2 B2 D B2 U B2 L2 D F2 R2 L F;2026-09-08 01:24:28;14.62
1808;14.42;;F U' L' R2 D' F2 D R2 D' F2 D U L2 U F' R U2 R2 B' L2 R2;2026-09-08 01:25:08;14.42
1809;13.52;;F U2 L U2 B2 F2 L2 R' U2 R' D' R' B2 R' F' D' L2 R2;2026-09-08 01:25:51;13.52
1810;13.13;;F2 R2 U2 F2 R2 D L2 F2 R2 D L D B U' B' L' F L R' D;2026-09-08 01:26:26;13.13
1811;18.55;;U' L F2 D2 L2 B2 F2 L' D2 R2 F2 R' F2 B D U' F D2 U' R' B';2026-09-08 01:27:03;18.55
1812;13.98;;D2 B L2 U2 F' L2 D2 F D2 B L2 D' B R F U F2 L R2 B2 U';2026-09-08 01:28:02;13.98
1813;13.31;;U R2 D L2 D F2 D F2 U2 R' F' U2 L2 D2 F' U2 B2 R;2026-09-08 01:28:34;13.31
1814;14.88;;L D' B2 F2 D' R2 D2 U F2 D L2 U R' B L' R' F2 R' B F;2026-09-08 01:29:06;14.88
1815;12.35;;B R2 D' L2 D B2 R2 B2 R2 F2 U' B L2 U' B' U' B' L R';2026-09-08 01:29:39;12.35
1816;13.22;;R F2 R D L2 D L2 F2 D R2 F2 U2 L2 U' L F D' U' F2 R' F';2026-09-08 01:30:09;13.22
1817;11.86;;U' L U2 B2 U' L2 F2 U F2 R2 D' L2 B2 F' L D2 F' U' L2 D B;2026-09-08 01:30:39;11.86
1818;16.15;;R2 U' D2 F2 D2 F2 R B2 F2 U2 R' D2 R' B' F' D B2 R' U' F;2026-09-08 01:31:36;16.15
1819;11.32;;B U D F' L2 B L' U' F D2 R2 B' L2 D2 L2 F2 R2 B' D;2026-09-08 01:32:40;11.32
1820;15.07;;B2 R L2 U2 L2 R2 D R2 U' R2 F2 D B L F2 D F2 L' D;2026-09-08 01:33:33;15.07
1821;12.74;;D' R U L U2 B' R2 D U2 F' R2 L2 D2 L2 B2 R2 B' U2 D2 R';2026-09-08 01:34:09;12.74
1822;12.71;;U' L2 R2 U2 R2 U F2 R2 B2 U2 L2 U B' R2 B R' B2 L2 D F' L;2026-09-08 01:34:53;12.71
1823;12.78;;B R' D F B' L2 D F' U2 R F2 R2 B2 R2 L' F2 U2 L' F2 U;2026-09-08 01:35:36;12.78
1824;13.21;;D B' F2 U' R2 B2 D B2 L2 U R2 B2 D R2 F' U2 L' D2 F' R2 U';2026-09-08 01:36:12;13.21
1825;15.77;;F' B2 R2 F2 R2 U F2 D F2 U' L2 U2 L F L2 U' B' R' D B2 R;2026-09-08 01:36:43;15.77
1826;14.29;;F2 R2 F U2 B' U2 R2 U2 L2 B2 U2 D' R2 D' R' U2 F D' R2 F;2026-09-08 01:37:19;14.29
1827;16.98;;U' B2 L2 F L2 D2 F L2 B' D2 R2 B2 L2 U B' D F L D R' B';2026-09-08 01:37:53;16.98
1828;14.14;;U' F2 U2 F U' L' D2 L B' R' B2 D2 F2 R F2 B2 R B2 L2 B2;2026-09-08 01:38:31;14.14
1829;14.48;;U' L' F' L2 R2 F2 D' U2 F2 L2 D U2 B' F' R' U B D' L;2026-09-08 01:39:13;14.48
1830;11.71;;D2 R2 D' L2 R2 D' L2 R2 F2 D F2 B L U' B2 F' R' F' D L F;2026-09-08 01:39:46;11.71
1831;18.06;;B2 L2 B2 D2 B2 D' R2 B2 D' R2 D L' R' B' L U' R2 B L2 U2;2026-09-08 01:40:52;18.06
1832;15.98;;B R' L2 D2 F2 R2 B D2 B U2 R2 B' R2 F R' D L U2 R;2026-09-08 01:41:21;15.98
1833;18.23;;U' R U F2 L2 R2 F D2 B' U2 B' R2 B' L' D2 B2 D R F L';2026-09-08 01:42:00;18.23
1834;14.92;;F B' R2 U2 F D2 R U' F2 L2 U R2 L2 D B2 U F2 L2 D2 F' U';2026-09-08 01:42:52;14.92
1835;14.06;;B2 R2 U2 F2 U B2 L2 B2 F2 D' L2 R U2 L' D' F' L2 D L F';2026-09-08 01:43:40;14.06
1836;11.19;;L2 B2 U2 F' D2 L2 D2 R2 F2 D2 F' R' F D' L' U2 L B2 D2 U';2026-09-08 01:44:12;11.19
1837;17.10;;R2 B2 D F2 D2 L2 F2 R2 B2 D' R2 L U R F' D2 L' D F D2 F;2026-09-08 01:44:46;17.10
1838;16.40;;F2 D B2 R2 F2 D L2 B2 D' U2 L' D' U' F L' B' R' D' F U2;2026-09-08 01:45:20;16.40
1839;10.96;;D B U2 F D2 B L U F R2 U2 B2 U L2 D' L2 U' F2 U2;2026-09-08 01:45:55;10.96
1840;17.84;;B2 L2 D' L2 D' F2 D' F2 L2 F2 U2 F L' F2 L' D R B L';2026-09-08 01:46:35;17.84
1841;14.14;;R F D B' R F' U' D' L2 U2 D2 R U2 F2 R' U2 L' B2 D2 F';2026-09-08 01:47:20;14.14
1842;13.06;;F' R' L' B' L D2 B' U D' F D B2 U2 D L2 U R2 L2 D' F2 B2;2026-09-08 01:47:54;13.06
1843;12.85;;R L' B U' B D' R2 B' R D' L2 F2 L2 F2 D' L2 D B2 D' L2 D';2026-09-08 01:48:46;12.85
1844;12.42;;D F2 U2 F' R2 U L F R' F D2 B U2 F2 D2 R2 D2 F D2 B';2026-09-08 01:49:25;12.42
1845;15.84;;B' F2 D' F2 U' L2 U' B2 F2 L2 U2 L' B' D' B2 R U R2 D' R;2026-09-08 01:50:02;15.84
1846;14.91;;F D B2 L2 U2 R' B2 L U2 R D2 F2 L2 D2 B R' D' B D F' R';2026-09-08 01:50:40;14.91
1847;17.08;;L' F2 L D2 L B' D' R' U' R2 D' R2 F2 B2 U' L2 D' B2 U' B2;2026-09-08 01:51:18;17.08
1848;17.92;;U F' R2 B2 L2 R2 B' L2 R2 F' D2 B L' U' B2 R' D2 F U2 F;2026-09-08 01:52:24;17.92
1849;23.33;;L D2 U2 F2 R D2 L F2 U2 F2 L' U2 B' L' U F D' B F L' U2;2026-09-08 01:53:16;23.33
1850;13.55;;D2 L2 U' D2 F R2 D' L D2 B' U2 F B2 R2 F2 D2 R2 B R2 B' D;2026-09-08 01:54:03;13.55
1851;16.09;;U2 L D B' R' F' B U' R2 L' B2 R' F2 R U2 D2 B2 L' D2 U;2026-09-08 01:54:46;16.09
1852;19.57;;U' R B2 D2 R2 F U2 R2 D2 R2 B D2 B U2 L' U R' U L' B' L2;2026-09-08 01:55:56;19.57
1853;12.82;;R' D2 U2 F2 L2 U2 B' L2 B D2 R2 U' L' F' R F2 R' F' U';2026-09-08 01:56:37;12.82
1854;11.16;;D' L U R2 U2 R2 U R2 D F2 R2 D' F2 R2 L U L' F R' B2 F;2026-09-08 01:57:12;11.16
1855;11.22;;B D' F L B U' F R2 D' U2 R2 U2 B2 U2 L U2 R2 D2 F2;2026-09-08 01:57:54;11.22
1856;13.21;;L D' R2 F2 L2 R' U2 L' B2 R D2 R' F' U2 B F' R U R;2026-09-08 01:58:26;13.21
1857;11.68;;U2 L' F2 B' L B U R2 F' D2 B2 L B2 R' F2 U2 R' B2 D2 B2;2026-09-08 01:59:03;11.68
1858;15.38;;R2 B2 L' D2 B2 L' B2 L U2 L U2 L D' B' D' F D' B2 D R' D2;2026-09-08 02:00:35;15.38
1859;11.78;;U' B2 F2 L' D2 R2 F2 R' U2 L' B2 D' U' L D2 B' R' D' R;2026-09-08 02:01:19;11.78
1860;12.33;;R' B2 D2 R' D2 L2 U2 B2 L U2 R' B' F' L U2 R2 U R D' B';2026-09-08 02:02:07;12.33
1861;11.26;;F R' F' D2 B L2 D2 U2 B' F2 U' L2 D B F R2 D';2026-09-08 02:02:43;11.26
1862;12.27;;D B2 L2 B2 F2 U F2 U F2 L2 U2 B' R2 U' F L D B' F';2026-09-08 02:03:34;12.27
1863;13.68;;U2 R2 U R2 B2 D' F2 U R2 D2 B2 R D' F' L' R2 F D2 F D L';2026-09-08 02:04:32;13.68
1864;12.73;;L' D2 F2 U L2 U' B2 F2 U2 R2 U' R2 B U' R' F2 D' L2 D B2;2026-09-08 02:05:26;12.73
1865;13.32;;L2 R2 F D2 F' D2 L2 F' R2 B' F L' F' R D U' L' U' L2 D2 B2;2026-09-08 02:06:36;13.32
1866;13.19;;D' B2 U B2 D2 F2 D L2 R2 B2 D' F2 L' D' U' R' F D L2 B2 F';2026-09-08 02:07:19;13.19
1867;14.37;;F2 L' D' B2 D' R2 U B2 U' F2 D' U2 F2 U2 L' B2 F' D' B L R';2026-09-08 02:07:56;14.37
1868;12.28;;D F2 L B2 F2 R2 D2 L' B2 R2 F2 R2 U' F' R D' R2 B2 D';2026-09-08 02:08:38;12.28
1869;18.48;;U R' F R B L F D' U2 F2 R2 U2 B D2 B R2 F U2 F2 U';2026-09-08 02:09:07;18.48
1870;13.82;;B2 D2 U' B2 D R2 F2 R2 D B2 D' B R2 B R U' F L F2 U;2026-09-08 02:09:39;13.82
1871;14.19;;B2 U' R F2 L U' R D2 F' U2 F' R2 L2 U2 R2 F' D2 F2 U' L;2026-09-08 02:10:17;14.19
1872;14.02;;B' D' L F2 U2 R D2 L' B2 R U2 L2 B2 R' F' L B' D2 B D F;2026-09-08 02:10:45;14.02
1873;13.88;;L2 F2 U F2 U B2 D2 R2 F2 U2 R2 U' B' D' B R B R' F2 L U';2026-09-08 02:11:18;13.88
1874;11.62;;F2 R2 B2 U' D F L' B2 R2 U2 B2 L2 B D2 R2 B' R2 B U B2;2026-09-08 02:11:45;11.62
1875;11.95;;U2 R' B2 R' F2 L' U2 L' B2 F2 L2 D L2 B' F U L B U2 L2;2026-09-08 02:12:09;11.95
1876;15.50;;R B' L' D2 R' B2 U2 L' B2 U2 B2 L' B2 R2 U' R2 B' L' D2 U' B2;2026-09-08 02:12:47;15.50
1877;14.04;;R U2 L2 B2 U' D' F' R B' U L2 F2 D' L2 D B2 U' L2 D L2 F2;2026-09-08 02:13:21;14.04
1878;13.66;;L U2 F L' F2 U' B L' D L2 F U2 B U2 D2 F' U2 F2 L2 U2 B2;2026-09-08 02:13:55;13.66
1879;13.86;;U' L B2 L2 B D2 B2 F' U2 F2 L2 F R2 U2 R' U B2 D2 B' D2 L';2026-09-08 02:14:23;13.86
1880;15.17;;U2 L B' R B2 L F L' U2 L2 D' F2 B2 U R2 D' B2 U2 B';2026-09-08 02:14:48;15.17
1881;13.72;;F2 L2 R2 D2 F L2 B L2 R2 B F' R D' B F2 R2 U2 F2 L F2 D';2026-09-08 02:15:27;13.72
1882;12.27;;U' B' D2 R' U B' R' U' L2 F R2 B2 U2 R2 U2 L2 D2 L';2026-09-08 02:15:57;12.27
1883;15.49;;U' F' R B2 D2 R D2 L2 U2 B2 L B2 F2 U2 F' U L' R B D' U';2026-09-08 02:16:36;15.49
1884;14.09+;;R2 U B2 L2 D' R2 U B2 U' B2 U B F' D' L' B2 L2 R' D2 F' R';2026-09-08 02:17:08;12.09
1885;22.05;;R' D B L' F U' D' F' R2 B2 U' F2 D F2 B2 D L2 D' L2 D2 R;2026-09-08 03:12:57;22.05
1886;11.98;;B2 U2 L' F2 U2 B2 F2 L2 R' D2 L' B D' L F2 R B R' B D2;2026-09-08 03:13:42;11.98
1887;DNF(13.34);;L U' F2 D2 R' U2 L2 R D2 L' B2 U2 F2 U' R' D' U2 B U F;2026-09-09 01:21:54;13.34
1888;13.40;;D2 L U2 R U2 R' B2 L2 B2 L U2 D' L' U' F' L2 U' R F' L2 F';2026-09-09 01:22:52;13.40
1889;12.15;;U2 F2 D2 B2 U' F2 L2 U L2 R2 B2 L U B2 U2 F D' B' U' F2;2026-09-09 01:23:28;12.15
1890;17.26+;;F D B2 R2 D2 B' F' U2 L2 B' U2 F R' F2 L2 D L D' L';2026-09-09 01:24:00;15.26
1891;14.19;;F2 L2 F2 D B2 D U2 L2 U B2 U R' U' F' L F2 R' U L' U2;2026-09-09 01:24:40;14.19
1892;16.78;;D' U' R2 B2 D R2 B2 L2 B2 R2 U2 R D U' B' F2 U' L U2 B2;2026-09-09 01:25:13;16.78
1893;14.04;;L2 R2 B2 U2 R2 D L2 U2 L2 F2 B' D' R' F2 U' F' U2 B' L B';2026-09-09 01:25:49;14.04
1894;13.44;;L' D2 L2 F' U2 L2 D2 L2 B R2 B2 R F' R2 D F' D U2 B;2026-09-09 01:26:16;13.44
1895;14.67;;B' D2 R2 U2 F R2 F D2 L2 F' L' D2 F2 L B2 D B L' F' R';2026-09-09 01:26:45;14.67
1896;14.93;;B' U' R U R2 U' R2 L' F R2 U' R2 D2 F2 U' R2 U F2 R2 D2 F2;2026-09-09 01:27:16;14.93
1897;12.55;;F' D2 F2 R' F2 R' F2 R' B2 F2 D2 F2 R D' F L2 F2 D U B;2026-09-09 01:27:43;12.55
1898;13.45;;R2 F2 D' L2 F2 U L2 D L2 D' R' U L2 B' U2 L' U B' F L2;2026-09-09 01:28:11;13.45
1899;16.93;;R' B2 L D2 F' D L D' B D2 B2 D2 F2 L2 B2 L U2 R B2 L';2026-09-09 01:28:38;16.93
1900;17.26;;L F2 R' F2 D2 F2 U2 L B2 F2 R2 F R B' D B D R' B2 D;2026-09-09 01:29:12;17.26
1901;13.25;;B2 D U L2 B2 F2 D L2 F2 D' U2 L' R' D R B' L2 B' L2 R';2026-09-09 01:29:48;13.25
1902;13.44;;L F2 B U' B2 L2 D B' R' D2 R' F2 L2 U2 R' U2 R' F2 L2 F;2026-09-09 01:30:17;13.44
1903;22.82;;D L' D B2 L2 B2 L2 R2 D2 B2 D' R2 U2 B L F U2 F2 R2 B2 L;2026-09-09 01:30:45;22.82
1904;12.72;;R' D' F2 D L2 U' F2 U R2 B2 L2 U' B' L F' L2 D L' U L B;2026-09-09 01:31:44;12.72
1905;10.10;;U F2 D2 B' L2 U2 F L2 F' U2 F' D2 U L' F' D2 F2 R' B' D F;2026-09-09 01:32:19;10.10
1906;14.39;;L2 B2 D' R2 U R2 B2 U2 R2 U R2 U2 B D2 R U F D F L' D2;2026-09-09 01:33:12;14.39
1907;12.34;;L2 D2 R2 D2 F2 L2 R2 F' U2 F' U2 R U' B2 F2 L D' R2 U' F;2026-09-09 01:33:41;12.34
1908;17.82;;R U2 F2 D2 B2 U2 R U2 F2 R2 D2 U' R D U2 B' F' R' U' R2 F';2026-09-09 01:34:14;17.82
1909;17.00;;U' F L B' U F2 R2 U L F2 R2 D2 B R2 D2 B' U2 F2 D2 B2 D2;2026-09-09 01:34:48;17.00
1910;24.61;;B2 D2 R2 U' B2 D' F2 L' F R2 F U2 D2 F' U2 L2 B' L2 F2 B' L;2026-09-09 01:35:27;24.61
1911;16.58;;B' U D' L U2 D2 F' D' F' D F2 U F2 R2 U F2 U B2;2026-09-09 01:36:55;16.58
1912;16.86;;R B' U' L' F' U2 B' F2 R F2 B2 R2 D2 R' B2 U2 L' U2 L2 F U';2026-09-09 01:37:33;16.86
1913;17.34;;L U2 B2 D' B' L2 D F R' L2 U L2 D' R2 B2 R2 U' B2 U B2;2026-09-09 01:38:09;17.34
1914;11.88;;U2 L2 F' D2 L2 U2 F L2 U2 L' R' B' R B2 D U L' F';2026-09-09 01:38:48;11.88
1915;17.19;;R B R' F2 R D2 R2 D2 U2 L' D2 R D' L' R2 F D2 B2 F;2026-09-09 01:39:18;17.19
1916;13.48;;F2 B2 L U F B' U2 L F D2 F' U2 F R2 B2 U2 B R2 F L;2026-09-09 01:39:59;13.48
1917;13.61;;B' L F U B L2 F L D2 B2 D2 B2 D F2 U B2 U' L2 D R';2026-09-09 01:40:32;13.61
1918;16.91;;U2 B2 U L2 U B2 F2 D2 F2 L2 U' F2 L' B U R2 B' D' B2 R F';2026-09-09 01:41:04;16.91
1919;17.15;;F B2 R L U F2 B' D F' U2 B R2 L2 F' U2 L2 B2 R2 B U;2026-09-09 01:41:44;17.15
1920;12.47;;R2 B' D2 B' L2 F L2 D2 L D' U' R' D2 U' B' F' R B2;2026-09-09 01:42:19;12.47
1921;18.24;;L' F U' D2 B R U2 F' L U2 F R2 U2 L2 U2 F2 L2 B2;2026-09-09 01:42:52;18.24
1922;14.32;;L' U' B2 R2 D R2 L' F U F U2 F' R2 F' R2 L2 F2 L2 F U2 L2;2026-09-09 01:43:29;14.32
1923;14.63;;D2 R D' F2 U' L2 R2 D2 L2 B2 L2 B2 L' D R' F2 U F U L2;2026-09-09 01:43:59;14.63
1924;12.91;;B' U F2 U2 L2 D2 L2 B2 R B2 F2 L' U2 D L2 R' F D' F2 D2;2026-09-09 01:44:29;12.91
1925;15.24;;B D2 L B2 D2 L2 B2 U2 L' B2 U2 R' F2 D' R F L' B U' B;2026-09-09 01:45:02;15.24
1926;14.78;;D' F' R' F2 R' U F2 B' L U2 F2 B2 R2 F2 B2 D B2 D2 L2 B2 U;2026-09-09 01:45:41;14.78
1927;DNF(14.22);;U' R2 B2 D' B2 U' F2 D2 R2 B F U' F2 D2 L U R2 D';2026-09-09 01:46:09;14.22
1928;17.10;;L' F' R L2 B' U2 F' U' L D2 L2 F U2 F2 R2 F L2 B U2 F L2;2026-09-09 01:46:50;17.10
1929;14.82;;L2 R2 U R2 U B2 D' L' D R' B' F' U' B' U' L2 U';2026-09-09 01:47:20;14.82
1930;15.12;;L' U' B' L2 U B2 L2 D' B2 U' F2 U' L2 D R D2 F2 D' B2 F2 U2;2026-09-09 01:47:53;15.12
1931;12.71;;U' B2 L2 F R' U' D2 B2 L U2 F2 L2 B' D2 L2 F U2 L2;2026-09-09 01:48:22;12.71
1932;13.45;;U' R B' D2 B U2 R2 D2 B D2 F2 R' F' L2 B D' B' L R2;2026-09-09 01:48:52;13.45
1933;15.60;;F U' D2 B2 R2 L' B L' F2 L' B2 U2 R' B2 R' F2 R B' D';2026-09-09 01:49:28;15.60
1934;11.01;;B' U' R' B2 U2 R F2 D F' L2 F2 L2 U2 R2 F D2 F R2 F R;2026-09-09 01:50:03;11.01
1935;13.17;;B' D2 L2 B2 L2 U F' L' F2 U2 R2 U B2 D B2 D2 L2 F2 D2 R2;2026-09-09 01:50:34;13.17
1936;14.62;;R F L2 B2 U2 B2 U L2 D2 F2 R2 U2 L D L' F' R B' L' B;2026-09-09 01:51:03;14.62
1937;14.48;;R' L2 U' L2 R2 D2 B2 D' B2 U' R2 F2 U L B R' D2 B' F R D';2026-09-09 01:51:38;14.48
1938;13.66;;B2 L F2 L2 R2 D B2 R2 U B2 U' L2 U F D2 R D L2 D' F2;2026-09-09 01:52:13;13.66
1939;15.63;;D B L2 F D' B' D' R' U2 D2 B' L2 F' D2 F' L2 B D2 F D2;2026-09-09 01:52:45;15.63
1940;14.43;;U2 L' U' B' L2 R2 U2 F' L2 B' U2 L2 U2 L' D' F' U F2 L' B2;2026-09-09 01:53:22;14.43
1941;14.82;;U2 L2 U F2 D L2 R2 B2 U' B2 F' D' R B2 F' L B F2 D' U2;2026-09-09 01:53:51;14.82
1942;17.43;;U' B2 U' L2 U2 B2 R2 U2 B2 F2 U' F2 R F U F2 D' F U' B2;2026-09-09 01:54:25;17.43
1943;15.20;;D' L2 F2 L D F' R' B2 U R' D2 R D2 L' U2 L B2 L' D2 L2 D2;2026-09-09 01:54:58;15.20
1944;14.49;;L' R2 D B2 D2 F2 U R2 B2 R2 F2 L F' R2 D' B' F' U' B2;2026-09-09 01:55:28;14.49
1945;14.36;;D2 R2 F2 L2 F' L2 B D2 U2 B' D L' U' B2 L2 F' D' U R';2026-09-09 01:55:58;14.36
1946;14.75;;U2 L F U2 R2 B2 U' B2 U' F2 R2 F2 D R2 B U2 L U L2 U' B;2026-09-09 01:57:09;14.75
1947;16.91;;B2 R' B F2 U2 R2 U2 L' B2 R2 B2 R' D2 R' U' B R' D' B' F U2;2026-09-09 01:57:43;16.91
1948;12.70;;R2 F2 L2 D2 U B2 F2 L2 D2 U R2 F' D' L' R2 B' D2 U F' U2 L2;2026-09-09 01:58:18;12.70
1949;17.38;;B' D2 L2 B' U2 F' U2 L2 B2 L2 B' R2 D' L F' U' B L' U L';2026-09-09 01:58:56;17.38
1950;13.19;;D L' U' B' R2 B2 R' U2 L2 B D2 L2 U2 B2 D2 F L F;2026-09-09 01:59:32;13.19
1951;12.86;;L2 F2 L2 D2 F2 R2 B L2 B' D2 L2 U' R' F D2 R' F' D B F';2026-09-10 17:00:27;12.86
1952;16.62;;U L2 U R' F' R' L B' R2 F2 L2 D' B2 D' F2 D' R2 F2 B2 D' B';2026-09-10 17:01:23;16.62
1953;13.73;;F L2 U' L2 F2 R2 U L2 U2 R2 D U' R' F2 D' L B R D' U';2026-09-10 17:01:58;13.73
1954;14.97;;L2 F' D L F2 R U' L F2 L2 F2 U2 F2 U R2 U B2 U B;2026-09-10 17:02:31;14.97
1955;13.76;;U' L2 F2 L2 F' D2 F' R2 D2 U2 F' U2 L2 D R2 F' D R2 F' R' F;2026-09-10 17:04:21;13.76
1956;11.52;;L' D F2 D' L2 U' F2 U' B2 L2 D2 F' R' B' U' L' F' D R F;2026-09-10 17:05:42;11.52
1957;8.40;;R F U' R2 U R D' L B R2 F2 L D2 L F2 U2 F2 U2 R F2 D2;2026-09-10 17:07:06;8.40
1958;15.04;;L2 U' L' F' B D' F' L2 U2 F2 U' B2 D2 B2 L2 U L' U2;2026-09-10 17:25:02;15.04
1959;12.77+;;L2 D2 B' D2 F R2 D2 U2 F L B U' L' F' L' B2 L R2;2026-09-10 17:26:01;10.77
1960;23.96;;F2 D' B2 R2 F2 U' F2 U B2 D' U2 R D B D2 L' F L R F' D;2026-09-10 17:27:24;23.96
1961;12.52;;L2 F U2 B2 D2 R2 F U2 L2 D2 R2 B' R' B' U B F' U' R2 F' U';2026-09-10 17:33:18;12.52
1962;14.72;;F D2 B2 D2 F2 R' F2 D2 L' F2 D2 R' U F2 D2 B' L2 F2 U' F';2026-09-10 17:34:05;14.72
1963;14.42;;L B2 R' B2 F2 L U2 L U2 R F2 R2 B' F L' D' L F2 U L2 R';2026-09-10 17:34:44;14.42
1964;15.45;;F2 R F2 R U2 R2 D2 L D2 L' R' F' L' B F D2 L' D2 U' L;2026-09-10 17:35:23;15.45
1965;11.89;;R2 F L2 R2 D F2 R2 U' R2 U' B2 D' U L B' L2 B F D R2;2026-09-10 17:35:54;11.89
1966;11.49;;L2 D2 F' L2 F L2 F U2 L2 B F' L2 U' L F R2 F' L2 B R2 U2;2026-09-10 17:36:32;11.49
1967;11.68;;B R2 F D F2 L B F2 R2 F2 U2 L' U2 R D2 R' D2 L' F2 U' R;2026-09-10 17:37:31;11.68
1968;16.03;;B' F2 U2 L' U2 R' F2 D2 L' U L2 D' B' L2 F U2 R' U;2026-09-10 17:38:09;16.03
1969;10.24;;R' D' U2 L' B2 L' U2 R2 B2 U2 F2 R2 B2 F' L B' L' D B2;2026-09-10 17:39:22;10.24
1970;12.83;;R2 D2 U2 F2 L B2 L F2 U2 B2 R' D2 U' B' L U2 R D F R' F2;2026-09-10 17:40:05;12.83
1971;14.09;;F2 D R2 U L' F U B L U2 D2 F2 L2 B D2 B' L2 B R2 F2;2026-09-10 17:42:44;14.09
1972;12.22;;U2 B2 R2 B2 L F2 D2 B2 U2 R U2 F2 D B2 F R' B' L2 D B2 D;2026-09-11 16:04:08;12.22
1973;17.15;;L2 D' B U F' L B U' L2 F2 B2 U2 B2 L2 F2 U R2 B2 D R D;2026-09-11 16:05:04;17.15
1974;DNF(11.49);;D L2 U B2 D2 F2 D R2 B2 U2 L' R' D R2 B D' L R2 F D';2026-09-11 16:05:47;11.49
1975;14.85;;U' R' U' D R U B U2 L2 U R2 D' L2 B2 U' R2 F2 U2 B2 L D2;2026-09-11 16:06:44;14.85
1976;12.50;;U' F' R2 D' F2 R2 B2 L2 U R2 D2 B2 L2 B2 R D B' F' D2 U' R2;2026-09-11 16:07:28;12.50
1977;15.15;;F' D F R' B D B U R2 D' F2 R2 D2 L2 U F2 D' L' B;2026-09-11 16:08:20;15.15
1978;15.27;;F U L D2 U2 F2 L2 U2 L U2 B2 U2 F2 L B D' L2 R' D2 B2 F2;2026-09-11 16:10:08;15.27
1979;11.43;;U' R' B U2 L2 B2 U2 B' R2 B R2 B2 D2 F' D F D2 U L2 B2 U;2026-09-11 16:11:05;11.43
1980;12.35;;B' U' F2 L U2 L2 F2 U F D2 B2 L F2 L B2 U2 F2 R' F2 R2;2026-09-11 16:12:01;12.35
1981;13.12;;F2 B' L' U F2 R U D F R2 B D2 R2 L2 F' U2 F D2 F D2;2026-09-11 16:12:42;13.12
1982;15.13;;L' F R B R' F' U R L F2 U L2 F2 B2 D R2 U' L2 D' B2;2026-09-11 16:13:31;15.13
1983;9.55;;D2 R2 F2 L2 D F2 U' F2 U' F2 D2 R F' L2 F2 R F D2;2026-09-11 16:15:12;9.55
1984;16.57;;F2 B2 R' B D' F2 U' F2 L R2 U L2 D B2 U2 R2 D2 R2 B2;2026-09-11 16:25:42;16.57
1985;12.85;;L U' B2 R2 U' B2 D2 L2 B2 D2 L F R' B' F2 U' F L' D2;2026-09-11 16:26:41;12.85
1986;14.52;;F2 U' R F2 L B D F2 R F2 D2 R2 F D2 L2 F' D2 B R2 F2;2026-09-11 16:28:04;14.52
1987;11.59;;D2 R2 D2 U B2 R2 B2 R2 D2 R2 F2 L F' R2 U B' D2 F L' D';2026-09-11 16:28:46;11.59
1988;14.06;;D L D' R' B' R U F' L2 F R2 B2 D2 F2 R2 D2 B' U2 L U';2026-09-11 16:29:50;14.06
1989;12.50;;D' L2 F D2 F2 R2 B2 L2 U2 R2 D R2 U B2 L' D' R2 B' R' B' U2;2026-09-11 16:30:25;12.50
1990;15.02+;;L2 R2 F2 R2 F U2 B2 L2 B R2 B' D2 R' B2 L' D F' L' D' B' F';2026-09-11 16:31:01;13.02
1991;14.90;;L2 B2 L2 D B2 U' B2 F2 U' R U B F2 L' D' F2 U2 B' L;2026-09-11 16:32:07;14.90
1992;13.35;;L' F U2 R D' F2 U2 D F' R2 B D2 F' D2 B2 L2 F' D2 F U2;2026-09-11 16:32:59;13.35
1993;13.96+;;D L2 B' D2 B R2 U2 R D L2 U F2 D' L2 F2 R2 L2 D2 F2 D;2026-09-11 16:33:44;11.96
1994;16.94;;L' B' L' F D2 R U' F2 R2 B R2 U2 D2 F2 L2 B R2 F' L' U;2026-09-11 16:34:24;16.94
1995;12.17;;D2 B' U2 B' R2 F' D2 F' R2 B2 D2 U' B2 L2 F2 R2 U F' R' F2;2026-09-11 16:35:26;12.17
1996;16.87;;U L F' B2 D' L2 D F2 B2 U2 R' F2 B2 R' F2 L U2 R' U';2026-09-11 16:36:04;16.87
1997;10.90;;U2 L2 F2 U2 F' R2 F2 L2 D2 B U2 B U L' D' B' F' D' R U2 F2;2026-09-11 16:36:52;10.90
1998;14.86;;F L2 F' U2 B D2 F D2 R2 U2 F U2 D' L2 D' L D L R2 U F2;2026-09-11 16:37:48;14.86
1999;16.06;;F L2 F' D2 B' F' R2 F U2 L2 U2 R2 U L2 F D2 F2 R2 F R U2;2026-09-11 16:38:37;16.06
2000;10.29;;F L' U' B2 D L2 R2 U2 R2 U' B2 U R B2 L2 F D2 U2 L' U';2026-09-11 16:39:24;10.29
2001;13.47;;R2 L D L2 B D R2 B' R L2 B2 L2 U' F2 R2 D2 L2 F2 L2 U;2026-09-13 00:52:25;13.47
2002;13.91;;B2 D B2 D' R2 U2 F2 U B2 L2 B2 F2 R' B' D U' R2 B' L' B' U;2026-09-17 03:41:38;13.91
2003;11.34;;R2 U' L' D F U2 F D2 L D B2 D L2 B2 L2 B2 D' R2 U L2 U';2026-09-17 03:42:23;11.34
2004;11.14;;D2 R2 D B2 U' R2 U2 L2 F2 U' B2 R2 B L2 R' D F2 U' B' F L';2026-09-17 03:43:02;11.14
2005;11.24;;F2 R' F2 L' D2 R F2 U2 R D2 L2 D2 F' D R' F' L2 D2 B F2 U';2026-09-17 03:43:51;11.24
2006;14.53;;R2 B2 D L2 U' L2 R2 D' F2 D2 R2 U' R' U' L2 B U F' D U B';2026-09-17 03:44:27;14.53
2007;13.48;;U2 R2 D' L2 B2 L2 B2 U' B2 U R' F2 D' R B U' F' U L' U';2026-09-17 03:45:02;13.48
2008;18.21;;L2 B L2 B' D2 B' D2 U2 R2 F D R B D' F2 L F D' R;2026-09-17 03:45:48;18.21
2009;12.94;;R F2 L B2 L2 U' F2 D2 R2 D B2 U L2 F' L D' F' L' B' R;2026-09-17 03:46:34;12.94
2010;13.71;;L U' R D L' D' R2 F' B2 U2 R2 L' B2 L U2 B2 D2 L D;2026-09-17 03:47:08;13.71
2011;12.53;;F' U2 F2 D2 F L2 B' D2 L2 F2 L2 F' D' B2 U B2 L B R' F2 L';2026-09-17 03:47:48;12.53
2012;12.19;;U' F' D2 R' B2 L' F2 R U2 B2 R2 B2 L B' R2 D' B' U' F';2026-09-17 03:48:34;12.19
2013;13.28;;B R2 U2 R2 D B2 U F2 U' L2 R2 B2 L B' U2 F' R2 U' L2;2026-09-17 03:49:05;13.28
2014;12.04;;D L' U2 F2 D R2 U R2 U' F2 U2 R2 F2 R2 B R' U B L' R2 F2;2026-09-17 03:49:39;12.04
2015;15.39;;U2 F' L2 B U2 R2 D2 F2 D2 F2 R2 D B2 U' F D' L D' U2 B;2026-09-17 03:50:08;15.39
2016;10.10;;D2 F2 U2 B' R2 U2 B' D2 B F L2 U R' B2 F2 U L2 D' R F2;2026-09-17 03:50:53;10.10
2017;10.84;;B2 U L2 B2 D2 B2 R2 D2 R2 B' D2 R D2 U R B' R' F' R';2026-09-17 03:51:36;10.84
2018;12.95;;L2 F D2 U2 F D2 L2 F2 R2 B F2 U' B D R' B2 F' L' R' F;2026-09-17 03:52:13;12.95
2019;15.13;;R' U' F L2 U B R' U' R U' R2 U B2 U' R2 D B2 D' B2 U';2026-09-17 03:52:49;15.13
2020;11.43;;L2 U F' U2 B F2 U2 L2 D2 U2 F' D2 R2 B D' F R D' U' R2 B';2026-09-17 03:54:04;11.43
2021;11.07;;B' L' R2 U2 F2 R2 F2 D' B2 D L' U2 B F L2 D' B F2;2026-09-17 03:54:33;11.07
2022;13.47;;L2 D2 F2 D2 B2 R2 U2 F2 U' R2 L' U' R F L R F2 D L' U';2026-09-17 03:55:07;13.47
2023;15.37+;;D B L2 D B2 F2 L2 D' L2 D2 L2 B U' F2 L' R' F U' B2;2026-09-17 03:55:41;13.37
2024;12.42;;U2 L2 B2 R F2 U2 R B2 U2 L F' D' B2 U' B2 L2 R' F' L' F;2026-09-17 03:56:28;12.42
2025;15.58;;R' F2 U F D L D' U2 F L2 U2 F2 B' L2 U2 B' U2 F D2;2026-09-17 03:56:55;15.58
2026;12.34;;L2 U D' B U B R F B2 U B2 R2 U F2 U R2 B2 L2 F2 U B;2026-09-17 03:57:27;12.34
2027;11.97;;R2 L' U' L' F2 B2 L F2 B2 D2 F2 U R2 D R2 B2 U F R;2026-09-17 03:58:03;11.97
2028;12.33;;U R2 U' B2 D' R2 U' R2 B2 F2 R2 B2 L' F2 L' D2 B' U R2 D';2026-09-17 03:59:40;12.33
2029;10.98;;B2 L D2 B' L2 B2 L2 F D2 B' L2 R2 B2 D L' B2 D' L2 U R2;2026-09-17 04:00:33;10.98
2030;11.63;;L2 D' F2 R2 D2 L2 U L2 U B2 D' L F' L' B' U L' D R2 B2 F';2026-09-17 04:01:19;11.63
2031;10.36;;U2 B2 D L2 U' R2 B2 U B2 D B2 U2 L D U2 F' L' D' L' B2 F2;2026-09-17 04:02:00;10.36
2032;14.00;;F2 D L2 F2 U' R2 D F2 U2 F2 L B L' R' D2 L2 U B' D' B';2026-09-17 04:03:11;14.00
2033;14.30;;F U L D2 B' U2 B R2 B D2 L2 F' D2 B' L' U' R' D' L' D U;2026-09-17 04:03:53;14.30
2034;15.20;;L2 R2 F' D2 L2 F R2 D2 R2 B2 D' B' F D R F U R' U';2026-09-17 04:09:22;15.20
2035;11.29;;R2 B2 U' F2 D' F2 U' F2 L2 R2 D B' D2 R D2 U R' U B L;2026-09-17 04:10:13;11.29
2036;13.51;;D B U2 F' D2 B D2 L2 B R2 F L2 F2 D B2 F' L D' U2 B';2026-09-17 04:11:14;13.51
2037;10.64;;D F2 U' R F2 R2 B' L B2 D2 L2 D2 F U2 D2 R2 B R2 L2 F2 D';2026-09-17 04:12:07;10.64
2038;17.02;;R F2 L' D2 U2 L' D2 U2 R' F2 R2 B R U2 F2 R' D' U' B2 L;2026-09-17 04:13:03;17.02
2039;15.85;;U' B2 L2 D' B2 U F2 D2 L2 B' D' L2 F' L D' U L' D2 F';2026-09-17 04:13:45;15.85
2040;17.96;;D2 B' R2 F D2 B2 D2 L2 F L2 D2 B' U B D2 L' R B' F2 U' L';2026-09-17 04:14:29;17.96
2041;16.59;;B2 F2 D' L2 U' F2 D B2 U' B2 D R' B' U' L D2 F U2 R2 F2;2026-09-17 04:15:09;16.59
2042;12.42;;L2 R2 F' D2 R2 F' L2 F D2 F' L2 F' U' L' U B' R' D' U2 L F;2026-09-17 04:15:50;12.42
2043;18.08;;B' D2 B2 U2 L2 B2 R2 U' F2 D2 B2 L2 U L' F D' L' U' R U B';2026-09-17 04:16:22;18.08
2044;12.69+;;D R2 B2 U R2 D2 F2 U' R2 D' L' B2 D2 B2 L B L B2 R2;2026-09-17 04:17:17;10.69
2045;13.34;;R U F' L2 F L2 D2 B U2 B D2 R2 F2 L B F' L F2 R U' F2;2026-09-17 04:18:12;13.34
2046;16.75;;U' D L2 U L' F U' F2 L2 B' U2 D2 F D2 R2 F R2 B' R' U2;2026-09-17 04:18:45;16.75
2047;10.50;;U' R2 D2 R2 F2 D2 U' B2 U2 B2 L' U R B' L' U' L2 D' L U;2026-09-17 04:19:38;10.50
2048;16.61;;B D2 R' D F B' L U L B2 D L2 F2 B2 U R2 L2 F2 D F2 D;2026-09-17 04:20:31;16.61
2049;11.65;;B2 R2 F L' F R' B' L2 U R2 U F2 L2 B2 U' B2 D' R2 B2;2026-09-17 04:21:05;11.65
2050;12.33;;B R' U D' L' B R' B2 U2 L2 D2 B U2 R2 U2 L2 F2 U2 D B2 U';2026-09-17 04:22:06;12.33
2051;13.79;;B D2 B2 R2 U' R2 F2 L2 F2 D L2 U L2 F' R' F L' B' R2 D' U2;2026-09-17 04:22:49;13.79
2052;14.01;;D' L U2 R' D2 R U2 F2 L2 D2 R' U2 F' U R D L' U B' D;2026-09-17 04:23:37;14.01
2053;13.81;;L2 B2 D2 F2 D' B2 F2 R2 U R2 D L F R' B2 D U F2 R' B';2026-09-17 04:24:06;13.81
2054;15.25;;B U L2 U F2 U2 F D R' F2 R2 D2 F' D2 F2 B R2 U2 R2 F;2026-09-17 04:25:07;15.25
2055;11.82;;D' L2 B U2 B D2 L2 B' L2 F' D2 F' D2 L B' D' R2 F' U' R' B;2026-09-17 04:25:53;11.82
2056;10.99;;D' R2 D B2 U B2 U2 L2 B2 U R' B' U2 L F2 R D F' L' F2;2026-09-17 04:26:20;10.99
2057;12.28;;B' U2 F L2 D2 B' U2 F L2 R2 D L2 D R' B' U' L F R D;2026-09-17 04:26:48;12.28
2058;15.38;;U L2 D' B U2 D' L' U2 L D' R2 U D2 R2 U2 F2 L2 F2 R2 D;2026-09-17 04:27:18;15.38
2059;13.53;;D2 B R2 F L2 B' F' U2 L2 F' R F2 R D B' L U' B F';2026-09-17 04:28:03;13.53
2060;11.17;;B R2 D L' B R2 L F2 D2 F2 L2 U' L2 D' B2 D R2 F2 L' D2;2026-09-17 04:28:45;11.17
2061;12.64;;R F2 L D2 L B2 F2 L B2 R U2 B' U F R2 B2 L' R' U L2;2026-09-17 04:29:26;12.64
2062;12.28;;R2 F2 R2 U L2 U L2 F2 D B2 U R2 B L2 F' U' R U' R' U2;2026-09-17 04:30:10;12.28
2063;12.92;;B D2 R2 D2 L2 U2 B' D2 B F2 D2 B' U' B' D' B R' D' F U2 F';2026-09-17 04:30:47;12.92
2064;13.44;;F R B' D2 B D2 U2 R2 U2 B D2 B R2 U' B L D' U' B2 D2 R';2026-09-17 04:32:04;13.44
2065;15.04;;R2 U R U2 R2 D2 B2 D2 F2 L F2 L U2 R' U' B2 D' B U' F L';2026-09-17 04:32:37;15.04
2066;13.95;;F U F' R2 D2 R2 B' L2 U2 B2 F' L2 U' L D R' D U2 F L2;2026-09-17 04:33:10;13.95
2067;12.77;;L2 B2 R D2 B2 L B2 L' U2 R' U2 D' B2 L' U2 F D' F' U F;2026-09-17 04:33:52;12.77
2068;12.77;;R2 L2 B' L D' B U' B' L2 B2 R2 F L2 F R2 L2 D2 R2 D;2026-09-17 04:34:29;12.77
2069;14.87;;B' D2 R2 U2 B2 D2 B U2 L2 B R2 D2 L' F R' D' R U2 R B U2;2026-09-17 04:35:05;14.87
2070;15.25;;D' L F' L2 F L2 B R2 F2 U2 F U2 R2 B U B R2 B2 R U2 B2;2026-09-17 04:36:13;15.25
2071;15.13;;L B2 L2 D2 R' B2 R' D2 R F2 R U2 D' B D' L' D2 L B' L R2;2026-09-17 04:37:30;15.13
2072;13.51;;D2 R2 B L2 U2 B R2 F' R2 B U R2 B' L R' B' R' F' D U2;2026-09-17 04:38:02;13.51
2073;12.60+;;U' B2 U2 R2 U' B2 R2 U' B2 F2 U' R F' L2 U F L' D2 B F2 U;2026-09-17 04:38:35;10.60
2074;13.51;;B' L2 R' B2 U2 L2 U2 R2 F2 R' D L2 U' F D' B L' D2;2026-09-17 04:39:06;13.51
2075;13.06;;F' D2 F2 B' U' L B2 D F2 L2 U B2 L2 D L2 U2 L2 F2 B;2026-09-17 04:40:04;13.06
2076;13.29;;R2 F2 R' B2 R D2 F2 L2 F2 R' B2 F L D2 U F' D U L' R2;2026-09-17 04:40:48;13.29
2077;14.40;;B U' F L2 U F2 U B2 U' R2 D U' L2 B L R U R' F2 D;2026-09-17 04:41:19;14.40
2078;11.63;;F' D R' D2 R2 B2 D2 L U2 R D2 U2 F2 R F' U' R D' L U L;2026-09-17 04:42:00;11.63
2079;13.08;;D2 F2 D2 U2 B' D2 B F' U2 F' L B' F2 L U' F D' F2 D';2026-09-17 04:42:39;13.08
2080;15.65;;R B2 L' R' D2 B2 R' D2 L' U2 F' U' B' R2 U' B U2 L2 B2;2026-09-17 04:43:06;15.65
2081;11.10;;D L' B' U' D2 F' L R2 U2 L2 B2 L2 F' R2 B U2 F' L2 F' L';2026-09-17 04:43:50;11.10
2082;11.84;;U' F B' L D B R' U' R' L2 B2 L2 U' D' L2 D' B2 D' F2 L2 F2;2026-09-17 04:44:14;11.84
2083;13.03;;F2 L2 D2 L' U2 F2 U2 L R D2 B' R' D2 F2 D' L2 R' B L' U';2026-09-17 04:45:11;13.03
2084;13.15;;R' B2 U2 F2 R2 D' B2 L2 D' R2 U R' U2 R F D' U' L B2 F;2026-09-17 04:46:16;13.15
2085;9.60;;R2 B L2 B' F' R2 D2 R2 F L2 F L D B2 F2 D F D B2 F2;2026-09-17 04:46:59;9.60
2086;10.67;;R2 F' L2 D2 R2 F2 D' U2 L2 B2 D' F2 R' F D' F' D' F';2026-09-17 04:48:13;10.67
2087;DNF(9.57);;D' R2 F R2 D' L U' F2 U' R L U2 B2 R' F2 B2 R' F2 L F2;2026-09-17 04:48:48;9.57
2088;DNF(14.91);;U B2 U2 F B2 L U2 B2 U' L2 D L2 U L2 U2 B2 U R2 B' L;2026-09-17 04:51:39;14.91
2089;13.57;;U' R2 D L2 D R2 B2 F2 U2 L2 F2 U' L' F R F R U' R' B;2026-09-17 04:52:25;13.57
2090;12.17;;U' F' D2 B D2 L2 D2 R F' U2 F2 R2 D' F2 U2 L2 D R2 D' F2 B2;2026-09-17 04:53:12;12.17
2091;12.07;;B2 U2 R' F R' L' D' R D2 B2 U2 D2 R2 U2 R' B2 U2 R' B;2026-09-17 04:53:52;12.07
2092;12.15;;R U2 B' D L2 D' B2 R2 B2 U B2 R2 D L2 R' F L B F2 U';2026-09-17 04:54:24;12.15
2093;11.68;;R L2 D' F2 D R2 B2 U F2 L2 U B R B2 L U' F D B' L2;2026-09-17 04:54:53;11.68
2094;13.64;;R' U L F2 B D' L' D F R2 B2 D R2 U2 D' R2 B2 L2 F2 D2 R2;2026-09-17 04:55:37;13.64
2095;14.98;;U2 R' U' F2 L2 B2 U B2 D R2 D F2 R' D' R' D' B2 F R2 U;2026-09-17 04:56:18;14.98
2096;13.70;;R' U B2 L2 D2 F2 R2 U' L2 U2 B2 F2 U' B F2 D' F2 D L D R2;2026-09-17 04:57:03;13.70
2097;12.90;;D' F2 U2 R2 F2 D2 L2 B' L2 B L2 U2 F2 U' F' L' R' U R F U2;2026-09-17 04:57:43;12.90
2098;15.06;;U' F' D L2 D L2 B2 L2 U' L2 D2 B2 L' F L B R D L R2 F2;2026-09-17 04:58:16;15.06
2099;13.80;;F R' U2 F B D2 L F' U L2 F2 U2 F2 D F2 D2 R2 F';2026-09-17 04:58:51;13.80
2100;15.83;;R2 D2 B2 L2 U2 F2 D' B2 D U' R' U' F2 L2 F' R' U2 R D' U;2026-09-17 04:59:25;15.83
2101;15.05;;L' F R2 F2 L' F2 D2 L' F2 L' D2 F2 R2 U L' B F' L2 B2 L;2026-09-17 05:00:07;15.05
2102;13.48;;L2 F' D2 R2 D F2 U F2 L2 B2 R2 U2 F2 L' D' R' U2 L' B' R;2026-09-17 05:00:52;13.48
2103;14.30;;D' L2 F2 U F2 L2 U F2 L2 D2 F2 R' D' F' L U' B L' D' F R2;2026-09-17 05:01:26;14.30
2104;10.43;;F D2 B' R2 B' L2 D2 F' R2 U2 L' D L2 D R F' R' U2 L2;2026-09-17 05:02:04;10.43
2105;15.14;;L R2 D B2 U B2 L2 U2 L2 U' R2 U' F2 L' B' D2 U' R U F R2;2026-09-17 05:02:34;15.14
2106;15.21;;R2 B L2 D2 F' U2 F U2 F' D2 F D L2 U F' U' F R' B' F;2026-09-17 05:03:16;15.21
2107;13.17;;F' B2 U' R2 D2 R2 B2 U B2 U2 B2 R2 B' U B2 R2 F R' U' L';2026-09-17 05:04:07;13.17
2108;13.96;;U L F' D' B2 U' F2 D' L2 R2 U' L2 F2 U' B F' L' U' B2 R2 D2;2026-09-17 05:04:39;13.96
2109;14.34+;;R2 F2 L' D2 B' D' R U2 R2 U2 R2 F2 L2 B2 D' L2 U F2 L2 R';2026-09-17 05:05:24;12.34
2110;12.25+;;D2 L R2 B' F2 U2 L2 B' R2 B' D2 L2 D' B L' B' F2 L U2;2026-09-17 05:06:15;10.25
2111;13.87;;F' U F D2 R2 F R2 F U2 L2 D2 R B' R2 U F' R F' R2;2026-09-17 05:06:53;13.87
2112;15.91;;D B' U2 B' R2 U2 F D2 B L2 R2 B' R' U2 L F D B U' R';2026-09-17 05:07:27;15.91
2113;9.83;;U R2 B2 R2 U2 B D2 B2 D2 L2 F L2 B2 R' D F L D B' D B;2026-09-17 05:08:05;9.83
2114;15.30+;;R' U2 R2 F2 U2 B' L2 B F2 L2 U2 B D' B' U2 R2 D' F L R2;2026-09-17 05:09:07;13.30
2115;12.76;;F' R' U2 D2 B2 R D F' R2 F' D2 B2 R2 U2 R2 F' D2 B L;2026-09-17 05:09:55;12.76
2116;18.54;;R' U B F2 R2 U2 L2 D' B2 L2 B2 L2 R U' R2 D' B' L F';2026-09-17 05:10:27;18.54
2117;13.09;;U' B2 U2 L2 D L2 F2 L2 U F2 U2 L' D' L' F' L R' B' U2 R2 U;2026-09-17 05:11:07;13.09
2118;11.51;;R' F2 D2 L' D2 B2 L F2 R' U2 R U L' B2 R B2 R' D B;2026-09-17 05:11:46;11.51
2119;12.87;;R D R2 D2 F2 U2 F2 U2 B L2 U2 F' R D B U2 L R F L;2026-09-17 05:12:22;12.87
2120;13.09;;F' L2 F L2 R2 F' U2 B R2 U2 F R' U' R' D2 L' D' B D2 R B2;2026-09-17 05:13:00;13.09
2121;12.72;;R2 F2 R2 D2 B D2 L2 F' U2 B2 R2 D2 R B' D R' B2 D U' B2 L';2026-09-17 05:13:29;12.72
2122;15.43;;U' B2 R2 B2 U L2 R2 U F2 D U F U' R' F' L2 D B' F' U' L';2026-09-17 05:13:59;15.43
2123;14.08;;R2 U R' F' R2 U2 R' D2 L2 F2 U' R2 F2 D2 F2 D' F2 B R;2026-09-17 05:14:33;14.08
2124;12.35;;B D L2 D2 L F2 U2 L' U2 R' B2 L F2 U' F2 U2 L2 R B D;2026-09-17 05:15:22;12.35
2125;10.98;;D L' U2 B2 R D2 U2 L B2 R' B2 F2 R2 F' L D' R' F2 L2 B;2026-09-17 05:15:48;10.98
2126;15.95;;B2 U2 B2 D2 L U2 L2 R' D2 R D2 F' L' B' D' U' B' R' U' R2 D2;2026-09-17 05:16:24;15.95
2127;13.56;;B' L2 D2 R2 B' D2 U2 B' U2 F' R2 F D F' L F2 U L B2 R2 F;2026-09-17 05:17:08;13.56
2128;14.76;;R U F U' F' B2 L' B' R' F2 R2 F2 U2 D2 R D2 L U2 B2 L';2026-09-17 05:17:41;14.76
2129;11.56;;L F L2 U2 F U2 B2 F' R2 U2 L2 D2 U' L' B' L' D R B L D2;2026-09-17 05:18:12;11.56
2130;14.13;;R D' F' L2 F' R2 U2 F L2 F' L2 F L2 R B' F' L2 F' D B';2026-09-17 05:18:37;14.13
2131;12.95;;L B2 D2 F' D2 F D2 R2 B' F2 L2 B L2 D L' U' L D2 R' D R;2026-09-17 05:19:15;12.95
2132;17.11;;L2 U L2 D F2 R2 D' B2 U2 L2 R2 F' R' B2 D2 L2 B2 F L R U;2026-09-17 05:19:46;17.11
2133;12.29;;F2 B U2 D' B' D2 R' F U2 R2 F2 D2 F2 D2 B2 U' R2 B2 R2 F2 R';2026-09-17 05:20:38;12.29
2134;11.40;;U' B L2 R2 D2 L2 B2 L2 D' R2 D' R2 B2 U' R' D L2 R U B' L;2026-09-17 05:21:12;11.40
2135;16.47;;B2 R2 U' B2 D' B2 U L2 D R2 D2 B' L' U' R' D' R' U' L' D2;2026-09-17 05:21:43;16.47
2136;22.72;;U' R U' L' F' D B2 U B R2 D2 L2 U2 B2 U2 F2 D2 L' F2;2026-09-17 05:22:25;22.72
2137;11.62;;L' F2 R B L D F' L' D2 F2 B2 R2 U F2 D F2 L2 D B2;2026-09-17 05:23:08;11.62
2138;13.04;;B' L F2 U2 B' R' U' B' D2 L2 B' U2 B2 U2 B' D2 L2 U2 D2 R';2026-09-17 05:23:39;13.04
2139;10.01;;R2 U2 R' F D' F2 B U' B' U2 F2 B2 D2 R F2 L' B2 R F2 U2;2026-09-17 05:24:15;10.01
2140;16.25;;F2 L2 U2 L2 D F2 U2 R2 B2 U2 F2 L' U' R' B D2 L' B D R2 B';2026-09-17 05:25:09;16.25
2141;14.48;;F L' F U' F2 D2 F D2 R' B2 U2 F2 U2 L2 F2 U2 B2 D2 U' L';2026-09-17 05:25:50;14.48
2142;12.22;;R2 D R2 D U L2 F2 D2 F2 R2 B L R B D' F U2 B D U';2026-09-17 05:26:17;12.22
2143;11.06;;U2 F2 D2 B' R D' B' U R' D2 L U2 R2 B2 U2 F2 L2 F2 D2 R;2026-09-17 05:27:01;11.06
2144;12.81;;L2 D' F2 R2 F2 L2 U B2 F2 R2 B2 D L D' R D U F' D' B';2026-09-17 05:27:26;12.81
2145;11.73;;D2 F2 U F U2 L U L U2 F2 B R2 U2 B' D2 B2 R2 U2 L2;2026-09-17 05:28:01;11.73
2146;13.04;;R U L' D2 F' L2 B' D2 B' U2 B2 D2 L2 F D L2 F D U' B' L;2026-09-17 05:28:36;13.04
2147;13.24;;R2 B2 D L2 D2 F2 U F2 U B2 U F2 B' R' B R' F R' D F R2;2026-09-17 05:29:02;13.24
2148;10.84;;F' D' R2 U F2 L2 D2 R2 D' F2 R2 U2 L' U' L' U F' U' R' B2;2026-09-17 05:29:29;10.84
2149;14.53;;B2 F2 D2 L2 F2 D L2 B2 U R2 D2 F2 L' B2 R' U2 B2 F' R' D2;2026-09-17 05:30:07;14.53
2150;10.32;;R' B D' U' L2 U' R2 U B2 L2 U L' D U2 R' F D' L2;2026-09-17 05:30:37;10.32
2151;13.10;;D2 L' B D2 R2 F' U' D2 B D2 L2 F L2 F U2 R2 F' D' B;2026-09-17 05:31:19;13.10
2152;13.72;;F2 R U2 F2 U2 R' D2 L' R2 D2 L B2 U' B D' F L R' F' U' F';2026-09-17 05:31:48;13.72
2153;11.02;;D2 B2 D' F' U R U' R L' U' R2 F2 D2 L2 F2 U2 B2 D' B2;2026-09-17 05:32:21;11.02
2154;11.11;;D B R' D2 F2 L2 D2 R' B2 R' U2 L F' R D2 U2 F2 D R B;2026-09-17 05:33:13;11.11
2155;13.38;;L2 B D R D' R2 L F' R2 B2 U' L2 D L2 D L2 B2 U2 L2 B2 L;2026-09-17 05:34:04;13.38
2156;14.00;;L2 F2 D U2 F2 U2 R2 U' F' L U2 L' D2 F' U L' B' R2;2026-09-17 05:34:33;14.00
2157;10.89;;U2 R2 U' F2 D L2 F2 L2 U2 B2 F' D2 F' R B' L' B2 L' D' U2;2026-09-17 05:35:09;10.89
2158;11.44;;U R' F' U2 B2 D' L' B D' R2 U2 R2 B2 R2 F2 L2 U' B2 U B2 L;2026-09-17 05:35:33;11.44
2159;12.50;;U L F R2 U2 F2 D B2 F2 R2 F2 U2 B R' U' F L2 R' D;2026-09-17 05:35:59;12.50
2160;13.07;;D' L2 U' R2 B2 R2 F2 R2 U2 B2 D2 L D' U2 B2 L B F U L R2;2026-09-17 05:36:30;13.07
2161;17.26;;U' L2 F' D' R' F U D' B' D2 F2 L2 B2 U R2 U2 L2 U' F2 D2;2026-09-17 05:37:00;17.26
2162;14.22;;U2 L2 B' L2 B R2 F2 D2 B R2 D2 F' R' U' F R2 D' L2 D2 F' U2;2026-09-17 05:37:36;14.22
2163;12.21;;D2 R D2 U' L2 D L2 F2 U2 R2 F2 R2 B2 R' B' F2 U L' D F' R;2026-09-17 05:38:03;12.21
2164;16.63;;U' B' D' B2 D' B' D2 F' L F2 U2 F D2 L2 F U2 F' R2 F L2;2026-09-17 05:38:29;16.63
2165;9.61;;D2 B2 D2 B2 U2 R F2 D2 R' D2 R2 F U2 B2 D F' L' U2 B R;2026-09-17 05:38:59;9.61
2166;13.45;;F2 R' U' F2 U2 L2 B2 F2 D' L2 U R2 F2 R' U B' U2 R2 B2 D2;2026-09-17 05:41:32;13.45
2167;15.59;;R2 D' F' R' F2 D2 R D2 U2 B2 D2 U2 L U' F2 L B F D2 R;2026-09-17 18:38:24;15.59
2168;12.55;;F2 R2 F2 D' F2 D' R2 D' B2 U' R2 F2 R' D2 B D' F D' F R';2026-09-18 00:44:51;12.55
2169;15.24;;D2 R2 D L2 D' L2 U R2 U R2 F2 U F R2 U' R' D2 U F2 D' U;2026-09-18 00:45:40;15.24
2170;12.86;;R' B' R2 D' F2 D2 B' R2 U2 R' U2 D2 R D2 L2 U2 L U2 F';2026-09-18 00:46:40;12.86
2171;10.76;;B2 F2 D' R2 D L2 R2 D2 B2 D F2 U F' R' F' L2 R2 B U2 L2 F;2026-09-18 00:47:12;10.76
2172;11.00;;U' F' B2 U' B2 D' R2 F2 R2 B2 D2 B2 D' R' D U' B' L' F2 L U;2026-09-18 00:48:02;11.00
2173;14.99;;U R U D2 L2 F2 R B' U R' D2 R U2 R D2 L2 F2 R' U2 R2 B2;2026-09-18 00:49:03;14.99
2174;12.46;;F D R' L' U D F' L B D2 R2 F2 U2 D' L2 B2 D' B2 D F2 L2;2026-09-18 00:49:42;12.46
2175;10.75;;R2 U L' F' R2 F' R' L2 F L2 U2 F R2 U2 B2 U2 F U B';2026-09-18 00:50:10;10.75
2176;15.58;;F U B' R2 D2 L2 D' U F2 D' B2 R2 D L U' R' D F2 R B;2026-09-18 00:51:16;15.58
2177;14.67;;B D2 R2 U2 F2 L2 B D2 L2 F R U' L U L R2 U' F2 U2;2026-09-18 00:52:08;14.67
2178;14.20+;;F D2 L' D F' B' U B2 L' U' F2 D2 B2 D L2 U' F2 R2 F2 U' R2;2026-09-18 00:52:50;12.20
2179;13.41;;B2 D2 B2 L2 D L2 D' F2 R2 F2 U' R2 F' D2 L R' F' L2 D' R' U;2026-09-18 00:53:30;13.41
2180;11.69;;U B R' U' F2 R2 U2 B2 L2 U' F2 U2 R2 L F' R' F L' D2 U';2026-09-18 00:54:03;11.69
2181;10.67;;B' D L2 B2 U' F2 L2 U F2 D2 B2 R2 B2 L B' L' D2 R' F' L2 B2;2026-09-18 00:54:36;10.67
2182;12.20;;F' D2 F' R2 U2 F D2 U2 L2 F2 L D B R F' D' F' L F;2026-09-18 00:55:09;12.20
2183;12.41;;U2 D F R' U D' L' F' L2 D2 B2 L2 D2 R' B2 U2 B2 U2 R' D2;2026-09-18 00:55:42;12.41
2184;13.93;;R2 D2 B2 R2 D R2 D' F2 L2 U' F2 D' L' B2 D' B2 F' R B2 F' U;2026-09-18 00:56:19;13.93
2185;18.60;;U B2 D2 F2 L B2 L' B2 R B2 D2 R' B L R2 F' L' R2 B';2026-09-18 00:57:04;18.60
2186;13.74;;B R2 F2 U2 R2 B2 U2 L2 U L2 U' L' R D' B2 R' B U L R';2026-09-18 00:57:47;13.74
2187;15.86;;U B2 R' U B2 L2 U L2 D L2 D2 R2 D R2 B U' R' F' L' R B';2026-09-18 00:59:35;15.86
2188;11.64;;D' B D F2 U2 F2 U' R2 F2 R2 B2 D2 F' R' F L D2 R2 U F2;2026-09-18 01:00:11;11.64
2189;16.06;;B L2 B' F2 U2 L2 U2 R2 U2 B U' F2 R' U' B' D B' U' L' U';2026-09-18 01:00:40;16.06
2190;12.55;;D R U F2 U B2 L' U R' B R2 F2 R2 F' D2 L2 B R2 B' L2;2026-09-18 01:01:31;12.55
2191;14.15;;D R U F2 B' D2 R' D R' U R2 U2 F2 L2 U L2 D' B2 R2 U B2;2026-09-18 01:02:02;14.15
2192;15.11;;R2 F2 U B2 U' L2 U B2 R2 U' F2 U2 F U L U2 R' D2 R2 F L2;2026-09-18 01:02:28;15.11
2193;15.04;;L D' B U2 L' F L' B F2 R B2 D2 R2 U2 L D2 R' F2 L' F2;2026-09-18 01:03:02;15.04
2194;14.05;;L2 D' L2 F B' U' R' F L2 D L2 U B2 U B2 R2 U F2 U' L2;2026-09-18 01:03:32;14.05
2195;13.85+;;L2 R2 D' F2 D2 U2 L2 U B2 U F2 R' B D' F' U' L2 D L F U;2026-09-18 01:04:15;11.85
2196;12.28;;R2 D' R' D2 L2 B' R2 B' R2 U2 F L2 R2 F D F D2 U F L F;2026-09-18 01:04:53;12.28
2197;12.40;;U F D2 B2 D2 R' D2 F2 L' R' D2 F2 L' R2 F R' F' U B D L';2026-09-18 01:05:33;12.40
2198;17.89;;D2 B' R2 U2 F' D2 F2 L2 B L2 F R2 U L D L2 U2 R2 F' D' B';2026-09-18 01:06:06;17.89
2199;12.55;;R' F U2 L2 U2 B2 L2 F2 L2 U2 R B2 R' D' B L R B2 U2 F;2026-09-18 01:06:52;12.55
2200;12.95;;R2 U F2 R2 F2 L2 U' F2 D' L2 F2 U2 R' B L U2 R' B2 D L2 U2;2026-09-18 01:07:22;12.95
2201;13.10;;U2 L2 B D' L2 D R2 D U2 F2 U' B2 R2 U R U' B' D' U' F R2;2026-09-18 01:07:56;13.10
2202;9.09;;L' B2 R' F2 L' F2 L D2 R' B2 U2 R' U B' L' U L' D' U2 B' U;2026-09-18 01:08:30;9.09
2203;16.60;;B2 L2 R2 D' L2 D F2 L2 D' L2 B2 U B' R F L B L F2 U F2;2026-09-18 01:14:40;16.60
2204;14.20;;B' D' F' U R U2 B D L' D L2 F2 B2 D' F2 L2 D' R2 F2 D' L2;2026-09-18 01:16:30;14.20
2205;13.36;;F' R2 F2 U2 F D2 B' D2 L2 D2 L F' R2 U B F R D' U L;2026-09-18 01:17:27;13.36
2206;13.58;;U F D R B' R' F U2 R2 B2 U2 B2 R' B2 R2 U2 R U';2026-09-18 01:18:21;13.58
2207;16.54;;R2 U B2 D L2 B2 U' L2 U2 F2 U B L' R B L U F L2 U L;2026-09-18 01:19:46;16.54
2208;11.02;;D2 U2 L F2 U2 L F2 L2 B2 L' B L F D B2 L' R F2 U;2026-09-18 01:20:41;11.02
2209;17.28;;L2 D R U' D' L' U B2 L R2 F U2 B' L2 U2 D2 B R2 B;2026-09-18 01:22:21;17.28
2210;12.93;;U' B' L2 D2 R U2 F R2 U' L2 D' L2 U2 B2 R2 U B2 D' R' F2;2026-09-18 01:23:01;12.93
2211;15.58;;L' B' D R B' U2 R2 F' L2 U D2 F2 L' F2 R D2 L2 B2 R D2 L2;2026-09-18 01:24:00;15.58
2212;12.72;;F' U L U' B2 D' U2 R2 B2 D R2 U' F D2 L R' F D2;2026-09-18 01:26:52;12.72
2213;14.39;;B2 R2 D L2 R2 F2 D L2 U F2 R2 F2 R' B' L B D L' B2 U R2;2026-09-18 01:27:32;14.39
2214;13.77;;U2 R F L B U' D2 L' R2 U' L2 F2 R2 U' F2 U2 R2 F2 R';2026-09-18 01:28:07;13.77
2215;11.20;;R' D2 U2 L2 D2 L' F2 D2 R2 F2 B' U' L2 U' R2 B2 F' L2 B2;2026-09-18 01:28:36;11.20
2216;15.76;;U2 L2 F2 U R2 F2 D U' F2 L U' L2 R' F L' B' R' B' F';2026-09-18 01:28:58;15.76
2217;12.94;;L' F' D2 B D2 U2 R2 F' U2 B' L2 F2 R2 U F' L B' D2 B2 U' L2;2026-09-18 01:29:34;12.94
2218;15.66;;U2 L' R2 B R2 F L2 F D2 F D2 U2 B2 D L B2 U2 R2 U2 R2;2026-09-18 01:30:01;15.66
2219;13.03;;D' B2 U2 L2 D F2 U' R2 B2 F2 U' F L R' B' U' L2 F' D2 B;2026-09-18 01:30:35;13.03
2220;11.77;;F2 D' U' F2 D' B2 U' B2 U F2 L2 B2 L' R2 F U R F D' L' B;2026-09-18 01:31:13;11.77
2221;15.31;;L R2 U L2 F2 D U2 L2 U2 R2 B2 U' L2 F' L U R F' D' B' U2;2026-09-18 01:31:48;15.31
2222;13.31;;F U' F' R2 U L' B' R U2 D2 L B2 L D2 L' F2 B2 R' D';2026-09-18 01:32:23;13.31
2223;12.32;;D2 U2 R' B2 D2 R D2 L R2 F2 R2 B' R2 D R2 B' F' D L2;2026-09-18 01:39:15;12.32
2224;18.74;;D2 F2 U' R2 F2 L2 B2 U' R2 U R2 L' F' D B' D U L2 B' F;2026-09-18 01:40:13;18.74
2225;13.46;;F2 L D2 F' R2 D2 U2 B' R2 F L2 B' U2 B' D' U F R' F L' D';2026-09-18 01:40:53;13.46
2226;12.20;;L2 R F' U2 B2 L2 F' R2 F R2 F2 L' B2 U2 L' D U L' U;2026-09-18 01:41:30;12.20
2227;13.50;;B' U' F U L2 U F' D' R2 D' F2 R2 F2 L2 U D2 R2 U R B;2026-09-18 01:42:22;13.50
2228;15.15;;U2 L2 F' U' L2 D F2 L2 U' F2 R2 U2 L2 D F R' D' L B F2 R';2026-09-18 01:42:54;15.15
2229;16.47;;D2 F U2 F L2 B' R2 F2 U2 F R2 L' D' U2 F2 R F' R U' B' F';2026-09-18 01:43:58;16.47
2230;11.41;;U2 B U2 R F D2 L2 F2 D L2 F2 U' L2 B2 D L D';2026-09-18 01:44:47;11.41
2231;15.91;;B2 U R U F' R2 U' F L' D2 F U2 F' U2 B2 D2 R2 U2 F R2 D2;2026-09-18 01:45:26;15.91
2232;16.70;;F R U R2 U' L D F U2 B U2 F R2 F U2 F2 D2 B2 U R2;2026-09-18 01:45:58;16.70
2233;14.38;;D' L F2 U L2 F B' R F2 D2 B' U2 L2 F' R2 B' U2 L2 B2;2026-09-18 01:46:45;14.38
2234;13.35;;D' B U D' F B2 U' D2 B2 L2 U2 R L2 F2 R U2 R U2 D L';2026-09-18 01:47:38;13.35
2235;16.52;;R2 B D2 B2 D2 R2 U2 F2 L F2 R B2 D U2 B U' F' L B;2026-09-18 01:48:24;16.52
2236;14.36;;B U F D2 L2 R2 F' R2 B' L2 F L2 F' D' F R2 U F L' R;2026-09-18 01:49:06;14.36
2237;9.48;;F2 L2 F D' F2 R2 U B2 U' B2 U F2 R2 D B' F2 L' F' D F U';2026-09-18 01:49:35;9.48
2238;13.26;;F' D2 F' L' D' B' R' U' B2 D2 L' U2 F2 U2 L2 D2 B2 R B2 L B;2026-09-18 01:50:17;13.26
2239;16.73;;R L2 U F2 U2 L2 F2 U2 L2 U R U B' D2 B2 F L B' D';2026-09-18 01:50:51;16.73
2240;13.31;;F' L2 U' B2 L2 R2 D2 L2 B2 D' B2 L2 R' D U F' L U' B F' L2;2026-09-18 01:51:23;13.31
2241;12.03;;F R2 B2 U L' F' L2 U2 L B' L2 D2 F' L2 D2 F' R2 B;2026-09-18 01:51:56;12.03
2242;10.87;;R' L2 D' F2 U R2 F2 D2 B2 D' R2 L' B2 F L2 F' U2 L F U;2026-09-18 01:52:27;10.87
2243;18.05;;U B D L' B2 D R' L' U F R2 F L2 F' U2 R2 D2 F2 U2 B U2;2026-09-18 01:53:11;18.05
2244;12.79;;U2 D2 F' D F' R B' R D2 R2 F2 L F2 D2 L F2 R D2 L;2026-09-18 01:53:53;12.79
2245;12.60;;F R F U B2 L2 D2 L2 D' R2 F2 U2 F2 D L B' F' D' F' R' U;2026-09-18 01:54:21;12.60
2246;13.77;;U' B R' B2 L2 B L F' U R2 B2 L2 B2 D' B2 U2 R2 F2 U F2 L;2026-09-18 01:55:16;13.77
2247;13.40;;F' U2 F' R2 F L2 B2 U2 F' U2 F R2 U B2 R2 F R' U L F D';2026-09-18 01:55:51;13.40
2248;11.72;;U2 B2 U2 B R2 D2 U2 B2 U2 F' U2 B' D L2 R' B2 F D2 F2 U F2;2026-09-18 01:56:20;11.72
2249;13.46;;R F R2 B2 D B2 U' F R2 D' F2 L2 D' L2 D B2 R2 U F2 R2;2026-09-18 01:57:05;13.46
2250;11.61;;U B2 D F2 U2 L2 D' F2 R2 F2 R2 L' U' F D' B' U B2 U' B;2026-09-18 01:57:42;11.61
2251;10.76;;B D2 L2 D F2 U R2 B2 D F2 R2 B2 F L2 F2 L D2 F2 U2 B';2026-09-18 01:58:10;10.76
2252;16.37;;B2 L2 D2 F2 D B2 F2 R2 U' B2 U2 L' B2 U2 R' D F' R2 B U;2026-09-18 01:58:52;16.37
2253;11.39;;U F2 D' U' L2 D F2 L2 F2 D' F2 R D2 U2 R2 B' L' B2 F';2026-09-18 01:59:27;11.39
2254;11.86;;L' U B R' F L2 D' L R2 F2 B2 U' R2 L2 U2 F2 D L2;2026-09-18 01:59:59;11.86
2255;15.25+;;F2 U R' B' R2 B' L2 R2 F' R2 F L2 D2 R' D' B' F2 R2 U R;2026-09-18 02:00:28;13.25
2256;11.46;;U2 R' B F U2 L2 R2 F R2 U2 B D2 L2 F2 D' F R' F2 R D2 F';2026-09-18 02:01:01;11.46
2257;17.12;;R U B2 R' B2 L' B L2 U' R2 F2 U B2 L2 U2 R2 D' F' R';2026-09-18 02:01:42;17.12
2258;16.50;;D2 U2 F2 U2 L2 B' F2 D2 F' L2 F L2 D' B' R U' R2 D L2 F';2026-09-18 02:02:18;16.50
2259;13.40;;R2 D2 F D2 L2 F2 R2 F2 D2 F' U' F' L' U L2 F' U B2 F L;2026-09-18 02:02:51;13.40
2260;10.97;;U' R L' F U2 R' B R U2 D2 F2 U2 R' D2 R2 D2;2026-09-18 02:03:18;10.97
2261;10.93;;B' R D B L F' B R L2 U2 F U2 B2 L2 B U2 B' D2 F R;2026-09-18 02:03:50;10.93
2262;11.39;;F2 D2 R2 B2 U2 R2 D' B2 U' F2 B D U L' U2 B U L2 F2;2026-09-18 02:04:39;11.39
2263;14.15;;B D2 U B2 D' B2 L2 U F2 U R2 F2 L R' D' L2 R2 B' L2 R2;2026-09-18 02:05:12;14.15
2264;13.28;;U B2 D2 B2 R' F L2 U B U R2 F2 R2 D2 L2 F2 U' D2 B2 U';2026-09-18 02:06:15;13.28
2265;13.83;;U2 B2 U' B2 L2 B2 L2 U F2 D2 L2 R D' F D R2 B D L R F';2026-09-18 02:06:51;13.83
2266;16.42;;U2 R B2 D2 L' B2 F2 D2 L' R U2 B D' B2 F' R2 U' L B' L';2026-09-18 02:07:20;16.42
2267;13.29;;L' U L2 B F2 L2 D2 B' U2 B F R2 F' R' F' U' B R U2 B2 F;2026-09-18 02:07:56;13.29
2268;13.14;;R' D L' F L2 F R2 B L2 F' L2 D2 B U' R B2 D2 L F U';2026-09-18 02:08:29;13.14
2269;13.99;;R' D L2 U2 R2 U' B2 L2 D' R2 D2 B2 U' F L' F U2 F' R D' L2;2026-09-18 02:09:02;13.99
2270;13.03;;B D2 L2 F2 D B2 R2 U R2 D2 R2 F2 U B' R' D2 F D' U' F2 R2;2026-09-18 02:09:30;13.03
2271;16.90;;L F2 R2 B2 U R2 D' B2 F2 U' L2 U' R2 F D R U' L2 B' R';2026-09-18 02:09:57;16.90
2272;12.37;;F' R L U' R2 D R2 B' L B2 R' D2 L U2 R2 F2 U2 R U2;2026-09-18 02:10:27;12.37
2273;14.03;;U2 B2 U2 R2 F R2 F D2 U2 R2 B2 U F2 R' U B' D R2;2026-09-18 02:10:58;14.03
2274;11.17;;L F2 R2 B2 L2 B U2 F R2 F U2 F2 U2 D' R' D2 L' R' U B F2;2026-09-18 02:11:35;11.17
2275;14.73;;U R2 B2 D2 B' D2 U2 F' D2 F' U2 R2 L' D L2 R F' R' U B' L2;2026-09-18 02:12:01;14.73
2276;12.82;;R2 D R2 B2 U' F2 U' F2 D L2 B2 L' D2 F D2 U' F' L' D' F2;2026-09-18 02:12:37;12.82
2277;14.86;;U B2 U2 L' F' R' D R' D2 R B2 U2 L' U2 F2 L' U2 D2 B2 F U;2026-09-18 02:13:04;14.86
2278;12.89;;B2 D' L2 R2 D F2 D2 B2 R2 U F' R' D' F2 D2 B L B2 R';2026-09-18 02:13:49;12.89
2279;10.73;;B2 R' D2 R U2 L' D2 L2 R' B2 D2 F' L D' U2 B2 L B' D2 L2;2026-09-18 02:14:26;10.73
2280;12.89;;R U2 F' D R' B L' U D R' U2 D2 F2 R D2 F2 L B2 L';2026-09-18 02:15:01;12.89
2281;14.01;;F2 U' L2 U B2 U' R2 F2 U' B2 U L2 R B R2 D' B2 L' D2 L' R2;2026-09-18 02:15:36;14.01
2282;13.98;;R' L2 D' L U' L2 U B U R2 U' R2 U' R2 B2 R2 L2 D B2 R2;2026-09-18 02:16:05;13.98
2283;12.17;;U2 R U L2 R2 F2 D' L2 U2 R2 B2 U' R2 B' R F' R' F' D' U F2;2026-09-18 02:16:35;12.17
2284;12.94;;U' D2 B' U2 R2 D2 B2 L2 B2 R2 D2 F2 U' L' D B L' U' B2 U2;2026-09-18 02:17:08;12.94
2285;15.86;;D' B R2 B2 U2 B2 U' L2 R2 U' F2 U' R2 F' L' R' B U2 R' U' B;2026-09-18 02:17:37;15.86
2286;11.30;;L B' D' F U' F2 D R' U2 F' U2 F' B2 L2 U2 R2 D2 F L2 B2 U;2026-09-18 02:18:15;11.30
2287;14.88;;B2 L' D2 B2 R2 F2 D' F2 L2 U L2 U' R2 D F' L2 R' B' U2 F L';2026-09-18 02:18:40;14.88
2288;12.45;;B L' U2 F' L2 F' R2 B' L2 R2 U2 F2 R2 U' L2 R' D2 U2 R' D;2026-09-18 02:19:09;12.45
2289;19.42+;;R D' L2 F B D' F R' L' D2 F' U2 F2 B U2 B2 R2 D2 L2 D2 B;2026-09-18 02:19:39;17.42
2290;12.01;;F2 L2 U' L2 D' L2 U' R2 D' F2 L' B R2 D2 R B2 R U2 F' U';2026-09-18 02:20:17;12.01
2291;14.53;;R F2 R2 L U F B' R' U2 R F2 R' D2 R F2 L2 F2 L' D B';2026-09-18 02:20:50;14.53
2292;11.91;;B D L2 B U2 B' U2 F' L2 B R2 F' D2 R D2 R D B F2 R;2026-09-18 02:21:18;11.91
2293;11.41;;F' U D' R' U R' F B2 L F2 R B2 D2 F2 B2 R F2 B2 R F L;2026-09-18 02:21:57;11.41
2294;12.17;;R2 D' F2 U B2 L2 D2 U2 L' D2 L U B' F' R D' B';2026-09-18 02:22:30;12.17
2295;13.57;;B' U' F' R2 U' R F2 D B' D2 F2 D2 R2 F2 L2 F U2 D2 B' L;2026-09-18 02:23:09;13.57
2296;19.33;;R2 U2 F D' R' L' U L2 D2 B' D2 F' U2 F2 U2 L2 D2 L2 D;2026-09-18 02:23:48;19.33
2297;14.03;;R2 F' B2 D2 L2 B2 D' L2 U' R2 F2 L2 R2 D R U2 B D2 R B F2;2026-09-18 02:24:35;14.03
2298;13.08;;R F' U2 L' D R2 F' R' F' U L2 U' R2 D L2 F2 U2 L2 U L2;2026-09-18 02:25:02;13.08
2299;14.51;;D F2 B2 D R B L U F L2 U' L2 U' L2 F2 U2 D' F2 R2 L2;2026-09-18 02:25:31;14.51
2300;12.74;;R' U2 L D2 F2 L' D2 R F2 R D2 U' F2 R2 B' D' L2 B L' D R';2026-09-18 02:26:02;12.74
2301;15.66+;;U' D' L F U2 R2 D L U2 F D2 B2 L2 B' R2 L2 F' R2 D2 U;2026-09-18 02:26:43;13.66
2302;14.82;;U' F L R2 B2 U2 F D2 B U2 F U2 F2 R2 L F2 L D' F2 U' F;2026-09-18 02:27:32;14.82
2303;19.51;;R' F2 U2 B2 F2 L' U2 L2 D2 R2 B2 F' U L2 D' L2 B2 L B R';2026-09-18 02:28:03;19.51
2304;11.82;;R' U2 F2 L' B2 U2 R' F2 R F2 R U L2 D B' D' F L D2 U L2;2026-09-18 02:28:47;11.82
2305;14.73;;B2 U2 D' R' D R' B2 R B R2 D' R2 L2 U F2 U2 L2 F2 L2 U';2026-09-18 02:29:14;14.73
2306;14.01;;U2 B2 L2 B2 L U2 R F2 L' D2 R D2 U' B F' U B L D L2;2026-09-18 02:29:44;14.01
2307;14.80;;F' B2 D2 F2 D2 U' L2 B2 L2 F2 D' U2 L' F' L D2 L' U2 F U' L';2026-09-18 02:30:15;14.80
2308;11.88;;U B2 L2 B2 F2 D L2 U2 R2 U' L' F2 R2 U B D' B F' D U';2026-09-18 02:30:45;11.88
2309;11.10;;R2 F D' B2 R2 D' L2 D F2 D2 U' B2 U2 F R' B' F2 U' F U L';2026-09-18 02:31:33;11.10
2310;12.23;;U L' F2 L D2 B2 L' D2 F2 L' B2 D2 R' B L F' D' F2 R D' L';2026-09-18 02:33:17;12.23
2311;11.86;;L2 F R2 B2 L2 B2 F' D2 B L2 R2 D F U2 B D L' U2 B' R2;2026-09-18 02:33:57;11.86
2312;13.99;;R' B2 L' U L B' L' B2 R2 L2 D L2 U D2 F2 U B2 U' F L';2026-09-18 02:34:34;13.99
2313;11.82;;R' F2 R2 U2 R2 B R2 F U2 B' L2 F D' L2 F' U R F' R U2 R';2026-09-18 02:35:02;11.82
2314;14.56;;R B L2 F2 U' R2 D' F2 D U2 B2 U R U' R2 F R' F R2 D;2026-09-18 02:35:32;14.56
2315;16.92;;F' U2 B2 F' D2 F R2 U2 L2 F' L U' B2 D R2 F2 L2 F' U2;2026-09-18 02:36:02;16.92
2316;11.29;;F2 D B2 D' F2 R2 D2 F2 U' L2 D F L' D L' D' U' L' U;2026-09-18 02:36:34;11.29
2317;12.08;;U L2 U R2 U2 F2 U L2 D' R2 B2 R' D' L2 B D U' L2 F' U F;2026-09-18 02:37:01;12.08
2318;13.73;;U2 B' D' B2 U L2 U' R2 U' R2 F2 D' R2 B' L' U2 R' U2 B R D';2026-09-18 02:37:30;13.73
2319;12.84;;R L2 B2 L2 U R B D' F L2 D2 B2 R' F2 R B2 D2 R U2 R' F2;2026-09-18 02:37:56;12.84
2320;16.04;;U2 L U F2 D2 L2 U R2 F2 D' B2 U' R2 F2 R D' B' U2 L2 F D';2026-09-18 02:38:27;16.04
2321;13.00;;B' D2 R' D L' U' D2 F' R U2 R2 F' B' L2 U2 D2;2026-09-18 02:39:33;13.00
2322;12.47;;D' R' U R2 B2 U' B2 U B2 D2 B2 L2 B' D2 U L F' R2 D' F2;2026-09-18 02:40:34;12.47
2323;12.80;;U F2 R' D2 B2 R' B2 R' D2 B2 D2 L F2 D' L' R F D2 R D' F';2026-09-18 02:41:02;12.80
2324;13.50;;F' R2 B' R2 B D2 L2 F' D2 B L2 U' F2 L F' L2 B L B' U';2026-09-18 02:41:34;13.50
2325;12.65;;D2 L' R2 B F U2 B' L2 U2 F L2 F' L2 R2 U' F L U' B' U B;2026-09-18 02:42:07;12.65
2326;11.82;;L' B2 L2 U L2 B2 F2 D2 L2 U F2 U' B2 L U2 F L B2 F2 D';2026-09-18 02:42:34;11.82
2327;13.02;;R' B' L2 D' R2 F' U L U2 R F2 R B2 U2 F2 L2 U2 R2 U' R';2026-09-18 02:42:59;13.02
2328;13.87;;D F' L2 U2 F2 U2 F' R2 D2 B R2 F D' R' F D2 B' L' R' B U2;2026-09-18 02:43:29;13.87
2329;14.06;;R2 U D2 R B' L' F' U' D B R L D2 B2 R2 L' F2 B2 R' U2 B2;2026-09-18 02:44:00;14.06
2330;13.53;;D L' B R' B D2 B' U' L2 F' R2 F' D2 F2 U2 B D2 F' L2;2026-09-18 02:44:25;13.53
2331;14.16;;D' F L D2 L B2 R2 F2 D2 U2 R U2 B D B' D B2 D F2;2026-09-18 02:44:50;14.16
2332;10.56;;U2 R2 F U2 F2 D L2 B2 R2 B2 D' R2 U B2 L' F' U B' U L' R;2026-09-18 02:45:19;10.56
2333;11.74;;U D B' L D' B L' F R' B2 L2 D R2 F2 R2 F2 U2 D' B2 D;2026-09-18 02:45:46;11.74
2334;12.16;;B' L U' L B' R2 U D B L2 D2 F2 B L2 F' U2 D2 F' D;2026-09-18 02:46:14;12.16
2335;12.49;;B2 L B2 R B2 U2 L2 R D2 R' U2 F' D B2 F' U' R2 U2 B R2;2026-09-18 02:46:40;12.49
2336;11.56;;L D2 L' B2 U2 L B2 L F2 U2 B2 U2 F' L2 R2 U L' B D' F' R;2026-09-18 02:47:27;11.56
2337;17.00+;;B2 D R2 D R2 U' L2 U' B2 L2 D' B' D R D L' F U2 R2 B;2026-09-18 02:48:16;15.00
2338;13.13;;D L2 D' F2 U' F2 D2 F2 L2 U' R' F R' F' L' U B2 L U';2026-09-18 02:49:03;13.13
2339;11.85;;U2 R' D' U2 B2 F2 R2 D R2 B2 U R2 F2 B' U' F U B' L' R B;2026-09-18 02:49:31;11.85
2340;8.76;;U2 B2 L2 D2 B' U2 F U2 F D2 L2 U R2 B2 L' B2 L U F U2;2026-09-18 02:49:59;8.76
2341;12.97;;L2 D L F' L2 U R D' F' R F B L2 B' R2 B U2 B';2026-09-18 23:28:37;12.97
2342;16.02;;D2 F L2 F2 R2 U L2 D2 F2 D' R2 U' B2 U R D' B F' D' U R;2026-09-18 23:29:24;16.02
2343;11.51;;B2 U2 L2 U2 L2 R2 U' B2 U2 R2 B2 L D R U2 F' R' U' R B2;2026-09-18 23:29:56;11.51
2344;11.65;;B2 U D' L U F2 U' D2 F B2 U2 L2 F D2 B' U2 B2 U2 R B;2026-09-18 23:30:30;11.65
2345;13.44;;F2 D2 L2 D2 L R2 D2 F2 L' R2 B2 F D2 F L2 D R D U' F;2026-09-18 23:31:06;13.44
2346;13.87;;B2 F2 U2 B2 R B2 R F2 U2 L R F L' D U' R B2 F' R D;2026-09-18 23:31:45;13.87
2347;13.51;;R2 D' F2 D B2 U' L2 U L2 U B2 U2 B L R' F R B2 D' L2;2026-09-18 23:32:29;13.51
2348;10.08;;B2 L2 F D2 F' L D F2 L B2 D2 B2 U2 L2 U2 L' U2 R B;2026-09-18 23:33:00;10.08
2349;12.78;;U L2 R2 B2 U L2 D' U L B2 F2 D' B R B U L' U2;2026-09-18 23:34:52;12.78
2350;13.57;;D R2 F2 U B2 L2 F2 R2 U2 L2 U' F U L U2 F D' R B D2 F;2026-09-18 23:35:23;13.57
2351;10.76;;R2 F' L2 U2 B' F2 D2 F' R2 B D B L2 D L F2 U R2 B2;2026-09-18 23:36:06;10.76
2352;11.77;;D R' D' B2 U2 B2 R2 D2 R2 U F2 U2 L' U2 F U2 L B L' D;2026-09-18 23:36:46;11.77
2353;12.90;;L2 U' B2 R2 D' F2 L2 D2 B2 L' F' D' L' D F' L R B' D';2026-09-18 23:37:20;12.90
2354;11.40;;L2 F B' D' B' R' L F' L D2 F2 D L2 U B2 D' R2 F2 B2 D R2;2026-09-18 23:38:12;11.40
2355;16.23;;F2 D U2 L2 D2 F2 R2 B2 L2 D2 U' B F' R' F2 U' L D B' F2;2026-09-18 23:38:55;16.23
2356;14.47;;U2 R F2 D2 L2 U2 R D2 U2 L B2 R' B R F U' R' B' U' L;2026-09-18 23:39:32;14.47
2357;13.95;;D' F R' D' B2 D' B2 U' B2 D2 R2 B2 D L U2 F' L B' D' L;2026-09-18 23:40:13;13.95
2358;14.57;;B2 U2 B U2 L2 U2 R2 B D2 B D' F R U2 L B2 D L B' L2;2026-09-18 23:40:51;14.57
2359;13.35;;U L' B L' D' F2 L2 U2 R B2 U F2 U L2 F2 L2 F2 U' F2 D';2026-09-18 23:41:31;13.35
2360;12.94;;F2 D F2 D' R2 U B2 D L2 R D L' F' U2 B R F2 L' F';2026-09-18 23:42:11;12.94
2361;14.89;;U D' L' F' R D2 L R2 F' L2 F' R2 B L2 D2 L2 B' L2 B' L' F;2026-09-18 23:42:44;14.89
2362;11.96;;B2 U' B2 U2 B2 F2 L2 F2 R2 D' R2 L' B' R U' F R' B' L' B R';2026-09-18 23:43:29;11.96
2363;10.74;;U' R' F2 D2 L B' R U R2 B2 R2 U2 F L2 B' L2 F2 L2 D2 F R';2026-09-18 23:44:04;10.74
2364;12.48;;F2 R L2 F2 D2 F R2 U2 L2 F' R2 L U L2 F' L' D' L;2026-09-18 23:44:43;12.48
2365;12.88;;B L2 U' L2 D2 B R2 D' R F2 R' F2 R D2 F2 L D2 F2 L2 D2;2026-09-18 23:45:35;12.88
2366;11.97;;R L D' L D2 L2 F L U' F' U2 F' L2 B U2 F2 R2 F U2 F';2026-09-18 23:46:37;11.97
2367;15.98;;F' R2 D' L' B' U D F' R2 F R2 U2 B L2 F2 U2 F' L2 B U' L';2026-09-18 23:47:06;15.98
2368;10.81;;R2 F' L2 F2 U' R2 D' L2 U' B2 R2 D2 B' D' B2 F L' U' B' U;2026-09-18 23:48:30;10.81
2369;16.98;;R B2 F2 D L2 R2 F2 U R2 B2 U' F D' U L' R' B R D' U';2026-09-18 23:49:00;16.98
2370;16.05;;B R2 L' B U' F2 R F' U B2 R2 F2 L2 D2 R2 U' R2 U B2 D' R;2026-09-18 23:49:38;16.05
2371;10.45;;R B U B2 L2 D B2 D' R2 D' R B' D' U L2 B F2;2026-09-18 23:50:14;10.45
2372;12.23;;R D' B2 U2 L' U' F' R L2 F U2 F' R2 B L2 U2 L2 D2 F2 U2;2026-09-18 23:51:08;12.23
2373;15.90;;U' D L' F2 B U' F' B2 D' F2 L2 D R2 D L2 U F2 D2 L D;2026-09-18 23:51:46;15.90
2374;16.49;;R B2 F2 L2 R' B2 U2 R2 U2 R' D2 F2 D B D' F' L2 F' U L2 B';2026-09-18 23:52:18;16.49
2375;14.44;;D R B D F R2 U F D' L' U2 D2 L' U2 D2 L2 U2 R U2;2026-09-18 23:52:52;14.44
2376;11.42;;D F' U2 B2 R2 U2 F R2 F D2 R2 D B2 D F2 U L' U R2;2026-09-18 23:53:34;11.42
2377;12.81;;R2 F2 D2 B2 R' F2 L D2 L2 D2 B2 R' B D' R' F R2 F2 D' B U';2026-09-18 23:54:05;12.81
2378;15.20;;U2 B2 D B2 R2 D2 U' L2 R2 B2 F L2 U' L' R' B' F2 R U2 B2 U';2026-09-18 23:54:38;15.20
2379;12.08+;;B2 R2 B' U2 R2 B D2 B' D2 U2 F D' U' R' D' B L' U2 B2 F2 U';2026-09-18 23:55:18;10.08
2380;11.04;;F' D2 L U' R D B' R2 L' F' D2 F L2 U2 F' D2 L2 U2 R2 F' U2;2026-09-18 23:56:14;11.04
2381;12.50;;L2 D2 B2 U2 B L2 F' D2 R2 D2 B2 D B U R' B' D U2 L2 F;2026-09-18 23:56:49;12.50
2382;12.01;;L' U2 R' U2 R D2 F2 L F2 R D2 B' U2 L R' B U' F2 R' F' D;2026-09-18 23:57:20;12.01
2383;11.98;;L2 R2 D' F2 U2 F2 U B2 L2 D R' F L' R2 B L2 R2 D' L B';2026-09-18 23:57:55;11.98
2384;15.13;;R L' F U' F B L B D' L2 U' R2 L2 F2 R2 L2 U B2 U' L';2026-09-18 23:58:31;15.13
2385;13.54;;B2 L2 B2 L' F2 L U2 L' D2 R' U2 R2 B U2 B2 L' F U R U B';2026-09-18 23:59:07;13.54
2386;12.48;;B2 R2 F2 R2 D U2 R2 D2 R2 B2 L2 U R' D2 U L2 F' R2 F' D B2;2026-09-18 23:59:39;12.48
2387;11.73;;U B2 U D2 R B' D2 L' U' F2 R2 D2 L F2 R2 F2 U2 L B2 R' D2;2026-09-19 00:00:15;11.73
2388;14.09;;D2 F' U2 B' R2 B L2 B' L2 D2 L2 B2 L F D L2 U B' U' F2;2026-09-19 00:00:42;14.09
2389;12.29;;F U2 F R L B2 D B F2 U D' B2 R2 B2 U2 L2 U R2 L2 B2;2026-09-19 00:02:10;12.29
2390;13.02;;R2 L' D' B L' D F D' F2 D2 L F2 R' F2 R2 U2 R' D2 R D2 U;2026-09-19 00:02:45;13.02
2391;14.78;;F L' U2 F2 R' F2 L F2 R D2 F2 R2 F R' U L D2 F D' B2;2026-09-19 00:03:11;14.78
2392;11.95;;B2 R' B D' F2 U' L2 D L2 U2 B2 R2 D F2 R' U2 F2 R D F' L';2026-09-19 00:04:14;11.95
2393;11.79;;B D' F2 U F' L' B' D2 F U' B2 R2 U F2 U' B2 D F2 U2 L2;2026-09-19 00:04:45;11.79
2394;11.19;;R' D2 F' L2 F' R2 B2 D2 F D2 U2 L2 F L' D R' U L' B D' F;2026-09-19 00:05:26;11.19
2395;12.57;;B2 U B2 D' R2 D2 F R D R2 U2 L2 B2 U R2 D' R2 D R2 F2 R;2026-09-19 00:06:11;12.57
2396;12.47;;D B' U2 D R2 F2 D R' U2 F' U2 B' U2 F' U2 D2 F D2 B' U;2026-09-19 00:06:48;12.47
2397;13.00;;U' F L U' B2 D2 L2 F2 L2 B2 U F2 R2 U R' D B R D B' U;2026-09-19 00:07:31;13.00
2398;9.84;;R F' U' F R' B' D F R U2 R D2 F2 B2 R2 F2 R B2 R U;2026-09-19 00:08:09;9.84
2399;14.07;;R' D L' U' R2 U L2 B U B2 D2 R2 L2 B D2 R2 B' U2 D2 F';2026-09-19 00:08:56;14.07
2400;14.23;;U' F2 R2 F R F R2 D R' F' R2 D2 F L2 F2 D2 F U2 L2 U2;2026-09-19 00:09:31;14.23
2401;19.67;;F' L' B2 L' U2 R2 D2 B2 L' F2 R2 D F R D2 U F2 R U2;2026-09-19 00:10:10;19.67
2402;13.14;;L' D L2 U2 B' L2 F' U2 R2 D2 F U2 B2 D2 L D' B L' R' F' R2;2026-09-19 00:10:56;13.14
2403;12.56;;F' L2 F' R' D' R' D2 R F' U' L2 D R2 B2 D B2 U2 F2 D' L2;2026-09-19 00:11:25;12.56
2404;12.39;;F' L2 D' R2 U B2 U B2 U L2 U2 B' U' L R' B D2 F' R F';2026-09-19 00:12:00;12.39
2405;17.62;;B2 D' R' D2 R D2 R' F2 D2 U2 R U2 L R' U R2 D2 B R' F L;2026-09-19 00:12:32;17.62
2406;13.33;;U' F2 R2 B' R2 F R2 F' L2 F' L2 D2 F U' R' F' L D2 R B2 F;2026-09-19 00:13:10;13.33
2407;15.12;;D L F' D' B2 U' F2 L2 R2 F2 U' B2 D U R' F L' B2 L U F2;2026-09-19 00:17:54;15.12
2408;12.44;;U' F' R U L D F' R U R2 F2 L D2 L B2 R' D2 R' L' F2;2026-09-19 00:18:33;12.44
2409;11.03;;B2 L2 F' L' U' L' D' R' B2 L' B2 U2 D2 R' F2 L' U2 B' L;2026-09-19 00:19:24;11.03
2410;13.24;;U2 L' U B2 D' L2 D U2 F2 L2 R2 F2 R' U L' B' L B' L2 U2;2026-09-19 17:06:39;13.24
2411;16.20;;D' F2 R2 U B2 U B2 D' R2 D' U2 F2 L' F2 R2 D2 L2 F' D L' R;2026-09-19 17:07:14;16.20
2412;13.94;;D B2 D B2 F2 D2 B2 U F2 U' B2 D2 R' D2 F R' F L2 D' B';2026-09-19 17:07:46;13.94
2413;12.15;;L' B2 L2 B2 R2 D2 F2 D' B2 U2 L2 B' D2 B D B2 F' L' B' U';2026-09-20 21:24:59;12.15
2414;14.47;;U' R2 D F' U2 B' R D2 R2 D' L2 B2 U F2 R2 D' L2 B2 L' F2;2026-09-20 21:25:27;14.47
2415;12.60;;L' U' F2 L2 F2 D R2 D2 R2 B2 U2 F R' B2 R' U2 F R B D';2026-09-20 21:26:03;12.60
2416;11.10;;L' F2 U2 F2 R2 U2 R2 U F2 R2 D B2 F' L D' F U' F2 L2 D';2026-09-20 21:26:30;11.10
2417;15.50;;B2 L2 B2 U2 R2 D' L2 D R2 D B2 F' U' B U' R D F L B2 D2;2026-09-20 21:27:05;15.50
2418;12.90;;R F' B R F R2 D' B2 R' D' R2 D' F2 D L2 D' L2 F2 L2 F2 R';2026-09-20 21:27:36;12.90
2419;18.36;;L' B2 L' F2 R U2 R2 U2 F2 U2 R B' U B2 L2 B' U' B R2 F;2026-09-20 21:28:15;18.36
2420;13.42;;F2 D2 B' R2 B' L2 U2 R2 F D2 R2 F U' L2 F D' B2 U2 L U' L2;2026-09-20 21:28:50;13.42
2421;14.76;;L' F D' U2 R2 D' B2 R2 B2 D' U2 L2 U' F L2 B' L' B L2 U' R';2026-09-20 21:29:19;14.76
2422;13.18;;U' B' R2 B2 R' U L' B F2 L2 F2 U2 R D2 B2 L' U2 L2 D2;2026-09-20 21:29:48;13.18
2423;13.32;;L D2 U2 B2 U2 L' R' B2 R B2 D F L' B F' L' D B2 U';2026-09-20 21:30:17;13.32
2424;13.45;;B2 U D' B' U' F' D F R D2 B2 L D2 B2 L2 D2 L B2 L B';2026-09-20 21:30:47;13.45
2425;15.59;;L' U D2 R D' L2 F' L2 B2 U2 F2 L F2 R U2 L2 F2 U2 B' R';2026-09-20 21:31:13;15.59
2426;10.72;;R2 B2 D L2 D' F2 D' L2 U2 R2 U L' D L2 R2 U2 R2 B' D' B2;2026-09-20 21:31:43;10.72
2427;15.14;;L' F2 L2 F2 D' L2 U R2 B2 U2 B2 D F2 L D2 R2 U' L2 R2 B L2;2026-09-20 21:32:14;15.14
2428;10.72;;B2 F2 L2 R2 U L2 U' B2 U B2 U L F' R D' U F D' U2 F' U;2026-09-20 21:32:46;10.72
2429;10.84;;R' B' L2 F D2 B' L2 B' L2 B2 L2 F R B U2 R' D B D2 R';2026-09-20 21:34:04;10.84
2430;13.58;;B2 U F2 L2 U2 L2 D2 F' D2 F U2 B L2 R D2 R' U2 B2 R' B;2026-09-20 21:36:15;13.58
2431;15.87;;F2 R F2 U2 L' U2 R D2 B2 R' D2 F U' B' R' B2 R' F' R' D2;2026-09-20 21:37:21;15.87
2432;15.81;;F2 D B2 L2 D2 B2 R2 D' R2 U L2 B' R2 U' L' D2 B2 L2 B D L;2026-09-20 21:37:59;15.81
2433;12.60;;B2 L B' U' R' L D' B U' R2 U' R2 F2 D2 R2 F2 D R2 U;2026-09-20 21:38:30;12.60
2434;11.50;;R L2 F2 U2 R F' R' U2 B U R2 U R2 D2 R2 D' B2 D L2 D L2;2026-09-20 21:38:56;11.50
2435;13.89;;L B' L' D L B' D B' R' D' B2 L2 U B2 R2 D' R2 L2 U' R2;2026-09-20 21:39:26;13.89
2436;14.79;;D' L F2 L2 D' F2 L2 D' F2 D2 B2 L2 U2 L2 F L' D B R D2 L';2026-09-20 21:39:55;14.79
2437;11.39;;D2 R' F2 D2 R' D2 U2 L R2 B2 D2 R2 F L' D L' R' B2 R' D F2;2026-09-20 21:40:23;11.39
2438;12.21+;;F' U2 F' U2 R2 B' L2 B R2 D2 L2 F' U' R' F' R2 D' L' D L;2026-09-20 21:40:50;10.21
2439;18.81+;;D2 F U F2 U2 B2 U' R2 D' F2 L2 U' B2 L' D2 R F' D' R U2 R2;2026-09-20 21:41:43;16.81
2440;12.44;;U D2 B2 L2 B' U2 F2 R2 D2 U2 F2 U L2 D B R D' L R2 U2;2026-09-20 21:42:24;12.44
2441;15.74;;D B2 L2 U' L2 D2 F2 D R2 D F2 L2 R F' D' L' D2 L' D' B' R2;2026-09-20 21:42:57;15.74
2442;8.31;;L2 F' D2 L D2 R2 F2 L2 B2 U2 R B2 F2 U2 B' R2 U L' D' B' L;2026-09-20 21:43:31;8.31
2443;24.70;;U2 B' L2 D' B2 U B2 U R2 B L' F' D' R' B' R F;2026-09-20 22:01:38;24.70
2444;12.94;;L R2 D B2 D F2 U2 F2 U' B2 R2 U2 R' B' L2 F' U2 L2 U L R;2026-09-20 22:02:31;12.94
2445;11.77;;B2 F2 D' R2 D' L2 F2 D' R2 B2 U' F2 R D F' U2 R' U' B D2 L;2026-09-20 22:03:04;11.77
2446;13.08;;U2 L2 B' U' R2 D B L F2 U2 F' U2 L2 B2 U2 F R2 U2 F' D;2026-09-20 22:03:40;13.08
2447;13.19;;R F2 R' F2 U2 L U2 B2 U' L2 B F L2 F L2 R F;2026-09-20 22:04:08;13.19
2448;16.83;;B U' R2 B F2 L2 F D2 B2 U2 R2 F' R2 L F2 R2 B D L' R;2026-09-20 22:04:49;16.83
2449;11.29;;F R F2 R B2 F2 L F2 L2 B2 L' D2 L U' B U' L2 D2 R B' U';2026-09-20 22:05:33;11.29
2450;11.48;;D' L B R F U' R B R L2 U2 B U2 L2 B D2 L2 F B R2;2026-09-20 22:06:55;11.48
2451;22.15;;B2 L2 F2 U2 L2 U' L2 U L2 D2 F' D U2 B' D' F2 L R' D' U F;2026-09-20 22:08:27;22.15
2452;15.53+;;L D2 F R' D F2 U2 B2 U F U2 F D2 F' D2 R2 L2 F L2 U2 B';2026-09-20 22:09:28;13.53
2453;11.91;;D' F U F2 D2 B2 L2 F2 U R2 D2 L2 U' B L2 R D2 R2 F U' B';2026-09-20 22:11:10;11.91
2454;12.40;;F2 U F2 U L2 R2 D2 U' L2 D R' D B' R U' F D2 F2 R' D;2026-09-20 22:12:01;12.40
2455;13.71;;R' F' U2 F' D2 U2 B' R2 U2 F L2 F D2 R' B D' L U' F U2 R;2026-09-20 22:12:38;13.71
2456;11.48;;D' F2 L2 D2 B2 R2 F2 D R2 D F' L B R' B R' F2 D' B2 U2;2026-09-20 22:13:22;11.48
2457;15.00;;D2 F2 D2 U F2 L2 F2 L2 D F2 R2 L' D2 B' R D R U R';2026-09-20 22:13:53;15.00
2458;20.33;;F2 R' D F' D2 R U D2 R' L U2 F2 R B2 L2 F2 R' F2 B R';2026-09-20 22:15:24;20.33
2459;14.50;;L2 D R2 D2 F2 U2 B2 U L2 B2 L D' R2 U' B2 U' F L B2 D;2026-09-20 22:23:21;14.50
2460;14.87;;F2 R2 D2 R2 D2 L' B2 U2 F2 R B U R D' L' B R' U2 L' F;2026-09-20 22:24:53;14.87
2461;9.86;;R' L2 B L2 B U2 R2 F2 U2 B2 U2 L2 F2 D' L2 R' U F' L2 D;2026-09-20 22:25:53;9.86
2462;13.11;;F' D' F' B2 U' F2 R L2 F2 B U2 R2 U2 R2 F2 U2 F' R2 U2;2026-09-20 22:26:59;13.11
2463;13.02;;L2 D' R2 F2 D' F2 L2 R2 D' B2 U' F L' U' L D R2 B F' L' U';2026-09-20 22:28:51;13.02
2464;14.51;;U2 F' L F2 R U L U2 L2 B' R2 U2 D2 B' L2 U2 F L2 D F2;2026-09-20 22:30:12;14.51
2465;12.19;;U2 R2 F' U2 F2 D2 F2 L2 B L2 R' F2 R B L' F' U R U2;2026-09-20 22:33:36;12.19
2466;14.86;;L2 U R' F' D L B U' R2 L2 U B2 R2 D2 R2 D' R2 B2 U2 R U2;2026-09-20 22:35:00;14.86
2467;14.33;;U' R2 U2 L2 R2 F2 D L2 R2 F2 L2 B' R D2 R F U B R2 B R;2026-09-20 22:35:50;14.33
2468;11.26;;U B2 F2 U' B2 R2 D' R2 B2 R2 U F' U' F2 R U B' U F D B;2026-09-20 22:36:37;11.26
2469;12.58;;B' D F R' U R' F2 R U' F2 L2 D' R2 U' B2 D' B2 U' L2 D';2026-09-20 22:37:07;12.58
2470;14.30;;L' D2 B2 R' D2 U2 L' U2 R2 D' B' L U L' R F D' R' U2;2026-09-20 22:37:34;14.30
2471;13.24;;L R2 F' L2 U2 B F2 U2 R2 F D2 F' L2 U' R2 U2 F' R2 B' L' B;2026-09-20 22:38:09;13.24
2472;13.47;;L D2 R2 B2 U2 F2 D2 R' F2 R D2 R' B L B' F' U' L' R D' L';2026-09-20 22:38:35;13.47
2473;19.13;;F2 U2 F D2 R L' F' L' D2 L B2 L' F2 L D2 R2 F2 D L;2026-09-20 22:39:15;19.13
2474;10.36;;L2 U2 B2 D2 F2 R2 B2 U F2 D2 U' B' L B D L D2 R B2 R;2026-09-20 22:40:31;10.36
2475;12.36;;R U' L' B2 D2 F2 R F D2 F2 L2 U' L2 U2 L2 F2 L2 D B2;2026-09-20 22:41:02;12.36
2476;12.52;;B' L2 U2 R2 F R L2 F L2 U R2 U L2 D' R2 D' R2 D2 L;2026-09-20 22:41:31;12.52
2477;14.64;;U B2 L2 R2 B' D2 B2 R2 D2 B' R2 D R' D2 F2 U2 L B R';2026-09-20 22:42:15;14.64
2478;14.94;;U L B2 U' R2 U L2 U R2 D L2 U F L D B2 L2 B2 D2;2026-09-20 22:42:46;14.94
2479;14.54;;F' B' L F R2 F U D F2 R B D2 R2 B D2 F' D2 F' U2 F2 R2;2026-09-20 22:43:24;14.54
2480;15.90;;B2 U2 L2 U' B2 L2 D' R2 U L B2 U' L' U R' B' U L D;2026-09-20 22:44:21;15.90
2481;12.57;;D' B' D F2 U' F2 L2 R2 U' B2 L2 B2 L2 D2 R' U' L' R2 B' D' L';2026-09-20 22:45:01;12.57
2482;12.88;;B2 D' U2 L2 B2 D' B2 D R2 L U L B L' B2 U R F' U2;2026-09-20 22:45:38;12.88
2483;15.59;;F' B2 D2 L2 U' L2 U' R2 D L2 B2 R2 L' U' L' R2 D2 R' D' B L;2026-09-20 22:46:12;15.59
2484;12.43;;D2 L' F2 L D' R' U2 F' B' R' F2 R2 F2 D2 R' F2 B2 D2 L2 B2 D;2026-09-20 22:46:52;12.43
2485;11.70;;B L D U F2 R2 B2 R2 D2 U B2 U F' L' B D2 U F' L2 R;2026-09-20 22:47:22;11.70
2486;13.09;;D B D2 L2 F2 L F2 U2 F2 R' U2 R' F2 D L' F R2 U B2 R';2026-09-20 22:47:49;13.09
2487;14.74;;B' L B2 U2 R D2 R B2 L U2 L' D2 F U' B L' F2 R' B2 R2;2026-09-20 22:48:35;14.74
2488;14.32;;L2 D2 R2 F2 L2 F2 U2 B' R2 F' U2 F D' R U' L F2 R B L2 D2;2026-09-20 22:52:53;14.32
2489;14.51;;R2 F' R2 D2 B2 L2 B2 F' R2 D2 B' L F U2 R' F' L B D L;2026-09-20 22:53:22;14.51
2490;14.96;;L' U R2 D2 B2 U B2 U' F2 L F R' B' D2 L' D R F2;2026-09-20 22:53:53;14.96
2491;12.88;;R B L2 B' F2 D2 F D2 R2 B2 D2 R' F2 L B' R2 U F R2 D';2026-09-20 22:54:23;12.88
2492;14.13+;;F' U' L2 U' L2 B2 D L2 B2 U R2 D R2 B F D' L R U' F' R';2026-09-20 22:54:51;12.13
2493;10.94;;B L2 D' F' D2 B R2 D2 R2 B U2 F L2 U2 L' R D2 F' R' U F2;2026-09-20 22:55:33;10.94
2494;11.40;;R' B2 F2 U' B2 U' L2 U' F2 U2 R2 F' U' R2 D' L2 F';2026-09-20 22:56:08;11.40
2495;13.88;;R' F' D2 R2 F2 R F2 L' B2 D2 R F2 U2 R' U' L2 B' R2 U' F' R2;2026-09-20 22:56:34;13.88
2496;13.54;;B2 D L D2 F2 L' F2 L D2 L2 D2 F2 D2 B' F D' B L' R' B';2026-09-20 22:57:04;13.54
2497;12.63;;D' U2 F' U2 R2 F' U2 F D2 B' F D2 U2 L U R B2 U' R2 F' D2;2026-09-20 22:57:34;12.63
2498;13.92;;B' U F2 U2 B L2 F2 D2 U2 F' D' F2 U2 F L B2 D';2026-09-20 22:58:02;13.92
2499;13.09;;D' L2 F' R B R2 L F' R U B2 D' B2 R2 D2 R2 D' R2 F2 U2;2026-09-20 22:58:32;13.09
2500;25.07;;R B2 L2 F L2 B D2 R2 F U2 L2 B2 L2 R' F2 R' F' L B2 D F2;2026-09-20 22:59:01;25.07
2501;11.31;;U2 F2 U' B2 U' B2 D2 R2 U' R2 B2 R' B L2 U2 B' D B L R2;2026-09-20 23:00:10;11.31
2502;13.17;;F D2 R2 B2 D2 R D' B L2 F2 U D R2 U' R2 L2 B2 D L';2026-09-20 23:00:42;13.17
2503;13.37;;B2 R2 D L2 U L2 R2 D F2 D2 B2 L' U2 F' L2 B' D U F2 R D';2026-09-20 23:01:16;13.37
2504;14.09;;R2 B2 D F2 L2 R2 D L2 D' R2 B2 U2 B' D L' B F D B L2 F2;2026-09-20 23:01:51;14.09
2505;14.38;;U' F2 R2 F2 U R2 D F2 D' R2 B D' B2 U' F D L R2 F R';2026-09-20 23:02:23;14.38
2506;13.04;;F' D2 B2 U R2 B2 D L2 B2 D2 F2 L' D' R' F' D' U' R' U2 B2;2026-09-20 23:02:56;13.04
2507;13.83;;F' R' D' B2 U2 F' U R L2 U2 R B2 R' L2 D2 B2 R2 B2 F U;2026-09-20 23:03:30;13.83
2508;12.20;;B' U' F R F2 B L2 B' F2 U L2 D R2 U' R2 D F2 U B2 U';2026-09-20 23:04:00;12.20
2509;15.02;;R F B R D R2 U2 L D' R2 F R2 L2 U2 L2 F2 R2 F' U2 B2;2026-09-20 23:04:30;15.02
2510;12.90;;F2 U' F L B' D' R' U' D2 R B2 R' D2 R' U2 B2 D2 F L;2026-09-20 23:05:04;12.90
2511;11.86;;B2 L' B2 F2 L' F2 L' B2 L' U2 R2 U2 D' L' R U B' U2 L' B' R2;2026-09-20 23:05:42;11.86
2512;11.97;;R2 F2 U' L2 U L2 F2 L2 D' F2 D2 L B' D2 B R B L D' F2 R2;2026-09-20 23:06:06;11.97
2513;23.01;;D' B2 U' B2 R2 U2 R2 F2 U2 F2 U B' U F2 L D' B' F U2 R D;2026-09-20 23:06:37;23.01
2514;12.35;;F R D2 F' L2 R2 U2 F U2 F' L2 F' R' F' D2 R2 B D' R;2026-09-20 23:07:16;12.35
2515;13.39;;R2 D' R2 B2 F2 U' L2 D B2 F2 L2 U' L D R2 B L F2 L' F U';2026-09-20 23:07:45;13.39
2516;14.94+;;U2 R2 F' R2 D2 F2 U' B2 D' R2 F2 U2 R2 U' F L D' U2 F L D';2026-09-20 23:08:18;12.94
2517;12.36;;F' D F2 U2 F2 R2 D B2 U' L2 F2 U F' D B' L' R U' F' D2 F2;2026-09-20 23:08:55;12.36
2518;14.00;;D2 B2 F2 U F2 R2 B2 F2 D2 L2 U' B' U' L2 B' D2 L' U2 L' U';2026-09-20 23:09:22;14.00
2519;14.43;;B' R D' F U F' B' L2 U' B2 L' D2 R' U2 R F2 L' D2 L F2 R2;2026-09-20 23:10:00;14.43
2520;11.96;;R U' F' D2 U2 B' L2 F2 U2 F2 U2 F2 D' R B2 L2 D B2 F';2026-09-20 23:10:53;11.96
2521;12.73;;L' D' B2 F2 U B2 U' B2 U L2 U' R2 F2 B' L' R F2 U' B2 F' R;2026-09-20 23:11:27;12.73
2522;10.98;;R2 D2 R2 F2 D' L2 F2 D2 L2 U' B2 L' B D L' U2 L F U2 R';2026-09-20 23:12:32;10.98
2523;11.62;;R2 U R' B2 U2 F2 R' U2 L U2 R2 D2 F2 R U L' B R D R' D2;2026-09-20 23:13:04;11.62
2524;13.48;;F2 U2 R2 F2 R2 B2 D' B2 U' B2 L2 D' R' B2 R B D2 F L U;2026-09-20 23:13:38;13.48
2525;12.06;;L' U F2 D2 R2 F U2 F' U2 L2 F2 L2 F' R' B L B' R' D U;2026-09-20 23:14:13;12.06
2526;12.99;;R2 B2 R2 B2 U2 L' D2 B2 L' D2 F2 L U B' U2 L2 D' B' F L';2026-09-20 23:14:39;12.99
2527;9.03;;F' L' U2 R2 U' F2 D L2 D' B2 R2 U2 F2 R2 L D' U2 B' F L R2;2026-09-20 23:15:05;9.03
2528;10.18;;D2 L2 F2 R2 B2 D2 L2 D B2 U' B2 D F L D U L2 U2 R F D';2026-09-20 23:16:02;10.18
2529;11.53;;R' D' L2 B2 D2 F2 U R2 D2 F2 U' B' L F U2 B' U2 R F;2026-09-20 23:16:32;11.53
2530;13.22;;L F B' L D' F' R D' F2 R D2 R' U2 R' B2 R2 U2 D;2026-09-20 23:16:59;13.22
2531;20.89;;U' R2 B F' L2 R2 B U2 R2 F' U B' R B2 F' R2 U2 R' D2;2026-09-20 23:17:29;20.89
2532;11.81;;B2 U2 L2 U2 B U2 B' D2 F' R2 F L U2 R U F U F2 R2 U;2026-09-20 23:18:26;11.81
2533;13.71;;U2 R2 D' L2 R2 D' B2 L2 U' B2 U' F2 L B' U R U' F D R U2;2026-09-20 23:19:15;13.71
2534;15.42;;F R' F2 U2 L2 R2 F D2 F2 R2 F U2 B2 R B L R B U R';2026-09-20 23:19:54;15.42
2535;12.71;;D2 U2 R2 D2 B D2 U2 R2 F R2 U2 B2 R' D U2 B' D2 U B D' L2;2026-09-20 23:21:11;12.71
2536;11.70;;F2 U R F' D' F2 L2 D F R2 B' L2 B' R2 B' D2 L2 D2 U;2026-09-20 23:21:36;11.70
2537;11.57;;D2 F2 D B2 U' R2 F2 U' R2 U' F2 R2 B R2 D' F U B2 F' U;2026-09-20 23:22:03;11.57
2538;11.75;;R D2 F2 L2 B2 R2 F2 D' L2 U' B2 U F U' L' F D R' U B';2026-09-20 23:22:31;11.75
2539;19.60;;F D2 U' L2 B2 L2 U' R2 U' F2 D L B2 U2 B D F U2 R;2026-09-20 23:22:56;19.60
2540;13.53;;F' L2 F2 L2 D' B2 U' B2 L2 U R2 F2 L' D F2 D' U' F L' D';2026-09-20 23:23:29;13.53
2541;15.00;;F2 U R2 F2 U' L2 D2 R2 F2 U B U' B2 D' L B F2 D2 L2;2026-09-20 23:23:56;15.00
2542;10.63;;U' F2 U2 L2 U' F2 D' R2 U F2 L D' B' R2 D L R D;2026-09-20 23:24:24;10.63
2543;10.15;;U' B2 L2 F2 R2 D L2 U2 F2 R2 B2 F U L R' F2 U R2 B U2 B2;2026-09-20 23:24:48;10.15
2544;13.59;;D F2 D2 L' B2 L' R2 B2 U2 R D2 R D' R' U' F' L U2 L B2;2026-09-20 23:25:20;13.59
2545;11.27;;L2 U' F2 D L2 U' L2 U2 L2 U L D' U' L D' F U2 L' B2 D';2026-09-20 23:25:46;11.27
2546;11.49;;D R2 U' R2 U2 L2 U B2 D' B2 U F D2 R U' F U' B D' L2 R;2026-09-20 23:26:10;11.49
2547;12.82;;U B L2 B R2 B D2 B' U2 F' D2 L U2 B' D' B' F' R' D2 U';2026-09-20 23:26:40;12.82
2548;14.80;;U' B F2 D2 L2 R2 B U2 F' U2 R2 B2 F' D L2 B' F R B2 R' D2;2026-09-20 23:27:13;14.80
2549;13.53;;D2 L' B2 D R' U' D' B R' U F2 U2 L2 U F2 B2 D' F2 D' B2 U;2026-09-20 23:27:42;13.53
2550;12.27+;;B2 D' L2 U F2 R2 B2 D' L2 U' L2 U' B F L' B2 R' B' U B' L2;2026-09-20 23:28:23;10.27
2551;13.53;;U R2 B2 D B2 F2 D2 L2 U' L2 U' F' R' B2 L2 U L' B' D' U;2026-09-20 23:29:02;13.53
2552;12.97;;D2 F' U' B2 D' B2 F2 L2 D U2 B2 D F2 L D2 F' D2 R U L' U2;2026-09-20 23:29:30;12.97
2553;13.70;;D' U B2 F2 D' R2 B2 D L2 F2 U' R' F' U' B R2 F R' B2 F' R';2026-09-20 23:29:55;13.70
2554;12.06;;B' R' B2 R2 B2 L2 U2 B D2 F2 L2 D2 R2 U' L' U B F' U B F2;2026-09-20 23:30:23;12.06
2555;13.02;;B' R U L' U2 R2 B D' R2 F2 R2 F2 L2 B2 D' R2 D2 B2 F' U2;2026-09-20 23:30:50;13.02
2556;13.92;;F2 D2 U B2 U' L2 U L2 B2 L2 D2 B F' R' B' L' R' B' U' R' B;2026-09-20 23:31:31;13.92
2557;18.25;;F U' F2 L2 B2 U2 R2 U F2 D R2 D' B F2 L' R F D' U';2026-09-20 23:31:58;18.25
2558;11.42;;L' D2 F2 U2 R2 F U2 R2 B2 U2 R2 B U2 D' L F2 U2 R' F2 R' D';2026-09-20 23:32:38;11.42
2559;13.24;;L2 D2 B2 U R2 D B2 U2 F2 L2 U' F L D2 R U2 F' L2 U F';2026-09-20 23:33:32;13.24
2560;11.84;;B' D2 B2 R2 U' F2 L2 U' R2 U' F2 D2 B' D L F U' B2 R U';2026-09-20 23:33:59;11.84
2561;12.21;;U F B2 R2 D B2 U R2 D2 R2 F2 L2 F2 D' L' B D' B' D F D2;2026-09-20 23:34:24;12.21
2562;19.84;;L2 R2 D R2 U B2 D' L2 D B2 L2 B' R' B2 R' U' F U2 L' B';2026-09-20 23:34:50;19.84
2563;11.10;;D' U2 B' R2 F' D2 B2 L2 B' U2 B2 L2 R2 D L D' F U2 L' R2;2026-09-20 23:37:05;11.10
2564;13.92;;L2 F R' D F' R2 U R B2 L2 F' L2 F' D2 F U2 B R2 D2 F2 R';2026-09-20 23:37:30;13.92
2565;11.87;;L' D2 F2 L D2 L' D2 B2 R2 D2 R' U' F L2 D' L2 B' L2 B F';2026-09-20 23:37:56;11.87
2566;12.75;;R U D2 R' F B2 L' D' L2 U' B2 U L2 U2 F2 L2 B2 R2 D R';2026-09-20 23:38:22;12.75
2567;14.10;;L D' L' D2 R2 B2 F2 R' B2 D2 L D2 L' F2 U' L' B L R' F R2;2026-09-20 23:39:48;14.10
2568;15.16;;U' B2 R2 B2 U2 L2 U' L2 U R2 U' B U L2 R B R2 B U F2;2026-09-20 23:40:21;15.16
2569;13.14;;L' B' R2 B2 D2 L2 F2 D' L2 R2 B2 L2 D L' U' B U F2 R B' L';2026-09-20 23:41:10;13.14
2570;14.43;;L2 B U2 D B L' B2 U F2 U2 F' D2 R2 B' R2 L2 B R2 F U';2026-09-20 23:41:38;14.43
2571;13.63;;R' F2 D' F2 U L2 B R2 D2 L B2 L2 B2 U2 R' F2 U2 L' B U';2026-09-20 23:42:08;13.63
2572;13.24;;R2 U' D' B' L2 U B2 L' U' D2 F2 L2 U2 F' B' D2 B' U2 B' R2 F';2026-09-20 23:42:43;13.24
2573;DNF(15.87);;F D2 L D' F R L' U' L2 B R2 B2 R2 B2 U2 D F2 D L2 U' L2;2026-09-20 23:43:11;15.87
2574;11.08;;F2 U2 R2 D2 B' D2 L2 F L2 B' R2 F2 L' U R' U B' F' D R F;2026-09-20 23:43:48;11.08
2575;10.70;;F2 B' R F2 U B D2 F' R B' R2 B' U2 R2 U2 R2 D2 F2 U2;2026-09-20 23:44:18;10.70
2576;13.76;;U' L B U L2 U' L2 B2 L' R2 U F2 R2 L2 U2 F2 U L2 D;2026-09-20 23:44:40;13.76
2577;12.45;;F L F' U2 R2 B2 U2 R2 U2 L2 B D' F' D2 B2 R U R U2;2026-09-20 23:45:18;12.45
2578;11.67;;U2 F L U' L2 U R' U' L' U2 F2 U2 B' D2 B U2 B' R2 F' L2;2026-09-20 23:48:00;11.67
2579;12.98;;B' U F2 L B2 L' U2 R2 B2 L B2 R' B2 D' B' D' L2 D R U;2026-09-20 23:48:27;12.98
2580;12.50;;U L' B2 D L2 R2 F2 L2 D' U F2 D B D2 U2 L' U F' L';2026-09-20 23:48:53;12.50
2581;13.22;;L' D2 R2 U2 R2 B2 D' F2 L2 U F2 L2 R2 B' R U' L2 D R2 U L;2026-09-20 23:49:22;13.22
2582;14.26;;D2 R2 B' U' D F' D2 B2 L' F B2 U2 L2 B' D2 R2 F;2026-09-20 23:49:50;14.26
2583;13.03;;D F2 D' F2 L2 D F2 R2 U2 R2 D F U R2 F2 D' B' R' F' R2 F;2026-09-20 23:50:18;13.03
2584;11.63;;D' F2 D U F2 L2 U' F2 U L' B2 D' R' F R2 B2 F U2;2026-09-20 23:50:57;11.63
2585;12.75;;D' F' L2 B2 R' B2 D2 F2 R2 F2 U2 L D2 B R' F2 L' D L B F';2026-09-20 23:51:41;12.75
2586;12.72;;F L2 U' R2 F2 D F2 L2 R2 U F2 B D' R B D U2 B';2026-09-20 23:52:24;12.72
2587;11.75;;D' B' L F D2 R' D R2 B2 L' D2 B2 D2 R2 U2 R B2 L' U' F2;2026-09-20 23:52:49;11.75
2588;15.59;;L U F' D' B2 R' D' R' L B' L2 U R2 U R2 D F2 U2 D F2 B2;2026-09-20 23:53:16;15.59
2589;14.72;;U' F2 R2 F2 D' F2 L2 U' B2 R B2 D' R' F U B R' U' B2;2026-09-20 23:53:42;14.72
2590;11.88;;U2 D' B U' D B' R2 B L R2 F2 U F2 R2 D' B2 R2 D' F2 U;2026-09-20 23:54:09;11.88
2591;14.55;;R' D F2 U' L2 U B2 U' F2 D' B2 U' B2 F' D R D' B' L2 R';2026-09-20 23:54:35;14.55
2592;13.69;;D F2 B' U' L D R B U L' U' F2 B2 U B2 U2 R2 U' F2 U;2026-09-20 23:55:01;13.69
2593;12.77;;R U2 R F2 R2 U2 F2 R' F2 L' F2 U' L U R' F L B' U2 F2;2026-09-20 23:55:30;12.77
2594;15.05;;F D B' U2 F D' L' D B' U' B2 R2 F2 B2 U' B2 D B2 U B2;2026-09-20 23:55:57;15.05
2595;11.93;;L2 U' R2 U B2 U L2 B2 D R2 B2 R D2 F U' F U2 B D R B;2026-09-20 23:56:31;11.93
2596;16.04;;D' L D R2 F' L' U' R' B' U2 B2 L2 F2 U2 L' D2 L2 U2 F2 L' F2;2026-09-20 23:57:01;16.04
2597;15.26;;L B U2 B2 D2 R2 D2 F' R2 F' D2 B2 L B L2 D' F' U';2026-09-20 23:57:38;15.26
2598;12.57;;F2 R2 B' U2 R2 B L2 U2 L2 F D L R2 F R2 D R' B' F;2026-09-20 23:58:06;12.57
2599;15.41;;U2 L' D R2 L2 D' R U2 R2 B U2 L2 D2 R2 F' L2 F R2 B;2026-09-20 23:58:35;15.41
2600;15.86+;;R' D2 B U2 F2 L2 F' L2 F2 D2 F' L B2 L2 B L' R D R';2026-09-20 23:59:04;13.86
2601;13.62;;R2 D B2 R2 B2 R2 D U B2 R2 L D F U' L' U R D' L;2026-09-20 23:59:45;13.62
2602;12.57;;D2 R U2 B' D2 R2 B2 U2 F2 D2 L2 F2 U' F' D L' F L2 D' R;2026-09-21 00:00:12;12.57
2603;9.26;;F2 D' R2 B2 R2 F2 D' R2 B2 R2 F2 D2 F U R F L' F' L2 B;2026-09-21 00:00:39;9.26
2604;14.44;;B' L2 D2 F D2 B2 F R2 B' L2 D R F' D2 L' R B' L' U2;2026-09-21 00:01:33;14.44
2605;16.79;;R2 D B2 U2 R2 U' L2 D B2 U' L' B2 D F D2 B' F2 D2 L U;2026-09-21 00:01:59;16.79
2606;11.66;;U L B U2 F2 L' U F R2 F U2 F2 R2 U2 F' R2 L2 U2 R' B';2026-09-21 00:02:38;11.66
2607;13.77;;U L2 U2 B U2 R2 B F U2 R2 F R' D2 B R D2 B2 L' D;2026-09-21 00:03:07;13.77
2608;39.08;;R D2 R U2 B2 U2 F2 U2 L' B2 R2 D' L' D2 B' R F R F D;2026-09-21 00:03:50;39.08
2609;17.90;;L2 D B2 D' R2 D' B2 U' R2 D2 U' L2 F L' B2 R' F2 U' L2 B' R;2026-09-21 00:04:50;17.90
2610;14.78;;B' U2 L' D2 L2 D2 F2 R' B2 R2 D2 R F' L2 D2 L' D U' F' U';2026-09-21 00:05:39;14.78
2611;17.00;;U' B2 U' L2 D' B2 R2 U2 R2 D' B2 U' B' D U2 B L F2 R' B R';2026-09-21 00:06:12;17.00
2612;11.25;;L' D2 L F2 R2 D2 B2 R' F2 U2 R F R' D U2 B2 L' R2 F' D';2026-09-21 00:07:02;11.25
2613;11.43;;B' D2 F2 D2 U2 F' R2 F' U2 F' U2 L D2 F' U2 L2 D' B2 F';2026-09-21 00:07:39;11.43
2614;14.63;;D2 B2 L2 R B2 L2 R B2 F2 D2 R' U B' F' L B2 F' L' F' R;2026-09-21 00:08:10;14.63
2615;11.99;;L2 D U2 R' F2 R B2 L' F2 D2 L' R2 F2 U B U2 R2 F2 D;2026-09-21 00:08:39;11.99
2616;11.02;;L U' D' R D R L B D2 L2 U' F2 L2 F2 D R2 D R2 F2 U' L;2026-09-21 00:09:13;11.02
2617;12.11;;B R F2 R2 B2 U' B2 F2 R2 U' R2 U L2 U F' R' F2 D B' D R';2026-09-21 00:09:35;12.11
2618;11.49;;B' L2 B' R B2 L' U' D' B L2 D2 L F2 B2 U2 B2 L' D2 L2 B2;2026-09-21 00:10:05;11.49
2619;12.19;;F' L2 B R2 U2 R2 F L2 D2 F' R F R D' F2 U' R2 B L' R';2026-09-21 00:11:02;12.19
2620;17.61;;D L' U R' F' U D2 B R F2 U F2 L2 D F2 U' F2 D2 B2 R2 U2;2026-09-21 00:12:24;17.61
2621;DNF(11.70);;U2 B2 L2 U' R2 U R2 U' L2 D2 B2 R' B' F' L' B' F2 L' B2 D';2026-09-21 00:12:55;11.70
2622;15.14;;L F2 R2 D F2 D F2 L2 D L2 B2 F' L B2 U B2 D' U' B;2026-09-21 00:15:08;15.14
2623;12.64;;B R' U D2 B2 D2 R2 B' L2 U2 L2 U2 B F' R U' L' D U' F' L2;2026-09-21 00:15:40;12.64
2624;14.10;;B2 R B2 U2 L' D2 U2 R' U2 R' F D' U L F L U F R;2026-09-21 00:16:12;14.10
2625;11.35;;B2 D F2 U L2 F2 D2 R2 F2 U' F2 D' L' B' U L2 R' B' L2 F D2;2026-09-21 00:16:41;11.35
2626;13.93;;F2 U D2 F R2 D2 F' L2 F2 D2 L2 F' R2 D2 L D2 B' L' D R' F;2026-09-21 00:17:06;13.93
2627;11.94;;R2 D B2 L2 F L2 B' D2 U2 F D2 B U2 L' D' L' B2 D2 U F;2026-09-21 00:17:48;11.94
2628;11.49;;R' F U2 B L2 F D2 L2 F' U2 L2 U B' L B' D B R B2;2026-09-21 00:18:28;11.49
2629;14.23;;R L2 D2 R2 B2 L2 F2 D' B2 F2 D' L' F D F2 L2 B R' F2;2026-09-21 00:18:59;14.23
2630;11.94;;F2 L2 F U L B2 U2 B' R U2 B D2 F U2 L2 F D2 L2 F' D2 F;2026-09-21 00:19:31;11.94
2631;13.06;;U2 F' U2 B' L2 B L2 D2 F U2 F R D' U' B2 D2 L B2 D' R;2026-09-21 00:20:02;13.06
2632;14.58;;R2 B' U2 F' R2 B' F2 D2 B' R F' D' U2 F' U B D' B2 R2;2026-09-21 00:20:29;14.58
2633;11.81;;F L2 B2 L F2 U' R D2 F' D2 R2 B' R2 B2 R2 D2 B' L2 B U';2026-09-21 00:21:00;11.81
2634;13.06;;B2 U2 R' B2 R' D2 F2 R' B2 L' R2 F' L' B2 L' D' B2 F R2 F2;2026-09-21 00:21:26;13.06
2635;16.84;;F2 U F2 D B2 L2 U2 F2 U F2 D' U' L' B' D2 U2 B L2 F' L2 F';2026-09-21 00:21:54;16.84
2636;11.39;;D B2 D2 B2 L2 D' F2 D R2 D2 L F2 L' D2 B L2 D' B' L B';2026-09-21 00:23:25;11.39
2637;13.12;;F2 D B R2 F' D L' F' L2 B2 R' U2 D2 R U2 R' F2 R B2 U;2026-09-21 00:23:58;13.12
2638;13.11;;B2 D F2 R2 F2 U' F2 D' B2 U2 B2 R U F D R' F R2 B L;2026-09-21 00:24:26;13.11
2639;13.82;;B R2 B2 U F2 L2 U2 L2 U' F2 U2 F' D' L F R B2 D L D';2026-09-21 00:25:05;13.82
2640;14.49;;R L2 U' R2 D' F2 R2 D' B2 U2 R2 B2 R' U2 B2 U R D' R B' U;2026-09-21 00:25:36;14.49
2641;14.23;;B2 L D2 B2 R2 D2 U2 F2 R' U2 R' B' U' L D' L2 R B' F R' U;2026-09-21 00:26:10;14.23
2642;17.64;;U F U2 B2 L2 F2 L' B2 U2 R' B2 U2 L' R' U' L R' F' D2 F2 R2;2026-09-21 00:26:50;17.64
2643;12.35;;F' B2 D' R2 F U' R' L B2 D2 F L2 U2 B U2 B D2 L2 F D2 R;2026-09-21 00:27:28;12.35
2644;9.92;;R' D2 R2 U' B' R' F' L' R2 U B2 D' B2 L2 D' B2 U' F2 D2 F2 L';2026-09-21 00:28:16;9.92
2645;14.27;;B D' F2 R F' U D' R' U2 F2 L2 U2 B2 R2 B R2 B R2 F' L2;2026-09-21 00:28:53;14.27
2646;14.11;;R' U' F' L' U2 F B L B2 R2 U2 D' F2 D' F2 R2 B2 D2 B';2026-09-21 00:29:32;14.11
2647;13.33;;R' D2 R D2 R B2 U2 B2 D2 L' R D' L D' U2 R' B' L2 D L';2026-09-21 00:30:14;13.33
2648;13.31;;B2 U2 B2 L F2 R U2 L' U2 B2 R B' R' U L2 D2 L F L2;2026-09-21 00:31:29;13.31
2649;9.57;;D' L2 U R2 D2 L2 F2 D2 R2 B2 D' L' D' B U' F2 D R2 F' U2;2026-09-21 00:32:18;9.57
2650;18.79;;R2 U2 F R2 B' L2 B2 D2 F U2 F' D2 L' U' R B' L2 B2 L' F' R';2026-09-21 00:33:08;18.79
2651;13.98;;L2 B2 U F2 D' U' L2 R2 B2 D' F D2 F2 L2 R' D2 B F2 R';2026-09-21 00:34:06;13.98
2652;17.59;;F L2 U' B' R2 F' R2 B' L2 B' D2 B U2 D' L' U' B R2 U2 B2;2026-09-21 00:34:46;17.59
2653;12.97;;R D2 B L2 F' D2 U2 B' L2 F D2 L2 D' U' R U' B' D' L' U;2026-09-21 00:35:26;12.97
2654;11.65;;L U2 B2 D' R2 F2 U2 B' D' B2 L2 D2 L F2 U2 L' U2 L' F2 D2 B2;2026-09-21 00:36:36;11.65
2655;15.51;;R' B' U F2 U' R2 U' F2 U B2 U2 B2 D' R' B2 R F D' B' U';2026-09-21 00:36:59;15.51
2656;14.89;;B' R2 F' R2 U2 B2 R2 F U2 L2 R U' R' B U F D2 B2 U';2026-09-21 00:37:28;14.89
2657;12.28;;F2 U2 L' D2 B' U' F' D F' U2 L F2 L' B2 U2 R D2 B2 R F2;2026-09-21 00:38:00;12.28
2658;14.87;;R D L2 U2 L2 F2 D B2 D' L2 F2 L2 B2 F U L D L' R2 B' U';2026-09-21 00:38:28;14.87
2659;15.90;;L' B2 R2 B L2 R2 F D2 F2 U2 F' D2 U B L2 D' L' D' R F2 U2;2026-09-21 00:39:00;15.90
2660;16.00;;R F' L2 U F2 D U2 R2 U' L2 B2 D' F L' B R' B2 U2 B' U';2026-09-21 00:39:30;16.00
2661;13.94;;L2 U F2 U L2 U2 R2 B2 F2 D' B2 R2 F' L D' F D2 L U' R F;2026-09-21 00:40:21;13.94
2662;10.57;;R2 D2 R2 B L2 B' R2 D2 B' U2 F' D2 L' F D U L' D2 L2 F R;2026-09-21 00:40:50;10.57
2663;13.32;;L2 R2 U F2 R2 U L2 B2 U2 R2 F2 B' R2 D' R D L B2 F' R B;2026-09-21 00:41:16;13.32
2664;14.80;;D' B U F2 D' R' D' L2 D2 R2 F' U2 R2 F L2 F R2 L2 U' B2;2026-09-21 00:41:58;14.80
2665;13.59;;L2 R B2 L' D2 R U2 B2 F2 U2 B' F' D L2 F D' F2 D' R2;2026-09-21 00:42:39;13.59
2666;20.57;;F' L2 D' R2 D' L2 D' U R2 F2 L R F D' F L' R B' F';2026-09-21 00:43:07;20.57
2667;12.24;;D L2 B2 D' F B' D2 L D R2 D2 B2 D2 F' D2 R2 B' L2 F' U2 B2;2026-09-21 00:43:49;12.24
2668;12.92;;F' D' L2 D2 B2 D B2 L2 F2 D R2 U2 R B2 D F' R2 U2 R2 D' L;2026-09-21 00:44:20;12.92
2669;13.75;;R U2 F2 D2 U2 F2 R2 F2 L' F2 U' L2 B' U' F' R' D L D';2026-09-21 00:44:45;13.75
2670;9.97;;D' F2 U L2 F2 U F2 U' B2 U' L D' R F2 R B2 D B' D' U;2026-09-21 00:45:14;9.97
2671;25.53;;U' B2 D L2 F2 L2 D' L2 R2 D R2 D B' D' L' D2 U2 L' B' U2 R2;2026-09-21 00:46:34;25.53
2672;13.35;;B D2 B U' R2 D' R' F L2 B2 D2 F R2 L2 D2 L2 B R2 D';2026-09-21 00:47:27;13.35
2673;12.47;;R' D2 L2 F2 R F2 D2 B2 L' F2 R2 F L2 U2 B2 D' B L' F2 R';2026-09-21 00:47:58;12.47
2674;10.71;;L D' B2 L2 U' F2 R2 F2 D2 L2 D' B R' F' D' F U L' D' B2;2026-09-21 00:48:23;10.71
2675;12.48;;U L' B2 D' F2 D2 F2 R2 F2 D L2 D' L2 U2 F U L2 U R2 U2 F';2026-09-21 00:48:55;12.48
2676;10.76;;D F' R2 D R' L' F' D L B2 D2 B2 D F2 B2 D F2 D R2 F2;2026-09-21 00:49:23;10.76
2677;14.85;;U' R D2 R U2 R B2 R2 U2 B2 R D2 B' D' L' F D2 U B2 U F;2026-09-21 00:50:01;14.85
2678;13.13;;R' F' B2 U2 L' D2 B2 L F2 U2 L2 B2 U' L' B2 F' D R' B';2026-09-21 00:51:04;13.13
2679;14.63;;U2 B2 U2 F2 L2 U2 R2 B L2 B' U2 R' B R U' F R2 B' U' F;2026-09-21 00:51:30;14.63
2680;11.06;;B' L D2 U' B2 R2 D' L2 U B2 L2 F2 R2 U' B D' R U2 F U' L2;2026-09-21 00:52:03;11.06
2681;14.60;;R2 U L2 D2 F' D R L D' F' U2 L2 D2 L2 D2 B' R2 B L2 B U2;2026-09-21 00:52:31;14.60
2682;10.85;;F' D2 L2 U2 L2 B2 D L2 F2 L2 U2 L2 U' B' R' U' L2 F U L' D;2026-09-21 00:52:59;10.85
2683;10.98;;U2 F U R2 U' R F' D U2 B L2 D2 B' U2 F2 D2 F' U2 L2;2026-09-21 00:53:43;10.98
2684;15.69;;L2 R2 B' L2 F2 L2 U2 B2 U2 F D R D U B D' B' F R2 F2;2026-09-21 00:54:31;15.69
2685;13.91;;R L D F D' B2 D' B' R' F2 L2 U2 B U2 B' L2 B' L2 F2;2026-09-21 00:55:07;13.91
2686;12.83;;R' D2 F' R F B' L D L U2 R2 D F2 U F2 R2 L2 F2 R2 D;2026-09-21 00:55:34;12.83
2687;12.74;;B' D R' U R2 D F2 U2 B2 D B2 U2 F2 R2 F' R2 U F D2 R' U;2026-09-21 00:56:03;12.74
2688;13.53;;B2 L U2 B2 D2 L2 F2 U2 L U2 R' D2 F' L2 F' U R2 D2 R2 B2;2026-09-21 00:56:38;13.53
2689;13.78;;B D R D L2 U B2 L2 D2 B2 U' F2 U' F2 L' U R2 B L2 B D';2026-09-21 00:57:11;13.78
2690;14.99;;L2 D L2 R2 B2 R2 D' F2 U L U2 B' U L2 F' L2 B U2;2026-09-21 00:57:54;14.99
2691;10.52;;U' B' F2 D2 F U2 R2 B' R2 F' R2 F' L' D2 R B L' R B2 D F';2026-09-21 00:58:29;10.52
2692;10.36;;D' R2 U' R F' L2 U R' D2 R' D2 B2 L U2 D2 L F2 D2 U' R;2026-09-21 00:59:00;10.36
2693;10.87;;U2 B' U' F2 L2 R2 D2 F2 R2 D F2 R2 L' D' L' B' R2 D B' F';2026-09-21 00:59:41;10.87
2694;15.36;;F' L B' D F R F2 U' B' L2 D2 B2 L U2 R' D2 R2 F2 L' D2 U;2026-09-21 01:00:36;15.36
2695;10.03;;L' U' B2 D2 R2 D2 F2 D L2 R2 U' F2 R B D' L F2 R' U B2;2026-09-21 01:02:09;10.03
2696;12.18;;U2 D B U' D R' B F2 R2 U2 B2 D2 B2 L2 D B2 U B2 L2 B';2026-09-21 01:04:04;12.18
2697;13.64;;U2 R' U2 B2 L2 B2 D' B2 F2 L2 D' U2 L2 B2 L' B D B2 D2 R' B';2026-09-21 01:04:55;13.64
2698;13.22;;F2 D U2 F2 D R2 B2 U' F2 D B2 R2 L' F' D' U F2 R2 B D' L;2026-09-21 01:05:25;13.22
2699;11.10;;U' R B2 U2 F' D2 B' U2 F2 R2 F R2 B' D' R D F' R' U R';2026-09-21 01:06:00;11.10
2700;12.90;;D2 R U' D2 R' L' F' U2 L2 U' B2 U' B2 R2 U2 R2 U R2 F';2026-09-21 01:06:41;12.90
2701;11.90;;B D L B U2 B2 L' F U L' F2 D2 L D2 F2 L' F2 R2 B2 D2 F2;2026-09-21 01:07:10;11.90
2702;11.67;;F' L D2 F2 U2 F U2 L2 F2 U2 L2 B R2 F2 L U' L B2 F U B';2026-09-21 01:08:13;11.67
2703;13.61;;F2 R2 B2 F2 D B2 R2 U B2 R2 U2 L' R' F' U' B F' D' R B';2026-09-21 01:09:24;13.61
2704;14.56;;B2 L' B' R2 F L2 F' D F2 D2 F2 R2 L2 F' D2 B' U2 L2 B2 D2 U';2026-09-21 01:10:09;14.56
2705;15.20;;L2 R F' D2 F U2 B' R2 F L2 D' R' B2 D' F2 U2 B' F;2026-09-21 01:10:41;15.20
2706;11.88;;F L' F' U2 B D L F U' L2 D2 F' R2 L2 D2 B U2 L2 F2 L2 B';2026-09-21 01:11:20;11.88
2707;15.41;;D B U2 F2 D2 R' L U' R B L2 B D2 L2 B2 R2 B2 U2;2026-09-21 01:11:45;15.41
2708;13.80;;L2 B' D2 B' R2 F R2 B' L2 D2 R2 L' D' F' L2 U B U F' R2;2026-09-21 01:12:13;13.80
2709;14.17;;R' F2 U' D2 R F R D' R F2 U2 L F2 B2 R B2 U2 L2 F;2026-09-21 01:12:39;14.17
2710;12.94;;B' U D L U2 F R2 U2 R L2 F' U2 F' L2 F2 B' D2 F U2 R2 U2;2026-09-21 01:13:11;12.94
2711;13.80;;F D2 F B2 L2 U R' B' R U2 R B2 U2 R' D2 R2 U2 R2 F2;2026-09-21 01:13:38;13.80
2712;12.65;;D' B2 R' F2 D2 R U2 B2 R' U2 R B2 U' B D2 U2 L' B' D F;2026-09-21 01:14:21;12.65
2713;12.18;;L2 B R' B2 R2 B2 R' B2 D2 U2 R U2 L' D R D R' U F R';2026-09-21 01:15:00;12.18
2714;14.83;;R2 L2 D' R U' D L2 B L' D2 R F2 B2 U2 F2 D2 R2 F;2026-09-21 01:15:26;14.83
2715;11.68;;B' U' D B L' D R' D R2 U2 R2 F R2 D2 R2 D2 B L2 R;2026-09-21 01:15:56;11.68
2716;16.45;;U R2 F2 R2 F2 U2 R2 U2 F D2 F L2 F' L' B' F' R F' D' B L';2026-09-21 01:16:34;16.45
2717;13.05;;F2 U2 B2 F2 R' B2 D2 L' B2 L' D2 B' D L B2 F' D2 L' R2 F;2026-09-21 01:17:04;13.05
2718;13.94;;F R' F2 L2 D2 F' D2 F L2 F2 R2 D2 R2 U2 D' F2 D' B L2 R' F2;2026-09-21 01:17:32;13.94
2719;10.94;;F2 D F2 R2 D' L2 R2 B2 R2 D' L2 F' R U L B2 F L' R2 B2 U';2026-09-21 01:18:03;10.94
2720;12.52;;D R' U R B2 L' U' D2 B R F2 U2 L' F2 U2 B2 L2 B2 L2;2026-09-21 01:18:30;12.52
2721;10.78;;L B' U2 B' D R' U' B L' F2 B2 D R2 F2 U2 L2 B2 L2 U;2026-09-21 01:18:56;10.78
2722;15.48;;B U' F' D' L' U' L2 D' L' F2 R U2 F2 D2 R2 F2 R2 B2 R' U';2026-09-21 01:19:22;15.48
2723;11.60;;U2 B' D2 B' U2 L2 B D2 F' R2 F D2 R' F D U2 F' L' R2 B;2026-09-21 01:19:51;11.60
2724;14.49;;U L' U R' D2 L' D2 R' F U' L2 F2 U B2 U2 F2 U L2 B2 U2;2026-09-21 01:20:17;14.49
2725;10.74;;L2 F2 R B2 U2 R' B2 R' U2 R2 D2 F' R D F2 L2 B D' B D' F;2026-09-21 01:20:51;10.74
2726;13.19;;R2 L F R2 B L2 U R F' U' L2 U R2 D' R2 D' B2 D' R2 F2;2026-09-21 01:21:18;13.19
2727;13.22;;B L2 B D2 B2 L2 B' L2 D2 L2 F' U2 D' L D2 B' F U L B2 U;2026-09-21 01:21:45;13.22
2728;14.80;;F2 R B D2 F' R D R' D U2 B' U2 D2 F D2 L2 F2 L2 F2;2026-09-21 01:22:16;14.80
2729;13.07;;L2 B2 F2 L D2 R' B2 L F2 U2 B2 R2 D' F D' F D' R F' D' L';2026-09-21 01:22:48;13.07
2730;13.74;;R B' F2 D2 R U2 L2 U2 F2 R' U2 R2 B2 R' B R2 B D B L' D;2026-09-21 01:23:15;13.74
2731;13.19;;U' R2 F2 D B2 U2 F2 U' F2 L2 F2 L D2 U2 R2 F L2 U' F2 U B';2026-09-21 01:23:40;13.19
2732;12.56;;L' D2 L2 F' U2 F2 D2 R2 B L2 F' L2 D' F R U' R' B' U2 R2 F';2026-09-21 01:24:07;12.56
2733;16.04;;F2 U F2 L2 D2 R2 D B2 L2 B2 R2 D2 R B' F2 D R' D2 L' D2 U2;2026-09-21 01:24:44;16.04
2734;10.86;;R2 F D2 B' U2 B2 F' L2 B2 D R' B F' D2 R U2 F2 U' B;2026-09-21 01:25:14;10.86
2735;13.11;;L' D B' U L2 R2 F2 L2 D2 U F2 U' R2 F' D' R' F R2 D' L2;2026-09-21 01:25:40;13.11
2736;10.37;;F' U2 F' U2 L2 F L2 F' U2 L2 F L2 D' B2 L' U2 F U' R2 F2 D2;2026-09-21 01:26:05;10.37
2737;13.34;;D2 U2 L R2 F2 U2 L' D2 R' B2 U F D' U2 L2 B' R2 D B2;2026-09-21 01:26:34;13.34
2738;13.91;;B' F' D2 B D2 R2 F' R2 U2 L2 U2 R' D R F D2 B' F' L F;2026-09-21 01:27:32;13.91
2739;DNF(13.31);;U F B2 L2 U2 B2 U' B2 U' R2 B2 U2 B D2 F2 L' F' R2 U' B;2026-09-21 01:27:58;13.31
2740;12.39;;B2 D L2 R2 B2 D U2 F2 U L2 U' L2 F L2 R' U' L' F2 R D;2026-09-21 01:28:49;12.39
2741;13.11;;L U' R D R2 B2 D' F D2 L2 U2 B2 D B2 U2 B2 L2 R;2026-09-21 01:29:16;13.11
2742;11.25;;F U' L2 D B2 R2 F2 L2 U' F2 D R2 U L B2 R U' R B' D2 F';2026-09-21 01:29:43;11.25
2743;11.61;;B2 R' B2 R2 B2 U2 F2 D' F2 D L2 U F2 B L2 U' R D R' F' U';2026-09-21 01:30:10;11.61
2744;12.18;;L' F2 D2 R2 U L2 D' B2 D' U' R2 U B' D' F D F D L' R2;2026-09-21 01:30:37;12.18
2745;12.99;;L' D B U2 L2 U2 F2 D2 F' D2 B' U2 F' U L2 R D2 L' U2 B F';2026-09-21 01:31:10;12.99
2746;15.45;;L2 B D2 F' U2 R2 B' L2 F' U2 F D2 U' F R D2 U F U' L D;2026-09-21 01:31:39;15.45
2747;14.25;;B' L2 B U R' F2 L D' B U L2 U B2 D' L2 U' R2 L2 D';2026-09-21 01:32:08;14.25
2748;12.94;;F2 D' F2 D' B2 L2 D' U2 R2 D2 L B' D' B' F' R2 F R D' B;2026-09-21 01:32:40;12.94
2749;13.72;;L' D2 R2 B' R2 U L2 B' L' R2 F2 U2 B2 U R2 B2 L2 B2 D' B2 L2;2026-09-21 01:33:10;13.72
2750;16.03;;F2 U R2 D L2 B2 R2 U L2 D U2 F2 R' D B2 F' R D R2 B F;2026-09-21 01:33:39;16.03
2751;11.42;;F2 U' L2 U' L2 D2 R2 F2 R2 D' B2 R D2 R' D' L U' L2 U2;2026-09-21 01:34:09;11.42
2752;18.47;;L' B L' F D L2 F' R' D F2 B2 R2 B2 U2 R D2 R F2 U2 B2 R2;2026-09-21 01:34:45;18.47
2753;15.65;;D2 U2 B R2 B D2 L2 B U2 B D2 F2 D' L D' F L2 U F L' D';2026-09-21 01:35:16;15.65
2754;10.67;;D2 F2 L2 R2 D2 F2 D' R2 U R' D' L' U R2 F L2 B;2026-09-21 01:35:42;10.67
2755;13.46;;L' R2 U L2 U R2 B2 U' F2 U' R2 B2 U' L D2 B' U B2 U' L2 F;2026-09-21 01:36:07;13.46
2756;18.02;;L' D' R L F2 U R D2 R2 D2 F L2 F' B' L2 D2 F' U2 R' F;2026-09-21 01:36:35;18.02
2757;12.99;;L' F' R D B' D' L B' U2 B2 D L2 U' R2 F2 U2 F2 D' B' U;2026-09-21 01:37:08;12.99
2758;15.45;;D B2 L2 U' R L' B' L2 F2 L' B2 L' F2 L U2 B2 U2 L' U' F;2026-09-21 01:37:38;15.45
2759;13.93;;U B R2 B2 D2 L' U2 R2 D2 R B2 D2 U' B D' B D2 L2 D';2026-09-21 01:38:08;13.93
2760;15.19;;L2 D2 B' R2 B2 U' F2 U B2 F2 L2 D L2 D2 L' R2 F D' R' U L';2026-09-21 01:38:40;15.19
2761;15.18+;;D F' U F2 U F R2 F' D R' F2 R B2 L2 D2 B2 D2 L';2026-09-21 01:39:11;13.18
2762;11.86;;D' F' L2 B D2 L2 R2 B' F' L2 D' R' D F D R2 D U R';2026-09-21 01:39:42;11.86
2763;14.16;;R2 F2 U2 D R' F U2 L' U' B2 D2 L2 B2 L2 F2 D' R2 U' B2 R2;2026-09-21 01:40:07;14.16
2764;13.10;;B2 U R' D' R2 L U' B' F2 U2 F2 L2 U F2 D' B2 R2 U L2 U2 F';2026-09-21 01:40:34;13.10
2765;11.99;;R2 L D' F U F L2 B' L U2 L2 U2 R2 B R2 D2 B' R2 F2 U2;2026-09-21 01:41:01;11.99
2766;14.85;;B R' L2 U' L2 U L2 U L2 R2 D' B2 R' U2 R2 D F U R B';2026-09-21 01:41:25;14.85
2767;13.53;;B2 F2 U' R2 F2 D B2 U' L2 U B' R U2 F' U F2 R2 B F';2026-09-21 01:41:55;13.53
2768;10.74;;D F' U' L B L2 U F2 R' F2 L2 F2 L2 D L2 U' F2 B2 U' L2 U2;2026-09-21 01:42:24;10.74
2769;11.61;;L D2 R B2 D2 R U2 R' U2 L2 F' L' U' B F R';2026-09-21 01:42:46;11.61
2770;14.61;;R F2 U2 R2 U2 L2 B2 R D2 B2 R2 D' U R' D' F' U2 B L' D;2026-09-21 01:43:13;14.61
2771;13.16;;R L' B' D R2 L' U L2 B' R L2 B2 D2 B2 R' D2 L2 F2 R' F2 L';2026-09-21 01:43:54;13.16
2772;12.78;;U2 F U2 L2 U2 F2 R2 F' U2 L2 F' U2 D' L D2 U' L' R2 U B2 F';2026-09-21 01:44:25;12.78
2773;14.81;;F R2 F D2 R2 U2 B' U2 L2 F2 L' F' R' U' L R2 B' U2 F R2;2026-09-21 01:45:01;14.81
2774;13.89;;U R2 F2 U2 L2 U F2 L2 D L2 D' R' D2 B R F L' D2 R D' R;2026-09-21 01:45:38;13.89
2775;15.59;;R2 U R2 F2 R2 D' U' L2 F2 D2 F' D U2 F' L' R2 F L' D' R2;2026-09-21 01:46:13;15.59
2776;12.80;;D2 B' U2 F' R2 F R2 B R2 B2 R2 U L B2 L F L2 D2 R U;2026-09-21 01:46:49;12.80
2777;13.10;;L' D2 U2 B R2 B F2 D2 R2 B' L2 R2 F D' F' R' F2 U L F2 R2;2026-09-21 01:47:18;13.10
2778;11.03;;F L2 U2 F L2 U2 F L2 F U2 B2 U2 L U' R' D' L' U' L D' B;2026-09-21 01:47:44;11.03
2779;13.93;;L2 D' B2 L2 B2 U2 B2 D' R2 D' F2 B' R D' L2 B' R2 D' L F' U;2026-09-21 01:48:38;13.93
2780;15.26+;;B2 L R2 D2 L F2 U2 B2 U2 L' D2 U F D2 F' D B U R2 B2;2026-09-21 01:49:07;13.26
2781;12.15;;B2 L U R D2 L B' F2 U' F2 R2 D' F2 U F2 R2 F2 D' L' U;2026-09-21 01:49:37;12.15
2782;15.67;;U2 F L2 B2 R2 B' U2 R2 U2 B2 L2 U2 R' F' D' R' B D2 B;2026-09-21 01:50:03;15.67
2783;9.83;;R2 F U' L D' R' U2 B' F2 U2 R2 D' L2 B2 U2 L2 U B2 D2 R';2026-09-21 01:50:32;9.83
2784;13.63+;;R B2 D2 R B2 R2 U2 R' D2 F2 D2 R B L' B' U' L' B U' B F2;2026-09-21 01:51:21;11.63
2785;10.37;;F' B L U' F' R F' B2 U' L2 D B2 D B2 R2 B2 L2 D R';2026-09-21 01:51:55;10.37
2786;11.84;;L2 B U2 B' D2 B R2 D2 F U' L B L' R' B2 D L' F2 R2;2026-09-21 01:52:20;11.84
2787;14.00;;B F' L2 U2 B L2 D2 L2 B R2 F' U L B' L' B' R F R2 D' B2;2026-09-21 01:52:51;14.00
2788;13.36;;D2 B2 R2 F2 U2 R2 U2 L F2 U2 L' F U B' F' D L B2 U' F R;2026-09-21 01:53:26;13.36
2789;13.24;;F' D B D' R' L F' L F U2 D2 L2 B' R2 F R2 U2 R2 U2 L';2026-09-21 01:54:01;13.24
2790;13.56;;B R2 U L2 F2 U R2 U2 B2 U L2 U2 R D U L D B D2 L' D;2026-09-21 01:54:28;13.56
2791;11.99;;R B2 D' F2 U L2 B2 D' B2 D' U2 B2 F R2 B2 U F R' B' R' D';2026-09-21 01:54:57;11.99
2792;12.33;;F' B2 R U2 R B2 U2 L2 B2 R F2 U2 R2 D' L' U2 F2 L2 B' U L';2026-09-21 01:55:26;12.33
2793;12.85;;B' R' U B2 R L' U' L B' U' F2 U2 R2 U' F2 R2 L2 D R2 L2 B2;2026-09-21 01:56:04;12.85
2794;12.23;;U D2 L2 D2 L D B' D2 F' D2 R2 D2 B2 R B2 L' U2 R2;2026-09-21 01:56:31;12.23
2795;11.38;;U2 R2 D' L2 D' B2 U L2 R2 B2 R' D' U' L' B D B D2 R2 D';2026-09-21 01:57:04;11.38
2796;12.22;;R' U R U' L' B D' R' F2 L U2 F2 B2 L' U2 R' F2 R2 F2 U';2026-09-21 01:57:34;12.22
2797;18.43;;U2 B U2 L2 F2 L2 R2 F D2 F L' U' R' D' R2 F' D2 U' L' U';2026-09-21 01:57:59;18.43
2798;13.54;;D2 F2 D B U F D F2 D2 R' B2 R' U2 B2 R' U2 B2 R2 D2 U' R;2026-09-21 01:58:30;13.54
2799;11.46;;B2 L F L2 F L B R2 D2 R2 D2 B2 L2 B2 U L2 U L' D2;2026-09-21 01:58:59;11.46
2800;12.10;;U B L' F2 R F2 R' F2 L' B2 D2 R2 B U2 B L D' U' R' U';2026-09-21 01:59:23;12.10
2801;13.19;;D' B' U2 B' U2 F' L2 B' U2 B D2 L D L F' L2 B L' B';2026-09-21 01:59:46;13.19
2802;13.59;;R U' B U2 B R2 D2 L2 D2 F R2 F2 L D2 U F' R' B' D2;2026-09-21 02:00:17;13.59
2803;13.27;;U' R2 F2 U B2 F2 D2 L2 U' B2 L2 U F R U' B' U2 F R2 F2 L';2026-09-21 02:00:51;13.27
